{"stats":{"minecraft:killed":{"minecraft:spider":4,"minecraft:skeleton":7,"facelesssteve:facelesszombie":2,"minecraft:rabbit":2,"minecraft:creeper":3,"minecraft:polar_bear":2,"minecraft:sheep":1,"minecraft:goat":2,"minecraft:zombie":16,"minecraft:mooshroom":2,"minecraft:stray":3},"minecraft:picked_up":{"minecraft:wooden_axe":5,"minecraft:birch_door":2,"minecraft:iron_chestplate":7,"minecraft:crafting_table":1,"minecraft:ladder":6,"minecraft:clay_ball":160,"minecraft:diamond_sword":1,"minecraft:wooden_pickaxe":1,"minecraft:diorite_slab":8,"minecraft:shield":3,"minecraft:amethyst_block":141,"minecraft:flint_and_steel":1,"minecraft:string":13,"minecraft:iron_axe":8,"minecraft:raw_copper":283,"minecraft:iron_leggings":3,"minecraft:iron_shovel":2,"minecraft:deepslate_tiles":66,"minecraft:candle":2,"minecraft:cobbled_deepslate":231,"minecraft:bucket":3,"minecraft:spruce_planks":330,"minecraft:beef":3,"minecraft:cobblestone_slab":47,"minecraft:calcite":203,"minecraft:azalea":2,"minecraft:wooden_shovel":13,"minecraft:iron_pickaxe":15,"minecraft:melon_slice":45,"minecraft:chest":53,"minecraft:birch_sapling":10,"minecraft:orange_dye":6,"minecraft:furnace":2,"minecraft:iron_boots":3,"minecraft:raw_copper_block":9,"minecraft:egg":4,"minecraft:golden_helmet":3,"minecraft:tipped_arrow":1,"minecraft:dark_oak_sapling":14,"minecraft:stick":43,"minecraft:raw_iron":85,"minecraft:raw_gold_block":4,"minecraft:copper_ingot":11,"minecraft:birch_trapdoor":2,"minecraft:torch":15,"minecraft:music_disc_mellohi":1,"minecraft:amethyst_cluster":3,"minecraft:diorite":84,"minecraft:dark_oak_planks":2,"minecraft:stone_shovel":14,"minecraft:arrow":182,"minecraft:rotten_flesh":44,"minecraft:music_disc_ward":1,"minecraft:deepslate_bricks":116,"minecraft:gold_ingot":3,"minecraft:white_terracotta":16,"minecraft:white_wool":1,"minecraft:cod":2,"minecraft:snowball":678,"minecraft:rail":6,"minecraft:cobblestone":317,"minecraft:birch_log":85,"minecraft:feather":42,"minecraft:golden_carrot":10,"minecraft:salmon":2,"minecraft:water_bucket":3,"minecraft:andesite":78,"minecraft:fox_spawn_egg":1,"minecraft:leather":3,"minecraft:powder_snow_bucket":2,"minecraft:red_mushroom":4,"minecraft:potato":1,"minecraft:birch_planks":322,"minecraft:ice":2,"minecraft:flint":10,"minecraft:crimson_fungus":3,"minecraft:tuff":59,"minecraft:oak_log":125,"minecraft:gunpowder":11,"minecraft:deepslate_tile_slab":1,"minecraft:lapis_lazuli":280,"minecraft:map":1,"minecraft:dirt":409,"minecraft:paper":2,"minecraft:leather_boots":7,"minecraft:bone":40,"minecraft:apple":13,"minecraft:bow":11,"minecraft:gray_terracotta":8,"minecraft:wheat_seeds":18,"minecraft:raw_gold":46,"minecraft:cobbled_deepslate_slab":17,"minecraft:rabbit_hide":4,"minecraft:iron_ingot":13,"minecraft:music_disc_far":1,"minecraft:stone_pickaxe":7,"minecraft:oak_planks":102,"minecraft:glow_lichen":18,"minecraft:smooth_basalt":54,"minecraft:pumpkin":3,"minecraft:budding_amethyst":2,"minecraft:raw_iron_block":2,"minecraft:dripstone_block":10,"minecraft:gravel":198,"minecraft:ink_sac":3,"minecraft:spruce_sapling":4,"minecraft:leather_helmet":6,"minecraft:granite_slab":140,"minecraft:spruce_log":44,"minecraft:dark_oak_log":53,"minecraft:spider_eye":1,"minecraft:iron_hoe":5,"minecraft:pumpkin_seeds":1,"minecraft:blue_terracotta":3,"minecraft:white_concrete_powder":17,"minecraft:diamond":12,"minecraft:stone_axe":10,"minecraft:writable_book":3,"minecraft:iron_helmet":3,"minecraft:granite":91,"minecraft:blue_ice":1,"minecraft:bone_meal":40,"minecraft:spruce_button":8,"minecraft:terracotta":31,"minecraft:oak_sapling":5,"minecraft:coal":66,"minecraft:andesite_slab":20,"minecraft:diamond_pickaxe":6},"minecraft:dropped":{"minecraft:diamond":1,"minecraft:dark_oak_sapling":1,"minecraft:red_mushroom":1,"minecraft:wooden_axe":1,"minecraft:melon_slice":1,"minecraft:snowball":34,"minecraft:iron_leggings":1,"minecraft:bone":18,"minecraft:rotten_flesh":11,"minecraft:oak_planks":1,"minecraft:azalea":1,"minecraft:wooden_shovel":3,"minecraft:arrow":64},"minecraft:broken":{"minecraft:leather_helmet":1,"minecraft:wooden_shovel":1,"minecraft:stone_pickaxe":2,"minecraft:iron_axe":1,"minecraft:leather_boots":1,"minecraft:stone_axe":2,"minecraft:iron_pickaxe":2,"minecraft:wooden_axe":1,"minecraft:stone_shovel":1},"minecraft:mined":{"minecraft:dark_oak_planks":2,"minecraft:deepslate_tiles":31,"minecraft:diamond_ore":4,"minecraft:tuff":39,"minecraft:spruce_planks":2,"minecraft:deepslate_diamond_ore":2,"minecraft:candle":2,"minecraft:dark_oak_log":32,"minecraft:granite":59,"minecraft:cobbled_deepslate_slab":6,"minecraft:budding_amethyst":21,"minecraft:grass_block":157,"minecraft:deepslate_bricks":57,"minecraft:white_concrete_powder":10,"minecraft:diorite_slab":1,"minecraft:raw_iron_block":1,"minecraft:furnace":2,"minecraft:raw_gold_block":4,"minecraft:iron_ore":32,"minecraft:cobbled_deepslate":9,"minecraft:fire":154,"minecraft:andesite":39,"minecraft:pumpkin":3,"minecraft:deepslate_lapis_ore":16,"minecraft:granite_slab":9,"minecraft:dirt_path":3,"minecraft:deepslate_iron_ore":31,"minecraft:cobblestone_slab":8,"minecraft:packed_ice":23,"minecraft:stone":172,"minecraft:podzol":25,"minecraft:gray_terracotta":5,"minecraft:snow_block":81,"minecraft:deepslate_tile_slab":1,"minecraft:torch":1,"minecraft:powder_snow":15,"minecraft:clay":23,"minecraft:crafting_table":1,"minecraft:calcite":74,"minecraft:melon":8,"minecraft:chest":36,"minecraft:andesite_slab":5,"minecraft:copper_ore":33,"minecraft:cobblestone":4,"minecraft:deepslate_coal_ore":21,"minecraft:deepslate_gold_ore":26,"minecraft:oak_planks":28,"minecraft:diorite":55,"minecraft:wall_torch":3,"minecraft:amethyst_block":69,"minecraft:deepslate_copper_ore":32,"minecraft:birch_sapling":2,"minecraft:white_terracotta":13,"minecraft:birch_planks":16,"minecraft:blue_terracotta":1,"minecraft:birch_door":2,"minecraft:birch_log":39,"minecraft:blue_ice":18,"minecraft:birch_trapdoor":1,"minecraft:birch_leaves":2,"minecraft:spruce_log":30,"minecraft:oak_log":89,"minecraft:coal_ore":17,"minecraft:gravel":89,"minecraft:dripstone_block":9,"minecraft:dirt":116,"minecraft:smooth_basalt":35,"minecraft:terracotta":15,"minecraft:raw_copper_block":5,"minecraft:gold_ore":4,"minecraft:oak_leaves":8,"minecraft:deepslate":136},"minecraft:used":{"minecraft:flint_and_steel":3,"minecraft:stone_shovel":169,"minecraft:ladder":3,"minecraft:chest":32,"minecraft:spruce_planks":9,"minecraft:shield":5,"minecraft:white_terracotta":6,"minecraft:wooden_shovel":181,"minecraft:rotten_flesh":6,"minecraft:oak_door":3,"minecraft:iron_chestplate":2,"minecraft:torch":21,"minecraft:dirt":92,"minecraft:deepslate_tile_slab":35,"minecraft:tuff":4,"minecraft:granite":5,"minecraft:snowball":197,"minecraft:dark_oak_planks":6,"minecraft:birch_door":3,"minecraft:wooden_axe":89,"minecraft:iron_axe":191,"minecraft:iron_boots":3,"minecraft:smooth_basalt":15,"minecraft:birch_trapdoor":2,"minecraft:golden_carrot":5,"minecraft:bow":16,"minecraft:furnace":3,"minecraft:cobbled_deepslate":3,"minecraft:powder_snow_bucket":1,"minecraft:calcite":9,"minecraft:water_bucket":6,"minecraft:amethyst_block":1,"minecraft:diorite":1,"minecraft:snow_block":1,"minecraft:birch_planks":149,"minecraft:stone_pickaxe":377,"minecraft:oak_planks":222,"minecraft:andesite_slab":81,"minecraft:wooden_pickaxe":55,"minecraft:fox_spawn_egg":1,"minecraft:leather_boots":2,"minecraft:cobblestone_slab":211,"minecraft:salmon":2,"minecraft:golden_apple":2,"minecraft:terracotta":5,"minecraft:crafting_table":4,"minecraft:gray_terracotta":4,"minecraft:diamond_pickaxe":39,"minecraft:apple":1,"minecraft:dark_oak_log":4,"minecraft:iron_pickaxe":776,"minecraft:leather_helmet":1,"minecraft:gravel":11,"minecraft:stone_axe":191,"minecraft:granite_slab":110,"minecraft:diamond_sword":40,"minecraft:cobbled_deepslate_slab":67,"minecraft:cobblestone":4,"minecraft:andesite":2,"minecraft:bucket":7,"minecraft:candle":3,"minecraft:diorite_slab":96},"minecraft:custom":{"minecraft:mob_kills":50,"minecraft:animals_bred":1,"minecraft:interact_with_crafting_table":96,"minecraft:leave_game":16,"minecraft:time_since_death":4105,"minecraft:climb_one_cm":6408,"minecraft:damage_resisted":10,"minecraft:sprint_one_cm":364136,"minecraft:damage_blocked_by_shield":178,"minecraft:walk_one_cm":443091,"minecraft:drop":23,"minecraft:play_time":211983,"minecraft:sneak_time":59023,"minecraft:deaths":32,"minecraft:walk_under_water_one_cm":13041,"minecraft:jump":1115,"minecraft:walk_on_water_one_cm":2644,"minecraft:total_world_time":211983,"minecraft:interact_with_furnace":50,"minecraft:time_since_rest":4154,"minecraft:damage_taken":9377,"minecraft:damage_absorbed":40,"minecraft:damage_dealt":15739,"minecraft:player_kills":1,"minecraft:swim_one_cm":19590,"minecraft:fly_one_cm":134004,"minecraft:open_chest":414,"minecraft:crouch_one_cm":150614,"minecraft:fall_one_cm":11601},"minecraft:crafted":{"minecraft:cobbled_deepslate_slab":78,"minecraft:oak_door":3,"minecraft:oak_planks":244,"minecraft:raw_iron":18,"minecraft:cobblestone_slab":210,"minecraft:stone_shovel":5,"minecraft:spruce_button":4,"minecraft:furnace":1,"minecraft:flint_and_steel":1,"minecraft:ladder":6,"minecraft:stone_pickaxe":4,"minecraft:birch_door":3,"minecraft:dark_oak_planks":8,"minecraft:diamond_sword":1,"minecraft:arrow":4,"minecraft:crafting_table":3,"minecraft:spruce_planks":40,"minecraft:wooden_pickaxe":2,"minecraft:copper_ingot":10,"minecraft:leather_helmet":1,"minecraft:birch_planks":164,"minecraft:stone_axe":5,"minecraft:air":0,"minecraft:golden_apple":2,"minecraft:diamond_pickaxe":1,"minecraft:stick":76,"minecraft:andesite_slab":78,"minecraft:iron_pickaxe":3,"minecraft:iron_ingot":42,"minecraft:birch_trapdoor":2,"minecraft:wooden_axe":3,"minecraft:snow_block":4,"minecraft:gold_ingot":17,"minecraft:iron_leggings":1,"minecraft:torch":16,"minecraft:diorite_slab":90,"minecraft:granite_slab":126,"minecraft:deepslate_tile_slab":36},"minecraft:killed_by":{"minecraft:player":4,"minecraft:spider":1,"jacky:jacky":6,"mimicer:mimicer":3,"vivilly_dweller:vivilly_dweller":1,"man:managgresive":1,"skinwalker_overhaul:skinwalker_overhaul":5,"minecraft:skeleton":1,"torture:torture":2,"krampus:krampus":1}},"DataVersion":3120}