{"stats":{"minecraft:custom":{"minecraft:mob_kills":35,"minecraft:interact_with_crafting_table":22,"minecraft:damage_dealt_resisted":22,"minecraft:leave_game":2,"minecraft:time_since_death":255,"minecraft:climb_one_cm":2009,"minecraft:damage_resisted":8,"minecraft:sprint_one_cm":628126,"minecraft:walk_one_cm":294448,"minecraft:drop":36,"minecraft:damage_dealt_absorbed":79,"minecraft:play_time":97421,"minecraft:deaths":27,"minecraft:sneak_time":6065,"minecraft:walk_under_water_one_cm":325,"minecraft:jump":2925,"minecraft:walk_on_water_one_cm":1039,"minecraft:total_world_time":97421,"minecraft:interact_with_furnace":8,"minecraft:sleep_in_bed":18,"minecraft:time_since_rest":302,"minecraft:damage_taken":8384,"minecraft:damage_dealt":9974,"minecraft:swim_one_cm":8781,"minecraft:fly_one_cm":1261239,"minecraft:player_kills":5,"minecraft:open_chest":20,"minecraft:crouch_one_cm":45184,"minecraft:fall_one_cm":86235},"minecraft:crafted":{"minecraft:wooden_sword":1,"minecraft:oak_planks":32,"minecraft:furnace":2,"sanitydim:garland":3,"minecraft:cooked_mutton":14,"travelersbackpack:white_sleeping_bag":1,"minecraft:chest":1,"minecraft:cooked_beef":2,"minecraft:crafting_table":3,"minecraft:spruce_planks":4,"minecraft:birch_planks":56,"minecraft:stone_axe":2,"minecraft:air":0,"minecraft:stick":8,"minecraft:wooden_axe":1,"minecraft:stone_sword":1,"minecraft:torch":4,"minecraft:birch_stairs":12},"minecraft:used":{"minecraft:stone_sword":114,"minecraft:chest":1,"minecraft:spruce_planks":2,"minecraft:rotten_flesh":6,"minecraft:torch":7,"sanitydim:garland":1,"minecraft:wooden_axe":25,"minecraft:birch_sapling":3,"minecraft:furnace":2,"minecraft:cooked_beef":2,"minecraft:potato":3,"minecraft:cooked_mutton":14,"minecraft:birch_planks":16,"minecraft:oak_planks":6,"minecraft:blue_bed":4,"minecraft:crafting_table":4,"minecraft:bread":13,"minecraft:iron_pickaxe":81,"travelersbackpack:pumpkin":2,"minecraft:stone_axe":46,"minecraft:wooden_sword":63,"minecraft:cobblestone":5,"minecraft:purple_bed":4,"minecraft:birch_log":22,"minecraft:birch_stairs":4},"minecraft:broken":{"minecraft:leather_leggings":1,"sanitydim:garland":2,"minecraft:leather_chestplate":1,"minecraft:stone_axe":1,"minecraft:wooden_sword":1,"minecraft:leather_boots":1,"minecraft:wooden_axe":1},"minecraft:killed":{"minecraft:spider":1,"minecraft:skeleton":3,"minecraft:chicken":3,"minecraft:pig":5,"minecraft:sheep":14,"minecraft:pillager":4,"minecraft:zombie":3,"endofherobrine:sheep":2,"minecraft:cow":1},"minecraft:mined":{"minecraft:spruce_planks":2,"iceandfire:silver_ore":1,"gravestone:gravestone":23,"minecraft:grass_block":1,"minecraft:spruce_sapling":1,"biomesoplenty:violet":5,"minecraft:moss_carpet":1,"minecraft:pumpkin":2,"minecraft:azure_bluet":2,"minecraft:stone":48,"biomesoplenty:spider_egg":1,"minecraft:lily_of_the_valley":1,"minecraft:dandelion":16,"minecraft:crafting_table":1,"minecraft:torch":5,"minecraft:poppy":5,"minecraft:rose_bush":1,"minecraft:tall_grass":1,"biomesoplenty:sprout":9,"minecraft:oak_planks":2,"minecraft:sugar_cane":3,"minecraft:blue_bed":4,"minecraft:wall_torch":1,"minecraft:birch_sapling":8,"minecraft:purple_bed":4,"minecraft:birch_planks":12,"minecraft:birch_log":3,"minecraft:lilac":11,"minecraft:orange_tulip":6,"minecraft:grass":30,"biomesoplenty:clover":2,"minecraft:oak_log":8,"minecraft:coal_ore":30,"minecraft:dripstone_block":1,"minecraft:sunflower":5,"minecraft:fern":17},"minecraft:dropped":{"minecraft:wheat_seeds":12,"biomesoplenty:violet":5,"minecraft:mutton":1,"minecraft:rose_bush":1,"gravestone:obituary":20,"minecraft:sunflower":5,"minecraft:white_wool":1,"minecraft:blue_bed":1,"minecraft:spruce_sapling":1,"minecraft:moss_carpet":1,"minecraft:pointed_dripstone":1,"minecraft:azure_bluet":2,"travelersbackpack:pumpkin":1,"minecraft:poppy":1,"minecraft:potato":1,"sanitydim:garland":1},"minecraft:killed_by":{"midnightlurker:midnight_lurker_backturned":1,"minecraft:player":4,"the_anomaly:anomaly_attack_crawl":1,"the_anomaly:anomaly_attack":4,"old_goatman:old_goatman":2,"the_rake:the_rake":3,"endofherobrine:sheep":1,"sanitydim:rotting_stalker":1,"the_mangle:the_mangle":1,"mimicer:mimicer":2,"midnightlurker:void_hands":1,"man:managgresive":1,"sanitydim:sneaking_terror":1,"apollyon:the_damned":1,"minecraft:skeleton":2,"midnightlurker:midnight_lurker_unprovoked":1},"minecraft:picked_up":{"minecraft:crafting_table":1,"minecraft:azure_bluet":2,"minecraft:chicken":3,"biomesoplenty:violet":5,"gravestone:obituary":9,"minecraft:string":2,"minecraft:moss_carpet":1,"minecraft:spruce_planks":2,"minecraft:beef":2,"minecraft:rose_bush":1,"minecraft:poppy":5,"minecraft:sugar_cane":6,"minecraft:birch_sapling":28,"minecraft:stick":9,"minecraft:torch":6,"iceandfire:silver_ore":1,"minecraft:porkchop":10,"minecraft:pointed_dripstone":1,"minecraft:arrow":5,"minecraft:rotten_flesh":11,"minecraft:mutton":24,"minecraft:white_wool":12,"minecraft:cobblestone":48,"minecraft:birch_log":90,"minecraft:feather":3,"minecraft:lilac":9,"minecraft:leather":1,"minecraft:potato":1,"minecraft:birch_planks":12,"minecraft:oak_log":8,"sanitydim:garland":1,"minecraft:blue_bed":5,"minecraft:white_banner":2,"minecraft:bone":4,"minecraft:wheat_seeds":19,"minecraft:orange_tulip":6,"minecraft:oak_planks":2,"minecraft:pumpkin":2,"minecraft:dandelion":15,"minecraft:dripstone_block":1,"minecraft:spruce_sapling":2,"minecraft:spruce_log":24,"minecraft:lily_of_the_valley":1,"minecraft:purple_bed":4,"travelersbackpack:pumpkin":1,"minecraft:black_wool":2,"minecraft:coal":30,"minecraft:sunflower":5}},"DataVersion":3120}