{"stats":{"minecraft:custom":{"minecraft:interact_with_furnace":8,"minecraft:mob_kills":31,"minecraft:interact_with_crafting_table":21,"minecraft:damage_dealt_resisted":22,"minecraft:time_since_death":161,"minecraft:leave_game":2,"minecraft:sleep_in_bed":15,"minecraft:climb_one_cm":1517,"minecraft:damage_resisted":8,"minecraft:time_since_rest":190,"minecraft:sprint_one_cm":524173,"minecraft:damage_taken":6374,"minecraft:walk_one_cm":259163,"minecraft:drop":26,"minecraft:damage_dealt":8822,"minecraft:damage_dealt_absorbed":79,"minecraft:swim_one_cm":8781,"minecraft:fly_one_cm":1065000,"minecraft:player_kills":5,"minecraft:open_chest":17,"minecraft:crouch_one_cm":38420,"minecraft:play_time":85421,"minecraft:deaths":20,"minecraft:sneak_time":5131,"minecraft:walk_under_water_one_cm":325,"minecraft:jump":2433,"minecraft:walk_on_water_one_cm":928,"minecraft:total_world_time":85421,"minecraft:fall_one_cm":69250},"minecraft:crafted":{"minecraft:cooked_beef":2,"minecraft:wooden_sword":1,"minecraft:oak_planks":32,"minecraft:crafting_table":3,"minecraft:spruce_planks":4,"minecraft:furnace":2,"minecraft:birch_planks":56,"sanitydim:garland":3,"minecraft:stone_axe":2,"minecraft:cooked_mutton":14,"minecraft:air":0,"travelersbackpack:white_sleeping_bag":1,"minecraft:stick":8,"minecraft:wooden_axe":1,"minecraft:stone_sword":1,"minecraft:chest":1,"minecraft:torch":4,"minecraft:birch_stairs":12},"minecraft:used":{"minecraft:cooked_mutton":14,"minecraft:stone_sword":94,"minecraft:birch_planks":16,"minecraft:oak_planks":6,"minecraft:spruce_planks":1,"minecraft:chest":1,"minecraft:blue_bed":4,"minecraft:torch":7,"sanitydim:garland":1,"minecraft:crafting_table":4,"minecraft:wooden_axe":25,"minecraft:bread":13,"minecraft:birch_sapling":3,"minecraft:iron_pickaxe":74,"minecraft:stone_axe":46,"minecraft:wooden_sword":63,"minecraft:purple_bed":4,"minecraft:furnace":2,"minecraft:birch_log":22,"minecraft:cooked_beef":1,"minecraft:potato":3,"minecraft:birch_stairs":4},"minecraft:broken":{"minecraft:wooden_sword":1,"minecraft:leather_boots":1,"minecraft:stone_axe":1,"minecraft:leather_leggings":1,"minecraft:wooden_axe":1,"sanitydim:garland":2,"minecraft:leather_chestplate":1},"minecraft:killed":{"minecraft:pig":5,"minecraft:spider":1,"minecraft:sheep":14,"minecraft:skeleton":3,"minecraft:pillager":2,"minecraft:chicken":3,"endofherobrine:sheep":2,"minecraft:cow":1},"minecraft:mined":{"minecraft:spruce_planks":2,"iceandfire:silver_ore":1,"minecraft:lily_of_the_valley":1,"minecraft:dandelion":16,"minecraft:crafting_table":1,"minecraft:torch":5,"gravestone:gravestone":18,"minecraft:grass_block":1,"minecraft:poppy":5,"minecraft:rose_bush":1,"minecraft:tall_grass":1,"biomesoplenty:sprout":9,"minecraft:sugar_cane":3,"minecraft:oak_planks":2,"minecraft:wall_torch":1,"minecraft:blue_bed":4,"minecraft:birch_sapling":8,"minecraft:birch_planks":12,"minecraft:purple_bed":4,"minecraft:spruce_sapling":1,"minecraft:birch_log":3,"minecraft:lilac":11,"biomesoplenty:violet":5,"minecraft:pumpkin":2,"minecraft:moss_carpet":1,"minecraft:orange_tulip":5,"minecraft:azure_bluet":2,"minecraft:grass":30,"biomesoplenty:clover":2,"minecraft:coal_ore":24,"minecraft:oak_log":8,"minecraft:sunflower":5,"biomesoplenty:spider_egg":1,"minecraft:stone":48,"minecraft:fern":17},"minecraft:dropped":{"minecraft:moss_carpet":1,"minecraft:wheat_seeds":12,"minecraft:azure_bluet":2,"biomesoplenty:violet":5,"minecraft:poppy":1,"minecraft:potato":1,"sanitydim:garland":1,"minecraft:mutton":1,"minecraft:rose_bush":1,"gravestone:obituary":13,"minecraft:sunflower":5,"minecraft:spruce_sapling":1,"minecraft:blue_bed":1},"minecraft:killed_by":{"midnightlurker:void_hands":1,"man:managgresive":1,"sanitydim:sneaking_terror":1,"apollyon:the_damned":1,"midnightlurker:midnight_lurker_backturned":1,"minecraft:player":4,"the_anomaly:anomaly_attack":2,"old_goatman:old_goatman":2,"the_rake:the_rake":3,"endofherobrine:sheep":1,"the_mangle:the_mangle":1,"mimicer:mimicer":1,"midnightlurker:midnight_lurker_unprovoked":1},"minecraft:picked_up":{"minecraft:birch_log":90,"minecraft:crafting_table":1,"minecraft:feather":3,"minecraft:azure_bluet":2,"minecraft:lilac":9,"minecraft:chicken":3,"minecraft:leather":1,"minecraft:potato":1,"minecraft:birch_planks":12,"biomesoplenty:violet":5,"minecraft:oak_log":8,"gravestone:obituary":5,"sanitydim:garland":1,"minecraft:white_banner":1,"minecraft:string":1,"minecraft:blue_bed":5,"minecraft:moss_carpet":1,"minecraft:bone":4,"minecraft:orange_tulip":5,"minecraft:wheat_seeds":19,"minecraft:spruce_planks":2,"minecraft:beef":2,"minecraft:rose_bush":1,"minecraft:poppy":5,"minecraft:oak_planks":2,"minecraft:sugar_cane":6,"minecraft:birch_sapling":28,"minecraft:stick":9,"minecraft:pumpkin":2,"minecraft:dandelion":15,"minecraft:torch":6,"iceandfire:silver_ore":1,"minecraft:porkchop":10,"minecraft:spruce_sapling":2,"minecraft:lily_of_the_valley":1,"minecraft:spruce_log":24,"minecraft:arrow":4,"minecraft:purple_bed":4,"minecraft:black_wool":2,"minecraft:mutton":24,"minecraft:coal":24,"minecraft:white_wool":12,"minecraft:cobblestone":47,"minecraft:sunflower":5}},"DataVersion":3120}