{"stats":{"minecraft:dropped":{"minecraft:iron_sword":1,"minecraft:lapis_lazuli":18,"minecraft:diamond":11,"minecraft:dark_oak_sapling":1,"minecraft:dark_oak_button":104,"minecraft:red_mushroom":2,"minecraft:snowball":34,"minecraft:iron_pickaxe":1,"minecraft:birch_log":1,"minecraft:bone":20,"minecraft:rotten_flesh":12,"minecraft:oak_planks":1,"minecraft:azalea":1,"minecraft:arrow":66,"minecraft:cobblestone":1,"minecraft:feather":4,"minecraft:wooden_axe":1,"minecraft:melon_slice":1,"minecraft:iron_leggings":2,"minecraft:iron_axe":2,"minecraft:string":2,"minecraft:iron_boots":2,"minecraft:flint_and_steel":1,"minecraft:shield":1,"minecraft:oak_sapling":5,"minecraft:wooden_shovel":3,"minecraft:bow":1},"minecraft:custom":{"minecraft:animals_bred":1,"minecraft:interact_with_crafting_table":103,"minecraft:leave_game":21,"minecraft:time_since_death":7761,"minecraft:damage_resisted":10,"minecraft:sprint_one_cm":465993,"minecraft:damage_blocked_by_shield":2105,"minecraft:drop":46,"minecraft:play_time":286108,"minecraft:deaths":46,"minecraft:jump":1590,"minecraft:walk_on_water_one_cm":3390,"minecraft:interact_with_furnace":55,"minecraft:damage_dealt":23043,"minecraft:player_kills":4,"minecraft:crouch_one_cm":170118,"minecraft:mob_kills":63,"minecraft:damage_dealt_resisted":105,"minecraft:climb_one_cm":9504,"minecraft:walk_one_cm":624903,"minecraft:sneak_time":64954,"minecraft:walk_under_water_one_cm":15156,"minecraft:total_world_time":286108,"minecraft:time_since_rest":7791,"minecraft:damage_taken":13208,"minecraft:damage_absorbed":40,"minecraft:swim_one_cm":28564,"minecraft:fly_one_cm":178898,"minecraft:open_chest":567,"minecraft:fall_one_cm":16701},"minecraft:crafted":{"minecraft:oak_planks":244,"minecraft:cobblestone_slab":210,"minecraft:cooked_chicken":1,"minecraft:chest":2,"minecraft:birch_door":3,"minecraft:arrow":4,"minecraft:crafting_table":3,"minecraft:spruce_planks":60,"minecraft:wooden_pickaxe":2,"minecraft:copper_ingot":10,"minecraft:birch_planks":180,"minecraft:diamond_pickaxe":1,"minecraft:stick":100,"minecraft:iron_ingot":42,"minecraft:iron_pickaxe":3,"minecraft:stone_sword":1,"minecraft:snow_block":5,"minecraft:gold_ingot":17,"minecraft:spruce_fence_gate":2,"minecraft:deepslate_tile_slab":36,"minecraft:cobbled_deepslate_slab":78,"minecraft:oak_door":3,"minecraft:raw_iron":18,"minecraft:stone_shovel":5,"minecraft:spruce_button":4,"minecraft:furnace":1,"minecraft:spruce_fence":9,"minecraft:flint_and_steel":1,"minecraft:iron_axe":1,"minecraft:ladder":6,"minecraft:spruce_slab":18,"minecraft:stone_pickaxe":4,"minecraft:dark_oak_planks":64,"minecraft:diamond_sword":1,"minecraft:leather_helmet":1,"minecraft:dark_oak_button":52,"minecraft:stone_axe":5,"minecraft:air":0,"minecraft:golden_apple":2,"minecraft:andesite_slab":78,"minecraft:wooden_axe":3,"minecraft:birch_trapdoor":2,"minecraft:iron_leggings":1,"minecraft:torch":16,"minecraft:diorite_slab":90,"minecraft:granite_slab":126},"minecraft:killed":{"minecraft:spider":9,"minecraft:skeleton":10,"facelesssteve:facelesszombie":3,"minecraft:chicken":2,"krampus:krampus":1,"minecraft:creeper":3,"minecraft:sheep":1,"minecraft:goat":2,"minecraft:zombie":17,"minecraft:mooshroom":2,"minecraft:stray":3,"minecraft:rabbit":2,"minecraft:polar_bear":2},"minecraft:broken":{"minecraft:wooden_shovel":1,"minecraft:chainmail_boots":1,"minecraft:stone_pickaxe":2,"minecraft:stone_axe":2,"minecraft:wooden_axe":1,"minecraft:stone_shovel":1,"minecraft:leather_helmet":1,"minecraft:iron_axe":2,"minecraft:leather_boots":1,"minecraft:iron_pickaxe":2,"minecraft:iron_helmet":1},"minecraft:used":{"minecraft:moss_block":9,"minecraft:iron_shovel":8,"minecraft:spruce_slab":18,"minecraft:ladder":3,"minecraft:chest":36,"minecraft:shield":26,"minecraft:white_terracotta":6,"minecraft:rotten_flesh":8,"minecraft:iron_chestplate":10,"minecraft:deepslate_tile_slab":35,"minecraft:tuff":4,"minecraft:snowball":199,"minecraft:iron_helmet":4,"minecraft:birch_trapdoor":2,"minecraft:bow":16,"minecraft:furnace":3,"minecraft:egg":6,"minecraft:diorite":1,"minecraft:stone_pickaxe":377,"minecraft:prismarine":4,"minecraft:oak_planks":222,"minecraft:wooden_pickaxe":55,"minecraft:fox_spawn_egg":1,"minecraft:glow_berries":4,"minecraft:golden_apple":2,"minecraft:dripstone_block":10,"minecraft:deepslate_tiles":2,"minecraft:dark_oak_log":4,"minecraft:gravel":11,"minecraft:granite_slab":118,"minecraft:diamond_sword":130,"minecraft:andesite":5,"minecraft:diorite_slab":96,"minecraft:stone_sword":3,"minecraft:flint_and_steel":3,"minecraft:tropical_fish":3,"minecraft:stone_shovel":169,"minecraft:spruce_planks":17,"minecraft:wooden_shovel":181,"minecraft:cooked_chicken":1,"minecraft:oak_door":3,"minecraft:torch":21,"minecraft:dirt":113,"minecraft:spruce_fence":2,"minecraft:granite":16,"minecraft:birch_door":3,"minecraft:dark_oak_planks":10,"minecraft:wooden_axe":89,"minecraft:iron_axe":235,"minecraft:rooted_dirt":1,"minecraft:iron_boots":3,"minecraft:smooth_basalt":17,"minecraft:golden_carrot":5,"minecraft:cobbled_deepslate":4,"minecraft:powder_snow_bucket":1,"minecraft:iron_leggings":9,"minecraft:calcite":9,"minecraft:water_bucket":7,"minecraft:amethyst_block":1,"minecraft:snow_block":1,"minecraft:birch_planks":153,"minecraft:andesite_slab":82,"minecraft:cobblestone_slab":211,"minecraft:spruce_fence_gate":2,"minecraft:leather_boots":2,"minecraft:salmon":2,"minecraft:terracotta":5,"minecraft:crafting_table":4,"minecraft:gray_terracotta":4,"minecraft:diamond_pickaxe":154,"minecraft:apple":1,"minecraft:iron_pickaxe":776,"minecraft:leather_helmet":1,"minecraft:stone_axe":191,"minecraft:cobblestone":19,"minecraft:cobbled_deepslate_slab":67,"minecraft:bucket":9,"minecraft:candle":3},"minecraft:mined":{"minecraft:dark_oak_planks":6,"minecraft:spruce_planks":10,"minecraft:granite":75,"minecraft:budding_amethyst":23,"minecraft:grass_block":160,"minecraft:deepslate_bricks":57,"minecraft:raw_iron_block":1,"minecraft:sculk_catalyst":1,"minecraft:iron_ore":34,"minecraft:cobbled_deepslate":9,"minecraft:fire":158,"minecraft:pumpkin":3,"minecraft:granite_slab":9,"minecraft:deepslate_lapis_ore":16,"minecraft:dirt_path":3,"minecraft:gray_terracotta":5,"minecraft:deepslate_tile_slab":1,"minecraft:powder_snow":15,"minecraft:clay":23,"minecraft:torch":1,"minecraft:light_gray_terracotta":3,"minecraft:calcite":74,"minecraft:melon":8,"minecraft:chest":39,"minecraft:cobblestone":14,"minecraft:prismarine":4,"minecraft:oak_planks":28,"minecraft:wall_torch":3,"minecraft:amethyst_block":71,"minecraft:deepslate_copper_ore":35,"minecraft:birch_sapling":2,"minecraft:white_terracotta":13,"minecraft:blue_terracotta":1,"minecraft:birch_log":49,"minecraft:blue_ice":18,"minecraft:birch_trapdoor":1,"minecraft:birch_door":2,"minecraft:oak_log":89,"minecraft:dirt":125,"minecraft:smooth_basalt":36,"minecraft:raw_copper_block":5,"minecraft:oak_leaves":8,"minecraft:deepslate":143,"minecraft:deepslate_tiles":31,"minecraft:diamond_ore":5,"minecraft:tuff":41,"minecraft:deepslate_diamond_ore":2,"minecraft:candle":2,"minecraft:dark_oak_log":32,"minecraft:cobbled_deepslate_slab":6,"minecraft:moss_block":36,"minecraft:rooted_dirt":1,"minecraft:white_concrete_powder":10,"minecraft:diorite_slab":1,"minecraft:furnace":2,"minecraft:raw_gold_block":4,"minecraft:green_terracotta":1,"minecraft:andesite":41,"minecraft:deepslate_iron_ore":31,"minecraft:cobblestone_slab":8,"minecraft:packed_ice":23,"minecraft:stone":175,"minecraft:podzol":25,"minecraft:snow_block":82,"minecraft:crafting_table":2,"minecraft:andesite_slab":5,"minecraft:copper_ore":33,"minecraft:deepslate_coal_ore":22,"minecraft:dried_kelp_block":1,"minecraft:deepslate_gold_ore":26,"minecraft:sculk":4,"minecraft:diorite":61,"minecraft:birch_planks":17,"minecraft:spruce_log":31,"minecraft:birch_leaves":2,"minecraft:coal_ore":18,"minecraft:gravel":89,"minecraft:dripstone_block":18,"minecraft:terracotta":15,"minecraft:gold_ore":7},"minecraft:killed_by":{"mimicer:mimicer":4,"man:managgresive":1,"vivilly_dweller:vivilly_dweller":2,"skinwalker_overhaul:skinwalker_overhaul":9,"torture:torture":2,"krampus:krampus":1,"minecraft:player":9,"minecraft:spider":1,"jacky:jacky":9,"minecraft:skeleton":1},"minecraft:picked_up":{"minecraft:wooden_axe":5,"minecraft:birch_door":3,"minecraft:iron_chestplate":18,"minecraft:chainmail_boots":1,"minecraft:diamond_sword":12,"minecraft:amethyst_block":170,"minecraft:string":22,"minecraft:dead_tube_coral_block":3,"minecraft:raw_copper":612,"minecraft:iron_leggings":15,"minecraft:deepslate_tiles":90,"minecraft:cobbled_deepslate":307,"minecraft:bucket":3,"minecraft:spruce_planks":396,"minecraft:cobblestone_slab":49,"minecraft:calcite":237,"minecraft:azalea":3,"minecraft:wooden_shovel":14,"minecraft:iron_pickaxe":16,"minecraft:melon_slice":45,"minecraft:iron_boots":5,"minecraft:furnace":2,"minecraft:golden_helmet":3,"minecraft:tipped_arrow":1,"minecraft:stick":49,"minecraft:birch_trapdoor":3,"minecraft:big_dripleaf":4,"minecraft:torch":17,"minecraft:acacia_log":5,"minecraft:pointed_dripstone":13,"minecraft:diorite":104,"minecraft:green_terracotta":14,"minecraft:stone_sword":2,"minecraft:rotten_flesh":53,"minecraft:tropical_fish":5,"minecraft:music_disc_ward":1,"minecraft:white_terracotta":22,"minecraft:cod":4,"minecraft:snowball":722,"minecraft:cobblestone":370,"minecraft:sponge":4,"minecraft:birch_log":103,"minecraft:feather":56,"minecraft:water_bucket":3,"minecraft:andesite":113,"minecraft:powder_snow_bucket":2,"minecraft:potato":1,"minecraft:flint":10,"minecraft:tuff":109,"minecraft:prismarine_bricks":12,"minecraft:map":2,"minecraft:lapis_lazuli":585,"minecraft:dirt":470,"minecraft:leather_boots":7,"minecraft:bone":46,"minecraft:gray_terracotta":12,"minecraft:bow":14,"minecraft:wheat_seeds":21,"minecraft:small_dripleaf":9,"minecraft:raw_gold":73,"minecraft:cobbled_deepslate_slab":19,"minecraft:moss_block":225,"minecraft:prismarine":27,"minecraft:oak_planks":126,"minecraft:glow_lichen":22,"minecraft:granite_slab":144,"minecraft:ink_sac":3,"minecraft:dark_oak_log":53,"minecraft:dark_prismarine":1,"minecraft:iron_hoe":5,"minecraft:light_gray_terracotta":25,"minecraft:blue_terracotta":7,"minecraft:diamond":35,"minecraft:writable_book":3,"minecraft:dead_brain_coral_block":6,"minecraft:blue_ice":1,"minecraft:granite":132,"minecraft:bone_meal":40,"minecraft:spruce_button":8,"minecraft:rooted_dirt":42,"minecraft:oak_sapling":16,"minecraft:andesite_slab":20,"minecraft:diamond_pickaxe":14,"minecraft:crafting_table":2,"minecraft:chicken":3,"minecraft:ladder":9,"minecraft:clay_ball":248,"minecraft:wooden_pickaxe":2,"minecraft:diorite_slab":8,"minecraft:dead_horn_coral_block":9,"minecraft:shield":14,"minecraft:iron_axe":17,"minecraft:flint_and_steel":2,"minecraft:iron_shovel":2,"minecraft:candle":6,"minecraft:beef":3,"minecraft:spruce_slab":21,"minecraft:sugar_cane":2,"minecraft:chest":69,"minecraft:birch_sapling":10,"minecraft:raw_copper_block":9,"minecraft:egg":10,"minecraft:dark_oak_sapling":16,"minecraft:raw_iron":120,"minecraft:orange_dye":12,"minecraft:raw_gold_block":4,"minecraft:copper_ingot":11,"minecraft:music_disc_mellohi":1,"minecraft:amethyst_cluster":11,"minecraft:dark_oak_planks":6,"minecraft:arrow":188,"minecraft:stone_shovel":15,"minecraft:deepslate_bricks":172,"minecraft:gold_ingot":3,"minecraft:glow_berries":4,"minecraft:white_wool":1,"minecraft:rail":6,"minecraft:dark_oak_button":104,"minecraft:golden_carrot":10,"minecraft:salmon":2,"minecraft:fox_spawn_egg":1,"minecraft:leather":8,"minecraft:red_mushroom":6,"minecraft:birch_planks":330,"minecraft:ice":3,"minecraft:crimson_fungus":3,"minecraft:oak_log":145,"minecraft:gunpowder":12,"minecraft:paper":2,"minecraft:deepslate_tile_slab":1,"minecraft:apple":13,"minecraft:spore_blossom":3,"minecraft:rabbit_hide":9,"minecraft:music_disc_far":1,"minecraft:iron_ingot":18,"minecraft:stone_pickaxe":7,"minecraft:iron_sword":2,"minecraft:smooth_basalt":74,"minecraft:pumpkin":3,"minecraft:budding_amethyst":7,"minecraft:raw_iron_block":2,"minecraft:dripstone_block":204,"minecraft:gravel":219,"minecraft:amethyst_shard":19,"minecraft:spruce_sapling":7,"minecraft:spruce_log":46,"minecraft:spider_eye":3,"minecraft:leather_helmet":6,"minecraft:pumpkin_seeds":2,"minecraft:dried_kelp_block":3,"minecraft:white_concrete_powder":24,"minecraft:stone_axe":10,"minecraft:iron_helmet":10,"minecraft:terracotta":37,"minecraft:coal":97}},"DataVersion":3120}