{"stats":{"minecraft:mined":{"minecraft:diamond_ore":1,"minecraft:tuff":16,"minecraft:deepslate_diamond_ore":3,"minecraft:sandstone":1,"minecraft:cobbled_deepslate":1,"minecraft:fire":2,"minecraft:iron_ore":46,"minecraft:barrel":4,"minecraft:deepslate_lapis_ore":1,"minecraft:deepslate_iron_ore":18,"minecraft:stone":363,"minecraft:bone_block":9,"minecraft:green_bed":7,"minecraft:torch":6,"minecraft:crafting_table":1,"minecraft:emerald_ore":1,"minecraft:dead_bush":3,"minecraft:cobblestone":7,"minecraft:lapis_ore":3,"minecraft:cyan_bed":10,"biomesoplenty:sprout":2,"minecraft:deepslate_gold_ore":15,"minecraft:wall_torch":15,"minecraft:cactus":1,"minecraft:coal_ore":39,"minecraft:sand":33,"minecraft:dirt":2,"minecraft:terracotta":29,"minecraft:gold_ore":1,"minecraft:deepslate":58},"minecraft:killed_by":{"the_rake:the_rake":2,"the_mangle:the_mangle":1,"arphex:spider_flat":4,"minecraft:skeleton":1},"minecraft:killed":{"arphex:spider_brood":1,"arphex:spider_flat":2,"minecraft:skeleton":3,"arphex:hornet_harbinger":2,"arphex:blood_worm":1,"arphex:centipede_stalker":1,"arphex:solifuge_skulker":1,"arphex:spider_larvae_tiny":14,"minecraft:zombie_villager":1,"minecraft:rabbit":1,"minecraft:zombie":4,"arphex:fly_festerer":1,"arphex:spider_larvae":2},"minecraft:used":{"minecraft:stone_sword":34,"minecraft:flint_and_steel":5,"minecraft:shield":19,"minecraft:oak_door":1,"minecraft:torch":78,"minecraft:cobblestone_wall":16,"minecraft:tuff":16,"minecraft:bookshelf":4,"minecraft:iron_axe":101,"minecraft:rooted_dirt":5,"minecraft:iron_helmet":1,"minecraft:barrel":4,"minecraft:item_frame":1,"minecraft:furnace":3,"minecraft:cooked_beef":12,"minecraft:cobbled_deepslate":42,"minecraft:stone_pickaxe":300,"minecraft:oak_planks":1,"minecraft:cactus":2,"minecraft:wooden_pickaxe":44,"minecraft:sandstone":1,"minecraft:green_bed":9,"minecraft:sand":33,"minecraft:terracotta":27,"minecraft:crafting_table":7,"minecraft:melon_slice":7,"minecraft:cyan_bed":9,"minecraft:bread":19,"minecraft:suspicious_stew":1,"minecraft:iron_pickaxe":275,"minecraft:stone_axe":1,"minecraft:cobblestone":302,"minecraft:oak_boat":1,"minecraft:candle":4},"minecraft:dropped":{"minecraft:iron_ingot":29,"biomesoplenty:dead_planks":36,"minecraft:candle":1,"minecraft:cooked_beef":7,"minecraft:golden_apple":1,"minecraft:torch":1,"minecraft:melon_slice":48,"minecraft:cactus":9,"minecraft:fermented_spider_eye":9,"minecraft:string":2,"minecraft:bone":1,"minecraft:raw_copper":1,"minecraft:bowl":3,"minecraft:poppy":3,"minecraft:azalea":12,"minecraft:oak_sapling":6,"minecraft:iron_bars":32,"minecraft:arrow":1,"minecraft:wooden_pickaxe":1,"minecraft:cyan_bed":1,"minecraft:terracotta":2},"minecraft:broken":{"minecraft:stone_pickaxe":2,"minecraft:iron_pickaxe":1},"minecraft:custom":{"minecraft:mob_kills":36,"minecraft:interact_with_crafting_table":25,"minecraft:open_barrel":61,"minecraft:leave_game":3,"minecraft:time_since_death":1276,"minecraft:climb_one_cm":220,"minecraft:sprint_one_cm":362688,"minecraft:walk_one_cm":197380,"minecraft:damage_blocked_by_shield":864,"minecraft:drop":36,"minecraft:talked_to_villager":1,"minecraft:play_time":116428,"minecraft:deaths":8,"minecraft:sneak_time":22453,"minecraft:walk_under_water_one_cm":3375,"minecraft:boat_one_cm":86012,"minecraft:jump":2828,"minecraft:walk_on_water_one_cm":5706,"minecraft:total_world_time":116428,"minecraft:interact_with_furnace":14,"minecraft:interact_with_loom":2,"minecraft:sleep_in_bed":9,"minecraft:time_since_rest":1302,"minecraft:damage_taken":3718,"minecraft:damage_dealt":7830,"minecraft:swim_one_cm":4785,"minecraft:fly_one_cm":584893,"minecraft:open_chest":8,"minecraft:crouch_one_cm":71353,"minecraft:interact_with_smoker":1,"minecraft:fall_one_cm":65086},"minecraft:picked_up":{"minecraft:charcoal":40,"minecraft:crafting_table":1,"minecraft:iron_chestplate":2,"minecraft:chicken":40,"minecraft:suspicious_stew":4,"minecraft:wooden_pickaxe":1,"minecraft:enchanted_book":7,"minecraft:shield":1,"minecraft:string":5,"minecraft:raw_copper":1,"minecraft:iron_axe":8,"minecraft:wooden_sword":3,"minecraft:flint_and_steel":3,"minecraft:item_frame":1,"minecraft:candle":20,"minecraft:cobbled_deepslate":79,"minecraft:oak_boat":1,"minecraft:azalea":24,"minecraft:poppy":4,"minecraft:iron_pickaxe":5,"minecraft:melon_slice":109,"minecraft:iron_boots":1,"minecraft:stick":125,"minecraft:raw_iron":94,"minecraft:sandstone":1,"minecraft:oak_door":5,"minecraft:torch":53,"arphex:void_geode_shard":3,"minecraft:bowl":27,"minecraft:green_bed":11,"arphex:maggot_grub":5,"minecraft:spruce_fence":40,"minecraft:porkchop":24,"minecraft:cactus":16,"minecraft:stone_sword":3,"minecraft:arrow":5,"minecraft:rotten_flesh":7,"minecraft:beetroot_seeds":295,"minecraft:iron_bars":16,"minecraft:bone_block":9,"minecraft:cobblestone":441,"minecraft:cooked_beef":101,"minecraft:glow_ink_sac":6,"minecraft:leather":25,"minecraft:potato":24,"biomesoplenty:dead_log":28,"minecraft:tuff":16,"arphex:venomous_appendage":5,"minecraft:gunpowder":4,"minecraft:acacia_boat":1,"minecraft:lapis_lazuli":27,"minecraft:dirt":1,"minecraft:paper":16,"man:cassette_1safetyinstructions":7,"minecraft:bone":8,"minecraft:apple":40,"minecraft:bow":1,"minecraft:wheat_seeds":64,"minecraft:raw_gold":17,"minecraft:rabbit_hide":9,"minecraft:iron_ingot":29,"arphex:burning_glands":19,"minecraft:stripped_oak_wood":30,"minecraft:rabbit":20,"minecraft:oak_planks":28,"minecraft:sand":54,"minecraft:cyan_bed":13,"minecraft:fermented_spider_eye":16,"minecraft:barrel":8,"minecraft:diamond":4,"minecraft:stone_axe":3,"minecraft:golden_apple":3,"minecraft:emerald":2,"minecraft:bread":123,"minecraft:rooted_dirt":20,"minecraft:terracotta":29,"minecraft:oak_sapling":12,"minecraft:coal":38},"minecraft:crafted":{"minecraft:wooden_sword":1,"minecraft:oak_planks":24,"minecraft:furnace":3,"minecraft:iron_bars":16,"minecraft:iron_boots":1,"minecraft:iron_axe":1,"minecraft:stone_pickaxe":3,"minecraft:cobblestone_wall":24,"biomesoplenty:dead_planks":112,"minecraft:crafting_table":6,"minecraft:iron_helmet":1,"minecraft:wooden_pickaxe":1,"minecraft:bucket":2,"minecraft:stone_axe":2,"minecraft:air":0,"minecraft:oak_boat":2,"minecraft:iron_chestplate":1,"minecraft:shield":1,"minecraft:stick":40,"minecraft:iron_ingot":64,"minecraft:iron_pickaxe":2,"minecraft:stone_sword":1,"minecraft:iron_leggings":1,"minecraft:torch":92}},"DataVersion":3120}