{"stats":{"minecraft:killed":{"minecraft:spider":5,"minecraft:skeleton":8,"facelesssteve:facelesszombie":2,"minecraft:creeper":3,"minecraft:sheep":1,"minecraft:goat":2,"minecraft:zombie":16,"minecraft:mooshroom":2,"minecraft:stray":3,"minecraft:rabbit":2,"minecraft:polar_bear":2},"minecraft:picked_up":{"minecraft:wooden_axe":5,"minecraft:iron_chestplate":7,"minecraft:birch_door":3,"minecraft:diamond_sword":1,"minecraft:amethyst_block":146,"minecraft:string":13,"minecraft:raw_copper":428,"minecraft:iron_leggings":3,"minecraft:deepslate_tiles":85,"minecraft:cobbled_deepslate":258,"minecraft:bucket":3,"minecraft:spruce_planks":330,"minecraft:cobblestone_slab":47,"minecraft:calcite":224,"minecraft:azalea":3,"minecraft:wooden_shovel":14,"minecraft:iron_pickaxe":15,"minecraft:melon_slice":45,"minecraft:iron_boots":3,"minecraft:furnace":2,"minecraft:tipped_arrow":1,"minecraft:golden_helmet":3,"minecraft:stick":43,"minecraft:birch_trapdoor":3,"minecraft:torch":17,"minecraft:diorite":86,"minecraft:rotten_flesh":45,"minecraft:tropical_fish":2,"minecraft:music_disc_ward":1,"minecraft:white_terracotta":22,"minecraft:snowball":714,"minecraft:cod":4,"minecraft:cobblestone":330,"minecraft:birch_log":96,"minecraft:feather":42,"minecraft:water_bucket":3,"minecraft:andesite":87,"minecraft:powder_snow_bucket":2,"minecraft:potato":1,"minecraft:flint":10,"minecraft:tuff":81,"minecraft:map":2,"minecraft:lapis_lazuli":338,"minecraft:dirt":448,"minecraft:leather_boots":7,"minecraft:bone":40,"minecraft:gray_terracotta":12,"minecraft:bow":11,"minecraft:wheat_seeds":18,"minecraft:raw_gold":50,"minecraft:cobbled_deepslate_slab":17,"minecraft:moss_block":28,"minecraft:oak_planks":125,"minecraft:glow_lichen":22,"minecraft:granite_slab":140,"minecraft:ink_sac":3,"minecraft:dark_oak_log":53,"minecraft:iron_hoe":5,"minecraft:blue_terracotta":3,"minecraft:diamond":15,"minecraft:writable_book":3,"minecraft:blue_ice":1,"minecraft:granite":97,"minecraft:bone_meal":40,"minecraft:spruce_button":8,"minecraft:rooted_dirt":15,"minecraft:oak_sapling":5,"minecraft:andesite_slab":20,"minecraft:diamond_pickaxe":6,"minecraft:crafting_table":2,"minecraft:ladder":9,"minecraft:clay_ball":248,"minecraft:wooden_pickaxe":2,"minecraft:diorite_slab":8,"minecraft:shield":3,"minecraft:iron_axe":8,"minecraft:flint_and_steel":1,"minecraft:iron_shovel":2,"minecraft:candle":4,"minecraft:beef":3,"minecraft:chest":57,"minecraft:birch_sapling":10,"minecraft:egg":10,"minecraft:raw_copper_block":9,"minecraft:dark_oak_sapling":16,"minecraft:raw_iron":90,"minecraft:orange_dye":6,"minecraft:raw_gold_block":4,"minecraft:copper_ingot":11,"minecraft:music_disc_mellohi":1,"minecraft:amethyst_cluster":7,"minecraft:dark_oak_planks":2,"minecraft:arrow":182,"minecraft:stone_shovel":14,"minecraft:deepslate_bricks":162,"minecraft:gold_ingot":3,"minecraft:rail":6,"minecraft:white_wool":1,"minecraft:golden_carrot":10,"minecraft:salmon":2,"minecraft:fox_spawn_egg":1,"minecraft:leather":8,"minecraft:red_mushroom":6,"minecraft:birch_planks":322,"minecraft:ice":3,"minecraft:crimson_fungus":3,"minecraft:oak_log":129,"minecraft:gunpowder":12,"minecraft:paper":2,"minecraft:deepslate_tile_slab":1,"minecraft:apple":13,"minecraft:rabbit_hide":9,"minecraft:music_disc_far":1,"minecraft:iron_ingot":18,"minecraft:stone_pickaxe":7,"minecraft:smooth_basalt":61,"minecraft:pumpkin":3,"minecraft:budding_amethyst":4,"minecraft:raw_iron_block":2,"minecraft:dripstone_block":26,"minecraft:gravel":219,"minecraft:amethyst_shard":3,"minecraft:spruce_sapling":7,"minecraft:spruce_log":44,"minecraft:spider_eye":2,"minecraft:leather_helmet":6,"minecraft:pumpkin_seeds":2,"minecraft:white_concrete_powder":24,"minecraft:stone_axe":10,"minecraft:iron_helmet":3,"minecraft:terracotta":37,"minecraft:coal":74},"minecraft:broken":{"minecraft:wooden_shovel":1,"minecraft:stone_pickaxe":2,"minecraft:stone_axe":2,"minecraft:wooden_axe":1,"minecraft:stone_shovel":1,"minecraft:leather_helmet":1,"minecraft:iron_axe":2,"minecraft:leather_boots":1,"minecraft:iron_pickaxe":2},"minecraft:dropped":{"minecraft:diamond":1,"minecraft:dark_oak_sapling":1,"minecraft:dark_oak_button":52,"minecraft:red_mushroom":2,"minecraft:snowball":34,"minecraft:bone":18,"minecraft:rotten_flesh":11,"minecraft:oak_planks":1,"minecraft:azalea":1,"minecraft:arrow":64,"minecraft:wooden_axe":1,"minecraft:melon_slice":1,"minecraft:iron_leggings":1,"minecraft:wooden_shovel":3},"minecraft:mined":{"minecraft:dark_oak_planks":2,"minecraft:spruce_planks":2,"minecraft:granite":59,"minecraft:budding_amethyst":21,"minecraft:grass_block":157,"minecraft:deepslate_bricks":57,"minecraft:raw_iron_block":1,"minecraft:iron_ore":32,"minecraft:fire":158,"minecraft:cobbled_deepslate":9,"minecraft:pumpkin":3,"minecraft:granite_slab":9,"minecraft:deepslate_lapis_ore":16,"minecraft:dirt_path":3,"minecraft:gray_terracotta":5,"minecraft:deepslate_tile_slab":1,"minecraft:powder_snow":15,"minecraft:clay":23,"minecraft:torch":1,"minecraft:calcite":74,"minecraft:melon":8,"minecraft:chest":37,"minecraft:cobblestone":4,"minecraft:oak_planks":28,"minecraft:wall_torch":3,"minecraft:amethyst_block":69,"minecraft:deepslate_copper_ore":32,"minecraft:birch_sapling":2,"minecraft:white_terracotta":13,"minecraft:blue_terracotta":1,"minecraft:birch_log":48,"minecraft:blue_ice":18,"minecraft:birch_trapdoor":1,"minecraft:birch_door":2,"minecraft:oak_log":89,"minecraft:dirt":116,"minecraft:smooth_basalt":35,"minecraft:raw_copper_block":5,"minecraft:oak_leaves":8,"minecraft:deepslate":136,"minecraft:deepslate_tiles":31,"minecraft:diamond_ore":4,"minecraft:tuff":39,"minecraft:candle":2,"minecraft:deepslate_diamond_ore":2,"minecraft:dark_oak_log":32,"minecraft:cobbled_deepslate_slab":6,"minecraft:white_concrete_powder":10,"minecraft:diorite_slab":1,"minecraft:furnace":2,"minecraft:raw_gold_block":4,"minecraft:andesite":39,"minecraft:cobblestone_slab":8,"minecraft:deepslate_iron_ore":31,"minecraft:packed_ice":23,"minecraft:stone":172,"minecraft:podzol":25,"minecraft:snow_block":81,"minecraft:crafting_table":2,"minecraft:andesite_slab":5,"minecraft:copper_ore":33,"minecraft:deepslate_coal_ore":21,"minecraft:deepslate_gold_ore":26,"minecraft:diorite":55,"minecraft:birch_planks":16,"minecraft:spruce_log":30,"minecraft:birch_leaves":2,"minecraft:coal_ore":17,"minecraft:gravel":89,"minecraft:dripstone_block":9,"minecraft:terracotta":15,"minecraft:gold_ore":4},"minecraft:used":{"minecraft:ladder":3,"minecraft:chest":34,"minecraft:shield":5,"minecraft:white_terracotta":6,"minecraft:rotten_flesh":6,"minecraft:iron_chestplate":2,"minecraft:deepslate_tile_slab":35,"minecraft:tuff":4,"minecraft:snowball":197,"minecraft:birch_trapdoor":2,"minecraft:bow":16,"minecraft:furnace":3,"minecraft:egg":6,"minecraft:diorite":1,"minecraft:stone_pickaxe":377,"minecraft:oak_planks":222,"minecraft:wooden_pickaxe":55,"minecraft:fox_spawn_egg":1,"minecraft:golden_apple":2,"minecraft:deepslate_tiles":2,"minecraft:dark_oak_log":4,"minecraft:gravel":11,"minecraft:granite_slab":118,"minecraft:diamond_sword":40,"minecraft:andesite":2,"minecraft:diorite_slab":96,"minecraft:flint_and_steel":3,"minecraft:tropical_fish":1,"minecraft:stone_shovel":169,"minecraft:spruce_planks":9,"minecraft:wooden_shovel":181,"minecraft:oak_door":3,"minecraft:torch":21,"minecraft:dirt":92,"minecraft:granite":5,"minecraft:spruce_fence":2,"minecraft:birch_door":3,"minecraft:wooden_axe":89,"minecraft:dark_oak_planks":6,"minecraft:iron_axe":212,"minecraft:iron_boots":3,"minecraft:smooth_basalt":15,"minecraft:golden_carrot":5,"minecraft:cobbled_deepslate":3,"minecraft:powder_snow_bucket":1,"minecraft:calcite":9,"minecraft:water_bucket":6,"minecraft:amethyst_block":1,"minecraft:snow_block":1,"minecraft:birch_planks":149,"minecraft:andesite_slab":82,"minecraft:cobblestone_slab":211,"minecraft:spruce_fence_gate":2,"minecraft:leather_boots":2,"minecraft:salmon":2,"minecraft:terracotta":5,"minecraft:crafting_table":4,"minecraft:gray_terracotta":4,"minecraft:diamond_pickaxe":39,"minecraft:apple":1,"minecraft:iron_pickaxe":776,"minecraft:leather_helmet":1,"minecraft:stone_axe":191,"minecraft:cobblestone":4,"minecraft:cobbled_deepslate_slab":67,"minecraft:bucket":7,"minecraft:candle":3},"minecraft:custom":{"minecraft:animals_bred":1,"minecraft:interact_with_crafting_table":98,"minecraft:leave_game":16,"minecraft:time_since_death":16105,"minecraft:damage_resisted":10,"minecraft:sprint_one_cm":380905,"minecraft:damage_blocked_by_shield":178,"minecraft:drop":25,"minecraft:play_time":223983,"minecraft:deaths":32,"minecraft:jump":1190,"minecraft:walk_on_water_one_cm":2967,"minecraft:interact_with_furnace":50,"minecraft:damage_dealt":16370,"minecraft:player_kills":1,"minecraft:crouch_one_cm":152189,"minecraft:mob_kills":52,"minecraft:climb_one_cm":7306,"minecraft:walk_one_cm":460122,"minecraft:sneak_time":59574,"minecraft:walk_under_water_one_cm":13715,"minecraft:total_world_time":223983,"minecraft:time_since_rest":16154,"minecraft:damage_taken":9552,"minecraft:damage_absorbed":40,"minecraft:swim_one_cm":20269,"minecraft:fly_one_cm":146810,"minecraft:open_chest":445,"minecraft:fall_one_cm":12755},"minecraft:crafted":{"minecraft:oak_planks":244,"minecraft:cobblestone_slab":210,"minecraft:chest":2,"minecraft:birch_door":3,"minecraft:arrow":4,"minecraft:crafting_table":3,"minecraft:spruce_planks":60,"minecraft:wooden_pickaxe":2,"minecraft:copper_ingot":10,"minecraft:birch_planks":176,"minecraft:diamond_pickaxe":1,"minecraft:stick":100,"minecraft:iron_ingot":42,"minecraft:iron_pickaxe":3,"minecraft:snow_block":5,"minecraft:gold_ingot":17,"minecraft:spruce_fence_gate":2,"minecraft:deepslate_tile_slab":36,"minecraft:oak_door":3,"minecraft:cobbled_deepslate_slab":78,"minecraft:raw_iron":18,"minecraft:stone_shovel":5,"minecraft:spruce_button":4,"minecraft:furnace":1,"minecraft:spruce_fence":9,"minecraft:flint_and_steel":1,"minecraft:ladder":6,"minecraft:stone_pickaxe":4,"minecraft:dark_oak_planks":60,"minecraft:diamond_sword":1,"minecraft:leather_helmet":1,"minecraft:dark_oak_button":52,"minecraft:stone_axe":5,"minecraft:air":0,"minecraft:golden_apple":2,"minecraft:andesite_slab":78,"minecraft:wooden_axe":3,"minecraft:birch_trapdoor":2,"minecraft:iron_leggings":1,"minecraft:diorite_slab":90,"minecraft:torch":16,"minecraft:granite_slab":126},"minecraft:killed_by":{"mimicer:mimicer":3,"man:managgresive":1,"vivilly_dweller:vivilly_dweller":1,"skinwalker_overhaul:skinwalker_overhaul":5,"torture:torture":2,"krampus:krampus":1,"minecraft:player":4,"minecraft:spider":1,"jacky:jacky":6,"minecraft:skeleton":1}},"DataVersion":3120}