{"stats":{"minecraft:dropped":{"minecraft:wooden_axe":1,"minecraft:melon_slice":1,"minecraft:bone":2,"minecraft:wooden_shovel":3},"minecraft:custom":{"minecraft:mob_kills":15,"minecraft:interact_with_crafting_table":38,"minecraft:leave_game":13,"minecraft:time_since_death":21434,"minecraft:climb_one_cm":2590,"minecraft:damage_resisted":10,"minecraft:sprint_one_cm":93335,"minecraft:walk_one_cm":108758,"minecraft:drop":7,"minecraft:play_time":84524,"minecraft:deaths":12,"minecraft:sneak_time":30298,"minecraft:walk_under_water_one_cm":12899,"minecraft:jump":396,"minecraft:walk_on_water_one_cm":2480,"minecraft:total_world_time":84524,"minecraft:interact_with_furnace":19,"minecraft:time_since_rest":21472,"minecraft:damage_taken":3294,"minecraft:damage_dealt":2367,"minecraft:swim_one_cm":19458,"minecraft:fly_one_cm":61968,"minecraft:open_chest":136,"minecraft:crouch_one_cm":78715,"minecraft:fall_one_cm":5235},"minecraft:crafted":{"minecraft:oak_door":3,"minecraft:oak_planks":204,"minecraft:raw_iron":9,"minecraft:cobblestone_slab":174,"minecraft:furnace":1,"minecraft:ladder":6,"minecraft:stone_pickaxe":2,"minecraft:crafting_table":2,"minecraft:spruce_planks":16,"minecraft:wooden_pickaxe":2,"minecraft:copper_ingot":10,"minecraft:birch_planks":88,"minecraft:stone_axe":1,"minecraft:air":0,"minecraft:stick":48,"minecraft:andesite_slab":18,"minecraft:iron_pickaxe":1,"minecraft:iron_ingot":19,"minecraft:birch_trapdoor":2,"minecraft:wooden_axe":3,"minecraft:torch":8,"minecraft:diorite_slab":18,"minecraft:granite_slab":18},"minecraft:killed":{"minecraft:spider":4,"minecraft:rabbit":2,"minecraft:polar_bear":1,"minecraft:sheep":1,"minecraft:goat":2,"minecraft:zombie":1,"minecraft:mooshroom":2},"minecraft:broken":{"minecraft:stone_pickaxe":1,"minecraft:wooden_axe":1},"minecraft:used":{"minecraft:ladder":3,"minecraft:chest":21,"minecraft:wooden_shovel":113,"minecraft:oak_door":2,"minecraft:torch":12,"minecraft:dirt":84,"minecraft:granite":3,"minecraft:wooden_axe":89,"minecraft:birch_trapdoor":2,"minecraft:golden_carrot":2,"minecraft:furnace":3,"minecraft:water_bucket":6,"minecraft:diorite":1,"minecraft:birch_planks":87,"minecraft:stone_pickaxe":250,"minecraft:oak_planks":161,"minecraft:andesite_slab":20,"minecraft:wooden_pickaxe":53,"minecraft:cobblestone_slab":179,"minecraft:crafting_table":3,"minecraft:iron_pickaxe":5,"minecraft:stone_axe":42,"minecraft:granite_slab":20,"minecraft:andesite":2,"minecraft:bucket":6,"minecraft:diorite_slab":18},"minecraft:mined":{"minecraft:granite":18,"minecraft:grass_block":104,"minecraft:white_concrete_powder":9,"minecraft:furnace":2,"minecraft:iron_ore":19,"minecraft:fire":6,"minecraft:andesite":23,"minecraft:pumpkin":3,"minecraft:granite_slab":1,"minecraft:cobblestone_slab":7,"minecraft:packed_ice":7,"minecraft:stone":82,"minecraft:podzol":13,"minecraft:gray_terracotta":5,"minecraft:powder_snow":11,"minecraft:clay":16,"minecraft:crafting_table":1,"minecraft:calcite":20,"minecraft:melon":7,"minecraft:chest":19,"minecraft:andesite_slab":2,"minecraft:copper_ore":11,"minecraft:oak_planks":15,"minecraft:diorite":19,"minecraft:wall_torch":2,"minecraft:amethyst_block":13,"minecraft:birch_sapling":1,"minecraft:white_terracotta":3,"minecraft:birch_planks":8,"minecraft:birch_log":14,"minecraft:birch_trapdoor":1,"minecraft:spruce_log":3,"minecraft:coal_ore":14,"minecraft:oak_log":51,"minecraft:gravel":32,"minecraft:dirt":60,"minecraft:smooth_basalt":5,"minecraft:terracotta":2},"minecraft:killed_by":{"minecraft:spider":1,"jacky:jacky":2,"man:managgresive":1,"skinwalker_overhaul:skinwalker_overhaul":1,"torture:torture":1},"minecraft:picked_up":{"minecraft:wooden_axe":5,"minecraft:crafting_table":1,"minecraft:ladder":6,"minecraft:clay_ball":112,"minecraft:wooden_pickaxe":1,"minecraft:amethyst_block":25,"minecraft:string":9,"minecraft:raw_copper":68,"minecraft:bucket":2,"minecraft:beef":3,"minecraft:cobblestone_slab":41,"minecraft:calcite":39,"minecraft:azalea":1,"minecraft:wooden_shovel":13,"minecraft:melon_slice":45,"minecraft:chest":21,"minecraft:birch_sapling":2,"minecraft:egg":4,"minecraft:furnace":2,"minecraft:stick":3,"minecraft:raw_iron":34,"minecraft:birch_trapdoor":2,"minecraft:copper_ingot":10,"minecraft:torch":7,"minecraft:music_disc_mellohi":1,"minecraft:diorite":29,"minecraft:rotten_flesh":1,"minecraft:gold_ingot":1,"minecraft:white_terracotta":6,"minecraft:snowball":8,"minecraft:white_wool":1,"minecraft:rail":1,"minecraft:cobblestone":121,"minecraft:birch_log":32,"minecraft:feather":14,"minecraft:golden_carrot":1,"minecraft:salmon":2,"minecraft:water_bucket":1,"minecraft:andesite":39,"minecraft:leather":3,"minecraft:red_mushroom":1,"minecraft:potato":1,"minecraft:birch_planks":49,"minecraft:flint":3,"minecraft:oak_log":59,"minecraft:map":1,"minecraft:dirt":214,"minecraft:paper":2,"minecraft:bone":13,"minecraft:gray_terracotta":8,"minecraft:wheat_seeds":3,"minecraft:raw_gold":4,"minecraft:rabbit_hide":2,"minecraft:stone_pickaxe":2,"minecraft:iron_ingot":5,"minecraft:oak_planks":51,"minecraft:glow_lichen":6,"minecraft:smooth_basalt":6,"minecraft:pumpkin":3,"minecraft:raw_iron_block":1,"minecraft:gravel":45,"minecraft:spruce_sapling":1,"minecraft:granite_slab":2,"minecraft:spruce_log":7,"minecraft:spider_eye":1,"minecraft:pumpkin_seeds":1,"minecraft:white_concrete_powder":16,"minecraft:writable_book":1,"minecraft:blue_ice":1,"minecraft:granite":30,"minecraft:bone_meal":2,"minecraft:terracotta":5,"minecraft:oak_sapling":3,"minecraft:andesite_slab":3,"minecraft:coal":25}},"DataVersion":3120}