{"stats":{"minecraft:custom":{"minecraft:interact_with_crafting_table":72,"minecraft:leave_game":27,"minecraft:time_since_death":2897,"minecraft:damage_resisted":28,"minecraft:sprint_one_cm":3647386,"minecraft:damage_blocked_by_shield":646,"minecraft:drop":428,"minecraft:play_time":532058,"minecraft:deaths":181,"minecraft:jump":16081,"minecraft:walk_on_water_one_cm":63520,"minecraft:interact_with_furnace":121,"minecraft:sleep_in_bed":29,"minecraft:damage_dealt":96227,"minecraft:player_kills":20,"minecraft:crouch_one_cm":181564,"minecraft:mob_kills":387,"minecraft:damage_dealt_resisted":850,"minecraft:climb_one_cm":14922,"minecraft:walk_one_cm":2307637,"minecraft:damage_dealt_absorbed":1940,"minecraft:sneak_time":29917,"minecraft:walk_under_water_one_cm":30976,"minecraft:boat_one_cm":110888,"minecraft:total_world_time":532058,"minecraft:time_since_rest":23,"minecraft:damage_taken":2147483647,"minecraft:trigger_trapped_chest":2,"minecraft:swim_one_cm":58658,"minecraft:fly_one_cm":5951586,"minecraft:open_chest":114,"minecraft:fall_one_cm":497278},"minecraft:crafted":{"minecraft:oak_planks":120,"biomesoplenty:cherry_planks":56,"minecraft:birch_boat":1,"epicfight:iron_spear":1,"minecraft:cooked_chicken":7,"minecraft:cooked_mutton":39,"minecraft:iron_boots":2,"minecraft:chest":10,"minecraft:birch_door":3,"minecraft:stone_hoe":1,"minecraft:cooked_porkchop":5,"minecraft:crafting_table":4,"minecraft:spruce_planks":88,"minecraft:iron_helmet":3,"minecraft:baked_potato":12,"minecraft:birch_planks":380,"minecraft:iron_chestplate":4,"minecraft:diamond_pickaxe":1,"minecraft:shield":1,"minecraft:stick":60,"minecraft:iron_ingot":89,"minecraft:iron_pickaxe":1,"minecraft:stone_sword":1,"minecraft:birch_stairs":24,"iceandfire:silver_sword":1,"minecraft:wooden_sword":1,"minecraft:stone_shovel":2,"minecraft:furnace":5,"minecraft:bone_meal":24,"sanitydim:garland":10,"epicfight:glove":3,"travelersbackpack:white_sleeping_bag":1,"minecraft:iron_axe":1,"minecraft:stone_pickaxe":1,"epicfight:iron_greatsword":1,"iceandfire:armor_silver_metal_boots":1,"minecraft:cooked_beef":8,"iceandfire:silver_ingot":6,"minecraft:iron_sword":6,"minecraft:bucket":1,"minecraft:stone_axe":2,"minecraft:air":0,"epicfight:iron_tachi":2,"minecraft:wooden_axe":1,"minecraft:iron_shovel":1,"minecraft:iron_leggings":3,"minecraft:white_bed":2,"minecraft:torch":256},"minecraft:used":{"minecraft:iron_shovel":269,"minecraft:chest":10,"minecraft:shield":11,"minecraft:iron_sword":418,"minecraft:rotten_flesh":66,"minecraft:iron_chestplate":4,"sanitydim:garland":4,"minecraft:obsidian":6,"biomesoplenty:cherry_planks":37,"minecraft:birch_sapling":5,"minecraft:iron_helmet":5,"epicfight:diamond_greatsword":5,"minecraft:bow":11,"minecraft:written_book":1,"minecraft:furnace":5,"minecraft:egg":3,"minecraft:potato":62,"minecraft:dark_oak_sapling":1,"epicfight:skillbook":16,"minecraft:mossy_stone_bricks":1,"minecraft:stone_pickaxe":132,"minecraft:oak_planks":14,"minecraft:blue_bed":4,"arphex:mangled_spider_flesh":1,"minecraft:glow_berries":33,"iceandfire:armor_silver_metal_boots":1,"minecraft:sand":1,"minecraft:dripstone_block":1,"epicfight:iron_tachi":508,"minecraft:bread":20,"minecraft:melon_slice":63,"travelersbackpack:pumpkin":14,"minecraft:gravel":25,"minecraft:lilac":3,"minecraft:wooden_sword":63,"minecraft:birch_log":150,"minecraft:bone_meal":24,"biomesoplenty:cherry_log":6,"minecraft:stone_sword":136,"iceandfire:silver_sword":320,"minecraft:tropical_fish":1,"minecraft:stone_shovel":194,"minecraft:spruce_planks":86,"minecraft:stone_hoe":274,"minecraft:cooked_chicken":2,"minecraft:torch":350,"minecraft:dirt":315,"minecraft:birch_door":4,"minecraft:wooden_axe":25,"epicfight:iron_greatsword":21,"minecraft:iron_axe":161,"epicfight:glove":19,"minecraft:iron_boots":3,"minecraft:cooked_beef":2,"minecraft:cobbled_deepslate":113,"minecraft:iron_leggings":2,"minecraft:wheat_seeds":101,"minecraft:cooked_mutton":26,"minecraft:water_bucket":22,"arphex:burning_glands":8,"epicfight:iron_spear":137,"minecraft:birch_planks":301,"minecraft:baked_potato":12,"minecraft:birch_boat":2,"minecraft:crafting_table":5,"minecraft:white_bed":2,"minecraft:spruce_log":8,"minecraft:apple":1,"minecraft:diamond_pickaxe":404,"minecraft:iron_pickaxe":315,"travelersbackpack:white_sleeping_bag":2,"minecraft:stone_axe":180,"minecraft:cobblestone":269,"minecraft:purple_bed":10,"minecraft:white_banner":5,"minecraft:cooked_porkchop":5,"minecraft:bucket":27,"minecraft:birch_stairs":27},"minecraft:broken":{"minecraft:leather_leggings":1,"minecraft:iron_boots":2,"minecraft:iron_chestplate":2,"minecraft:iron_leggings":3,"sanitydim:garland":10,"minecraft:stone_pickaxe":1,"minecraft:wooden_sword":1,"minecraft:stone_axe":2,"minecraft:wooden_axe":1,"iceandfire:armor_silver_metal_boots":1,"epicfight:iron_tachi":2,"minecraft:stone_shovel":1,"minecraft:leather_chestplate":1,"minecraft:stone_hoe":1,"minecraft:leather_boots":1,"minecraft:iron_pickaxe":1,"minecraft:iron_helmet":4},"minecraft:killed":{"arphex:mosquito_morbidity":1,"minecraft:cave_spider":8,"arphex:giant_web":1,"minecraft:witch":1,"arphex:spider_flat":1,"arphex:long_legs_tiny":5,"minecraft:spider":24,"minecraft:skeleton":41,"minecraft:chicken":8,"arphex:ant_arsonist":11,"mowziesmobs:foliaath":1,"minecraft:tropical_fish":1,"arphex:butterfly_bewitcher":2,"arphex:long_legs":6,"arphex:spider_larvae_tiny":54,"minecraft:pig":10,"minecraft:creeper":16,"arphex:centipede_evictor_larvae":4,"minecraft:sheep":25,"minecraft:pillager":8,"minecraft:zombie":59,"cave_dweller:cave_dweller":4,"endofherobrine:cow":3,"arphex:spider_larvae":14,"arphex:spider_snatcher":1,"minecraft:cow":4,"arphex:hornet_harbinger_giant":2,"arphex:spider_brood":3,"midnightlurker:void_hands":1,"arphex:beetle_bulwark":1,"the_rake:the_rake":4,"arphex:butterfly_bewitcher_giant":1,"arphex:locust_landscourge":1,"arphex:beetle_tick_mite":1,"iceandfire:siren":2,"arphex:hornet_harbinger":10,"arphex:blood_worm":7,"arphex:long_legs_fly":1,"arphex:centipede_stalker":1,"endofherobrine:villager":3,"iceandfire:ghost":2,"old_goatman:old_goatman":3,"arphex:fly_festerer":2,"endofherobrine:sheep":2,"arphex:spider_goliath":1,"minecraft:enderman":1,"demonic_watcher:demonic_watcher":2},"minecraft:mined":{"minecraft:spruce_planks":2,"travelersbackpack:pumpkin":1,"minecraft:obsidian":18,"immersive_weathering:vitrified_sand":1,"minecraft:grass_block":320,"minecraft:oxeye_daisy":4,"minecraft:spawner":2,"minecraft:fire":2,"minecraft:cobbled_deepslate":26,"minecraft:iron_ore":35,"immersive_weathering:mossy_stone":1,"biomesoplenty:violet":5,"minecraft:pumpkin":2,"minecraft:moss_carpet":2,"minecraft:deepslate_lapis_ore":10,"immersive_weathering:charred_planks":1,"minecraft:azure_bluet":2,"minecraft:pointed_dripstone":19,"minecraft:cave_vines":2,"biomesoplenty:webbing":2,"minecraft:azalea":1,"immersive_weathering:oak_leaf_pile":1,"minecraft:clay":8,"minecraft:torch":18,"minecraft:poppy":38,"minecraft:melon":29,"iceandfire:ghost_chest":2,"minecraft:cobblestone":36,"minecraft:sugar_cane":3,"minecraft:oak_planks":2,"minecraft:wall_torch":29,"minecraft:birch_sapling":11,"minecraft:birch_log":80,"minecraft:wheat":1,"minecraft:lilac":13,"minecraft:birch_door":1,"minecraft:orange_tulip":17,"minecraft:grass":1209,"biomesoplenty:clover":209,"minecraft:oak_log":8,"minecraft:dirt":43,"the_one_who_watches:scratched_birch_log":1,"minecraft:oak_leaves":1,"immersive_weathering:dark_oak_leaf_pile":6,"minecraft:deepslate":145,"minecraft:diamond_ore":2,"minecraft:tuff":2,"iceandfire:silver_ore":7,"minecraft:deepslate_diamond_ore":7,"immersive_weathering:birch_leaf_pile":27,"gravestone:gravestone":175,"biomesoplenty:bush":2,"iceandfire:deepslate_silver_ore":1,"travelersbackpack:white_sleeping_bag":2,"minecraft:spruce_sapling":1,"biomesoplenty:pink_cherry_sapling":3,"minecraft:potatoes":15,"minecraft:deepslate_iron_ore":85,"minecraft:vine":1,"immersive_weathering:ivy":10,"biomesoplenty:spider_egg":2,"minecraft:stone":284,"minecraft:birch_stairs":4,"minecraft:lily_of_the_valley":1,"minecraft:dandelion":42,"minecraft:crafting_table":1,"biomesoplenty:white_cherry_sapling":1,"minecraft:rose_bush":2,"minecraft:tall_grass":24,"minecraft:lapis_ore":3,"biomesoplenty:sprout":13,"minecraft:deepslate_gold_ore":9,"minecraft:blue_bed":4,"minecraft:purple_bed":9,"minecraft:birch_planks":56,"minecraft:cobblestone_wall":1,"minecraft:spruce_log":4,"minecraft:birch_leaves":1,"minecraft:white_wall_banner":1,"minecraft:coal_ore":127,"minecraft:sunflower":5,"minecraft:gravel":32,"minecraft:dripstone_block":4,"minecraft:cobweb":28,"minecraft:stone_bricks":3,"minecraft:gold_ore":1,"minecraft:fern":94},"minecraft:dropped":{"minecraft:birch_planks":6,"arphex:maggot_grub":2,"minecraft:oak_log":2,"minecraft:glow_ink_sac":3,"minecraft:orange_tulip":2,"biomesoplenty:mahogany_planks":2,"minecraft:leather":2,"minecraft:rail":24,"iceandfire:graveyard_soil":2,"minecraft:flint":1,"minecraft:cyan_terracotta":1,"minecraft:dirt":3,"minecraft:mutton":1,"gravestone:obituary":255,"minecraft:gold_nugget":4,"minecraft:bone_meal":3,"minecraft:sand":24,"minecraft:sunflower":10,"minecraft:sugar":2,"minecraft:fermented_spider_eye":8,"minecraft:white_wool":1,"minecraft:blue_bed":1,"minecraft:gold_ingot":2,"minecraft:gravel":8,"minecraft:cooked_chicken":5,"minecraft:iron_nugget":6,"minecraft:detector_rail":3,"minecraft:cobbled_deepslate":1,"minecraft:wheat":1,"minecraft:birch_sapling":10,"minecraft:pointed_dripstone":96,"minecraft:rotten_flesh":18,"minecraft:azure_bluet":2,"travelersbackpack:pumpkin":2,"minecraft:poppy":3,"iceandfire:ghost_chest":2,"minecraft:gunpowder":4,"biomesoplenty:pink_cherry_sapling":11,"minecraft:azalea":1,"epicfight:glove":2,"minecraft:powered_rail":4,"arphex:burning_glands":1,"minecraft:wheat_seeds":54,"minecraft:lilac":11,"minecraft:mossy_cobblestone":2,"minecraft:dripstone_block":7,"minecraft:poisonous_potato":2,"minecraft:prismarine_shard":3,"minecraft:feather":2,"minecraft:cobblestone":19,"minecraft:prismarine_crystals":8,"immersive_weathering:ash_layer_block":7,"minecraft:stick":2,"biomesoplenty:violet":5,"minecraft:cobweb":7,"minecraft:torch":1,"minecraft:rose_bush":1,"iceandfire:deepslate_silver_ore":1,"minecraft:white_banner":1,"minecraft:red_dye":3,"minecraft:string":4,"minecraft:spruce_sapling":1,"minecraft:dandelion":8,"epicfight:iron_spear":1,"minecraft:moss_carpet":1,"biomesoplenty:cherry_planks":1,"minecraft:stone_sword":1,"minecraft:raw_copper":13,"minecraft:tuff":1,"biomesoplenty:white_cherry_sapling":7,"minecraft:clay_ball":88,"minecraft:lily_of_the_valley":1,"minecraft:potato":1,"sanitydim:garland":1,"minecraft:oak_sapling":7,"minecraft:stone_bricks":6,"minecraft:spider_eye":15,"minecraft:bow":1,"minecraft:raw_gold":1,"epicfight:skillbook":5},"minecraft:killed_by":{"midnightlurker:midnight_lurker_backturned":2,"the_anomaly:anomaly_attack_crawl":2,"minecraft:creeper":6,"iceandfire:siren":1,"the_anomaly:anomaly_attack":5,"old_goatman:old_goatman":7,"the_rake:the_rake":7,"steve_dweller:steve_dweller":3,"endofherobrine:sheep":1,"arphex:centipede_evictor":1,"sanitydim:rotting_stalker":4,"arphex:spider_snatcher":37,"mimicer:mimicer":15,"midnightlurker:void_hands":3,"man:managgresive":2,"sanitydim:sneaking_terror":3,"arphex:spider_flat":1,"minecraft:witch":1,"minecraft:zombie":3,"arphex:hornet_harbinger_giant":2,"demonic_watcher:demonic_watcher":3,"arphex:spider_goliath":2,"minecraft:player":19,"arphex:hornet_harbinger":4,"the_mangle:the_mangle":10,"cartoon_dweller:cartoon_dweller":11,"apollyon:the_damned":1,"endofherobrine:villager":1,"minecraft:skeleton":5,"arphex:centipede_evictor_larvae":2,"cave_dweller:cave_dweller":4,"midnightlurker:midnight_lurker_unprovoked":3},"minecraft:picked_up":{"minecraft:iron_chestplate":1,"minecraft:birch_door":1,"minecraft:wheat":1,"minecraft:chainmail_boots":1,"minecraft:prismarine_shard":3,"minecraft:lead":1,"biomesoplenty:violet":5,"immersive_weathering:ash_layer_block":7,"iceandfire:manuscript":7,"minecraft:string":70,"minecraft:raw_copper":14,"arphex:necrotic_fang":2,"minecraft:gold_nugget":18,"minecraft:cobbled_deepslate":185,"minecraft:bucket":1,"minecraft:spruce_planks":3,"minecraft:red_dye":3,"minecraft:rose_bush":1,"minecraft:written_book":2,"minecraft:azalea":2,"arphex:giant_spinneret":1,"minecraft:melon_slice":112,"minecraft:stick":40,"iceandfire:ghost_chest":2,"minecraft:oak_fence":5,"minecraft:torch":57,"arphex:maggot_grub":3,"iceandfire:silver_ore":6,"epicfight:skillbook":6,"minecraft:porkchop":20,"minecraft:pointed_dripstone":98,"minecraft:rotten_flesh":138,"minecraft:tropical_fish":1,"minecraft:cyan_terracotta":1,"biomesoplenty:pink_cherry_sapling":13,"minecraft:obsidian":16,"minecraft:cobblestone":355,"minecraft:birch_log":245,"minecraft:feather":5,"minecraft:lilac":14,"minecraft:potato":55,"arphex:ectoplasm":1,"minecraft:flint":3,"minecraft:tuff":2,"arphex:venomous_appendage":1,"minecraft:lapis_lazuli":75,"minecraft:dirt":421,"minecraft:bone":55,"minecraft:bow":2,"minecraft:orange_tulip":16,"minecraft:wheat_seeds":162,"minecraft:raw_gold":10,"minecraft:mossy_stone_bricks":1,"minecraft:oak_planks":5,"biomesoplenty:cherry_log":32,"biomesoplenty:mahogany_planks":2,"minecraft:poisonous_potato":2,"iceandfire:shiny_scales":7,"minecraft:sand":48,"biomesoplenty:white_cherry_sapling":7,"minecraft:lily_of_the_valley":2,"minecraft:fermented_spider_eye":10,"minecraft:mossy_cobblestone":2,"travelersbackpack:white_sleeping_bag":2,"minecraft:sugar":2,"minecraft:diamond":15,"minecraft:bone_meal":3,"minecraft:oak_sapling":7,"arphex:locust_larvae":1,"minecraft:crafting_table":1,"minecraft:azure_bluet":2,"minecraft:chicken":7,"minecraft:clay_ball":108,"gravestone:obituary":151,"minecraft:moss_carpet":2,"minecraft:beef":17,"minecraft:iron_nugget":12,"minecraft:poppy":37,"minecraft:sugar_cane":6,"minecraft:birch_sapling":47,"minecraft:egg":3,"minecraft:dark_oak_sapling":1,"minecraft:raw_iron":111,"minecraft:prismarine_crystals":8,"iceandfire:silver_ingot":4,"minecraft:arrow":48,"minecraft:gold_ingot":2,"iceandfire:deepslate_silver_ore":1,"minecraft:glow_berries":26,"minecraft:mutton":41,"minecraft:skeleton_skull":1,"minecraft:white_wool":23,"minecraft:oxeye_daisy":4,"minecraft:glow_ink_sac":6,"minecraft:leather":13,"minecraft:birch_planks":61,"minecraft:oak_log":31,"iceandfire:ectoplasm":3,"minecraft:gunpowder":29,"sanitydim:garland":1,"minecraft:blue_bed":5,"minecraft:white_banner":6,"travelersbackpack:cow":2,"minecraft:apple":1,"minecraft:stone_bricks":6,"mowziesmobs:foliaath_seed":2,"minecraft:iron_ingot":5,"arphex:burning_glands":17,"minecraft:cobweb":7,"minecraft:birch_boat":1,"minecraft:pumpkin":2,"epicfight:iron_spear":1,"minecraft:dandelion":46,"minecraft:dripstone_block":12,"minecraft:gravel":44,"minecraft:birch_stairs":4,"minecraft:spruce_sapling":2,"minecraft:spruce_log":28,"minecraft:spider_eye":24,"arphex:fly_appendage":5,"minecraft:purple_bed":10,"travelersbackpack:pumpkin":16,"arphex:mangled_spider_flesh":1,"minecraft:black_wool":2,"minecraft:coal":127,"minecraft:sunflower":10}},"DataVersion":3120}