{"stats":{"minecraft:used":{"minecraft:bone_block":11,"minecraft:chest":2,"minecraft:shield":30,"minecraft:iron_sword":1,"minecraft:iron_chestplate":1,"minecraft:tuff":16,"minecraft:iron_helmet":3,"minecraft:item_frame":1,"minecraft:furnace":3,"minecraft:stone_pickaxe":391,"minecraft:oak_planks":1,"minecraft:cactus":2,"minecraft:wooden_pickaxe":106,"minecraft:sandstone":38,"minecraft:sand":63,"biomesoplenty:dead_planks":4,"minecraft:melon_slice":7,"minecraft:cyan_bed":13,"minecraft:bread":52,"minecraft:gravel":24,"arphex:maggot_grub":1,"minecraft:oak_boat":1,"minecraft:stone_sword":114,"minecraft:dead_bush":2,"minecraft:flint_and_steel":5,"minecraft:white_tulip":2,"minecraft:oak_door":1,"minecraft:torch":177,"minecraft:dirt":14,"minecraft:white_carpet":2,"minecraft:cobblestone_wall":21,"minecraft:wooden_axe":97,"minecraft:bookshelf":4,"minecraft:iron_axe":107,"minecraft:rooted_dirt":5,"minecraft:barrel":4,"minecraft:smooth_basalt":2,"minecraft:cooked_beef":12,"minecraft:cobbled_deepslate":60,"minecraft:iron_leggings":1,"minecraft:acacia_boat":2,"arphex:burning_glands":3,"minecraft:green_bed":18,"minecraft:mossy_cobblestone":1,"minecraft:terracotta":50,"minecraft:crafting_table":17,"minecraft:lime_bed":3,"minecraft:acacia_stairs":1,"minecraft:suspicious_stew":1,"minecraft:iron_pickaxe":468,"minecraft:stone_axe":109,"minecraft:cobblestone":334,"minecraft:cooked_porkchop":2,"minecraft:bucket":1,"minecraft:candle":4},"minecraft:custom":{"minecraft:interact_with_crafting_table":46,"minecraft:open_barrel":72,"minecraft:leave_game":8,"minecraft:time_since_death":1588,"minecraft:sprint_one_cm":745276,"minecraft:damage_blocked_by_shield":1339,"minecraft:drop":100,"minecraft:talked_to_villager":1,"minecraft:play_time":248347,"minecraft:deaths":33,"minecraft:jump":6779,"minecraft:walk_on_water_one_cm":24878,"minecraft:interact_with_furnace":24,"minecraft:interact_with_loom":2,"minecraft:sleep_in_bed":18,"minecraft:damage_dealt":19544,"minecraft:crouch_one_cm":108204,"minecraft:interact_with_smoker":1,"minecraft:mob_kills":115,"minecraft:climb_one_cm":2268,"minecraft:walk_one_cm":390701,"minecraft:sneak_time":36184,"minecraft:walk_under_water_one_cm":7854,"minecraft:boat_one_cm":233644,"minecraft:total_world_time":248347,"minecraft:time_since_rest":1620,"minecraft:damage_taken":11693,"minecraft:swim_one_cm":55856,"minecraft:fly_one_cm":1328804,"minecraft:open_chest":17,"minecraft:fall_one_cm":198165},"minecraft:picked_up":{"minecraft:iron_chestplate":4,"minecraft:flower_pot":2,"minecraft:suspicious_stew":4,"minecraft:diamond_sword":1,"minecraft:enchanted_book":7,"minecraft:amethyst_block":14,"minecraft:string":17,"minecraft:raw_copper":142,"minecraft:iron_leggings":3,"minecraft:diamond_leggings":1,"minecraft:cobbled_deepslate":118,"minecraft:bucket":1,"minecraft:spruce_planks":4,"minecraft:white_tulip":4,"minecraft:calcite":6,"minecraft:azalea":24,"minecraft:iron_pickaxe":9,"minecraft:melon_slice":109,"minecraft:iron_boots":4,"minecraft:stick":165,"minecraft:acacia_log":29,"minecraft:torch":182,"arphex:void_geode_shard":3,"minecraft:green_bed":20,"arphex:maggot_grub":8,"minecraft:porkchop":75,"minecraft:stone_sword":6,"minecraft:cactus":26,"minecraft:rotten_flesh":57,"biomesoplenty:mahogany_sapling":9,"minecraft:iron_bars":16,"minecraft:cobblestone":683,"minecraft:feather":2,"minecraft:cooked_beef":101,"minecraft:andesite":1,"minecraft:water_bucket":2,"minecraft:jungle_log":5,"minecraft:orange_carpet":2,"minecraft:potato":24,"biomesoplenty:dead_log":28,"minecraft:flint":2,"minecraft:tuff":17,"arphex:venomous_appendage":6,"minecraft:acacia_boat":2,"minecraft:lapis_lazuli":163,"minecraft:dirt":56,"minecraft:bone":30,"minecraft:acacia_planks":13,"minecraft:bow":3,"minecraft:wheat_seeds":88,"minecraft:raw_gold":17,"minecraft:rabbit":20,"minecraft:moss_block":2,"minecraft:oak_planks":28,"minecraft:cooked_porkchop":2,"minecraft:sand":88,"minecraft:cyan_bed":18,"minecraft:fermented_spider_eye":16,"minecraft:acacia_stairs":3,"minecraft:barrel":8,"minecraft:mossy_cobblestone":3,"minecraft:diamond":8,"minecraft:golden_apple":3,"minecraft:bread":153,"minecraft:emerald":6,"minecraft:rooted_dirt":20,"minecraft:oak_sapling":12,"minecraft:coarse_dirt":1,"minecraft:cocoa_beans":7,"minecraft:charcoal":40,"minecraft:crafting_table":4,"minecraft:chicken":41,"minecraft:wooden_pickaxe":3,"gravestone:obituary":9,"minecraft:shield":5,"minecraft:iron_axe":11,"minecraft:wooden_sword":5,"minecraft:flint_and_steel":4,"minecraft:item_frame":1,"minecraft:white_carpet":4,"minecraft:candle":20,"minecraft:beef":22,"minecraft:oak_boat":1,"minecraft:jungle_sapling":2,"minecraft:poppy":4,"minecraft:light_gray_wool":1,"minecraft:lectern":1,"minecraft:chest":1,"minecraft:raw_iron":124,"minecraft:sandstone":38,"minecraft:oak_door":5,"minecraft:bowl":27,"minecraft:spruce_fence":45,"minecraft:dark_oak_planks":5,"minecraft:arrow":19,"minecraft:beetroot_seeds":354,"minecraft:hay_block":59,"minecraft:mutton":9,"minecraft:white_wool":3,"minecraft:bone_block":11,"minecraft:lime_bed":3,"minecraft:glow_ink_sac":14,"minecraft:leather":38,"minecraft:gunpowder":9,"minecraft:cobblestone_wall":3,"minecraft:paper":16,"man:cassette_1safetyinstructions":8,"biomesoplenty:glowing_moss_carpet":1,"minecraft:apple":40,"minecraft:rabbit_hide":9,"minecraft:iron_ingot":50,"arphex:burning_glands":30,"minecraft:stripped_oak_wood":30,"minecraft:dark_oak_stairs":2,"minecraft:acacia_sapling":7,"minecraft:smooth_basalt":2,"minecraft:dandelion":1,"minecraft:gravel":46,"biomesoplenty:dead_planks":14,"minecraft:spider_eye":1,"biomesoplenty:mahogany_log":48,"minecraft:stone_axe":6,"minecraft:iron_helmet":4,"minecraft:terracotta":85,"minecraft:black_wool":2,"minecraft:melon_seeds":1,"minecraft:coal":67},"minecraft:killed_by":{"minecraft:creeper":2,"old_goatman:old_goatman":5,"the_rake:the_rake":7,"steve_dweller:steve_dweller":1,"arphex:spider_flat":4,"minecraft:zombie":1,"minecraft:player":2,"arphex:hornet_harbinger":2,"the_mangle:the_mangle":5,"minecraft:skeleton":3},"minecraft:broken":{"minecraft:stone_pickaxe":2,"minecraft:stone_axe":1,"minecraft:wooden_axe":2,"minecraft:wooden_pickaxe":1,"minecraft:iron_pickaxe":1},"minecraft:killed":{"arphex:mosquito_morbidity":1,"arphex:spider_flat":2,"minecraft:spider":4,"minecraft:skeleton":19,"minecraft:chicken":1,"minecraft:silverfish":2,"arphex:solifuge_skulker":1,"arphex:spider_larvae_tiny":14,"minecraft:pig":27,"minecraft:zombie_villager":2,"minecraft:sheep":5,"minecraft:zombie":17,"arphex:spider_larvae":2,"minecraft:cow":13,"arphex:spider_brood":1,"arphex:hornet_harbinger":2,"arphex:blood_worm":1,"arphex:centipede_stalker":1,"minecraft:rabbit":1,"arphex:fly_festerer":1},"minecraft:mined":{"minecraft:dark_oak_planks":4,"minecraft:spruce_planks":2,"minecraft:jungle_leaves":1,"minecraft:potted_cactus":1,"minecraft:acacia_log":11,"minecraft:grass_block":4,"minecraft:jungle_log":3,"minecraft:cobbled_deepslate":1,"minecraft:barrel":4,"minecraft:iron_ore":52,"immersive_weathering:mossy_stone":2,"minecraft:fire":2,"minecraft:deepslate_lapis_ore":1,"minecraft:dark_oak_stairs":1,"minecraft:green_bed":15,"minecraft:torch":25,"minecraft:calcite":3,"minecraft:dead_bush":3,"minecraft:cobblestone":29,"minecraft:cyan_bed":13,"minecraft:wall_torch":31,"minecraft:amethyst_block":7,"minecraft:acacia_sapling":2,"minecraft:grass":59,"minecraft:sand":62,"minecraft:dirt":18,"minecraft:smooth_basalt":2,"minecraft:oak_leaves":3,"minecraft:deepslate":59,"minecraft:diamond_ore":1,"minecraft:tuff":16,"minecraft:deepslate_diamond_ore":3,"gravestone:gravestone":7,"biomesoplenty:mahogany_sapling":1,"minecraft:sandstone":30,"biomesoplenty:dune_grass":1,"minecraft:hay_block":46,"minecraft:jungle_sapling":1,"minecraft:andesite":3,"minecraft:acacia_stairs":2,"minecraft:deepslate_iron_ore":30,"minecraft:stone":515,"minecraft:white_tulip":4,"minecraft:bone_block":11,"minecraft:acacia_leaves":10,"minecraft:glass_pane":1,"minecraft:crafting_table":2,"minecraft:emerald_ore":1,"minecraft:lectern":1,"minecraft:tall_grass":3,"biomesoplenty:sprout":4,"minecraft:lapis_ore":3,"minecraft:deepslate_gold_ore":15,"minecraft:orange_carpet":2,"minecraft:lime_bed":4,"minecraft:cactus":1,"biomesoplenty:mahogany_log":2,"minecraft:white_carpet":3,"minecraft:coal_ore":68,"minecraft:gravel":32,"minecraft:terracotta":69,"minecraft:acacia_planks":14,"minecraft:gold_ore":1,"minecraft:infested_stone":1,"minecraft:fern":11},"minecraft:dropped":{"minecraft:candle":1,"minecraft:moss_block":3,"minecraft:dark_oak_stairs":2,"arphex:maggot_grub":2,"minecraft:cooked_beef":7,"minecraft:dirt":23,"minecraft:orange_carpet":2,"gravestone:obituary":17,"minecraft:sand":4,"minecraft:iron_pickaxe":1,"minecraft:fermented_spider_eye":9,"minecraft:dark_oak_planks":1,"minecraft:bone":1,"minecraft:white_tulip":2,"minecraft:acacia_stairs":2,"minecraft:poppy":3,"minecraft:melon_seeds":1,"minecraft:azalea":12,"minecraft:acacia_sapling":7,"minecraft:iron_bars":32,"minecraft:arrow":1,"minecraft:lectern":1,"minecraft:iron_ingot":29,"minecraft:bread":4,"biomesoplenty:dead_planks":36,"minecraft:wheat_seeds":15,"minecraft:diamond_leggings":1,"minecraft:poisonous_potato":11,"minecraft:iron_helmet":1,"minecraft:cobblestone":11,"minecraft:golden_apple":1,"minecraft:torch":29,"minecraft:wooden_axe":1,"minecraft:melon_slice":48,"minecraft:cactus":14,"minecraft:string":2,"minecraft:acacia_planks":1,"minecraft:coarse_dirt":1,"minecraft:raw_copper":1,"minecraft:bowl":3,"minecraft:white_carpet":2,"minecraft:light_gray_wool":1,"minecraft:diamond_sword":1,"minecraft:flower_pot":2,"minecraft:spruce_planks":2,"minecraft:oak_sapling":6,"minecraft:wooden_pickaxe":2,"minecraft:cyan_bed":1,"minecraft:black_wool":2,"minecraft:terracotta":2},"minecraft:crafted":{"minecraft:oak_planks":24,"minecraft:iron_bars":16,"minecraft:iron_boots":1,"minecraft:chest":3,"minecraft:crafting_table":15,"minecraft:wooden_pickaxe":4,"minecraft:iron_helmet":1,"minecraft:hay_block":9,"minecraft:iron_chestplate":1,"minecraft:shield":1,"minecraft:stick":72,"minecraft:iron_ingot":64,"minecraft:iron_pickaxe":2,"minecraft:stone_sword":2,"minecraft:wooden_sword":1,"biomesoplenty:mahogany_planks":28,"minecraft:furnace":3,"minecraft:iron_axe":1,"minecraft:cobblestone_wall":24,"minecraft:stone_pickaxe":4,"minecraft:wheat":126,"biomesoplenty:dead_planks":112,"minecraft:iron_sword":1,"minecraft:bucket":2,"minecraft:stone_axe":5,"minecraft:bread":21,"minecraft:acacia_boat":1,"minecraft:air":0,"minecraft:jungle_planks":20,"minecraft:oak_boat":2,"minecraft:wooden_axe":3,"minecraft:iron_leggings":1,"minecraft:acacia_planks":56,"minecraft:torch":136}},"DataVersion":3120}