{"stats":{"minecraft:custom":{"minecraft:mob_kills":54,"minecraft:interact_with_crafting_table":42,"minecraft:damage_dealt_resisted":22,"minecraft:leave_game":10,"minecraft:time_since_death":5728,"minecraft:climb_one_cm":2983,"minecraft:damage_resisted":26,"minecraft:sprint_one_cm":831031,"minecraft:walk_one_cm":497630,"minecraft:drop":73,"minecraft:damage_dealt_absorbed":79,"minecraft:play_time":136944,"minecraft:deaths":35,"minecraft:sneak_time":10280,"minecraft:walk_under_water_one_cm":325,"minecraft:jump":4073,"minecraft:walk_on_water_one_cm":1162,"minecraft:total_world_time":136944,"minecraft:interact_with_furnace":27,"minecraft:sleep_in_bed":21,"minecraft:time_since_rest":5757,"minecraft:damage_taken":11094,"minecraft:damage_dealt":14121,"minecraft:swim_one_cm":8781,"minecraft:fly_one_cm":1634449,"minecraft:player_kills":6,"minecraft:open_chest":45,"minecraft:crouch_one_cm":74595,"minecraft:fall_one_cm":118719},"minecraft:crafted":{"minecraft:wooden_sword":1,"minecraft:oak_planks":32,"minecraft:stone_shovel":1,"minecraft:furnace":3,"sanitydim:garland":5,"minecraft:cooked_mutton":23,"travelersbackpack:white_sleeping_bag":1,"minecraft:chest":4,"iceandfire:armor_silver_metal_boots":1,"minecraft:cooked_beef":2,"minecraft:cooked_porkchop":2,"iceandfire:silver_ingot":6,"minecraft:crafting_table":3,"minecraft:spruce_planks":4,"minecraft:birch_planks":136,"minecraft:stone_axe":2,"minecraft:air":0,"minecraft:stick":8,"minecraft:iron_ingot":14,"minecraft:wooden_axe":1,"minecraft:stone_sword":1,"minecraft:torch":20,"minecraft:birch_stairs":24,"iceandfire:silver_sword":1},"minecraft:used":{"minecraft:stone_sword":136,"iceandfire:silver_sword":93,"minecraft:stone_shovel":132,"minecraft:spruce_planks":2,"minecraft:chest":4,"minecraft:rotten_flesh":16,"minecraft:torch":30,"minecraft:dirt":69,"sanitydim:garland":2,"minecraft:wooden_axe":25,"minecraft:birch_sapling":3,"minecraft:furnace":3,"minecraft:cooked_beef":2,"minecraft:potato":3,"minecraft:cooked_mutton":23,"minecraft:birch_planks":72,"minecraft:oak_planks":6,"minecraft:blue_bed":4,"iceandfire:armor_silver_metal_boots":1,"minecraft:crafting_table":4,"minecraft:dripstone_block":1,"minecraft:bread":13,"minecraft:iron_pickaxe":152,"travelersbackpack:pumpkin":3,"minecraft:stone_axe":133,"minecraft:wooden_sword":63,"minecraft:cobblestone":23,"minecraft:purple_bed":4,"minecraft:white_banner":3,"minecraft:cooked_porkchop":2,"minecraft:birch_log":60,"minecraft:birch_stairs":16},"minecraft:broken":{"minecraft:leather_leggings":1,"sanitydim:garland":4,"minecraft:leather_chestplate":1,"minecraft:wooden_sword":1,"minecraft:leather_boots":1,"minecraft:stone_axe":1,"minecraft:wooden_axe":1},"minecraft:killed":{"arphex:hornet_harbinger_giant":1,"minecraft:spider":1,"minecraft:skeleton":7,"arphex:hornet_harbinger":2,"minecraft:chicken":3,"minecraft:pig":5,"minecraft:sheep":17,"minecraft:pillager":6,"minecraft:zombie":5,"arphex:fly_festerer":1,"endofherobrine:sheep":2,"minecraft:cow":1},"minecraft:mined":{"minecraft:spruce_planks":2,"iceandfire:silver_ore":7,"immersive_weathering:birch_leaf_pile":2,"gravestone:gravestone":33,"minecraft:grass_block":94,"minecraft:spruce_sapling":1,"minecraft:iron_ore":7,"biomesoplenty:violet":5,"minecraft:moss_carpet":1,"minecraft:pumpkin":2,"minecraft:azure_bluet":2,"immersive_weathering:ivy":1,"minecraft:stone":58,"biomesoplenty:spider_egg":1,"minecraft:birch_stairs":4,"minecraft:lily_of_the_valley":1,"minecraft:dandelion":16,"minecraft:clay":3,"minecraft:crafting_table":1,"minecraft:torch":7,"minecraft:poppy":22,"minecraft:rose_bush":1,"minecraft:tall_grass":4,"minecraft:cobblestone":10,"biomesoplenty:sprout":9,"minecraft:sugar_cane":3,"minecraft:oak_planks":2,"minecraft:blue_bed":4,"minecraft:wall_torch":3,"minecraft:birch_sapling":10,"minecraft:purple_bed":4,"minecraft:birch_planks":22,"minecraft:birch_log":24,"minecraft:lilac":11,"minecraft:orange_tulip":6,"minecraft:grass":224,"biomesoplenty:clover":30,"minecraft:coal_ore":66,"minecraft:oak_log":8,"minecraft:dripstone_block":1,"minecraft:sunflower":5,"minecraft:dirt":15,"minecraft:fern":17},"minecraft:dropped":{"minecraft:wheat_seeds":31,"biomesoplenty:mahogany_planks":2,"biomesoplenty:violet":5,"minecraft:torch":1,"minecraft:mutton":1,"minecraft:rose_bush":1,"gravestone:obituary":45,"minecraft:sunflower":5,"minecraft:white_wool":1,"minecraft:blue_bed":1,"minecraft:spruce_sapling":1,"minecraft:moss_carpet":1,"minecraft:stone_sword":1,"minecraft:pointed_dripstone":5,"minecraft:clay_ball":88,"minecraft:azure_bluet":2,"travelersbackpack:pumpkin":2,"minecraft:poppy":1,"minecraft:potato":1,"sanitydim:garland":1,"minecraft:spider_eye":2},"minecraft:killed_by":{"midnightlurker:midnight_lurker_backturned":1,"minecraft:player":5,"the_anomaly:anomaly_attack_crawl":1,"the_anomaly:anomaly_attack":4,"arphex:hornet_harbinger":3,"old_goatman:old_goatman":2,"the_rake:the_rake":3,"endofherobrine:sheep":1,"sanitydim:rotting_stalker":2,"the_mangle:the_mangle":1,"mimicer:mimicer":2,"midnightlurker:void_hands":2,"man:managgresive":1,"sanitydim:sneaking_terror":1,"apollyon:the_damned":1,"minecraft:skeleton":2,"arphex:hornet_harbinger_giant":1,"midnightlurker:midnight_lurker_unprovoked":1},"minecraft:picked_up":{"minecraft:crafting_table":1,"minecraft:azure_bluet":2,"minecraft:chicken":3,"minecraft:clay_ball":88,"biomesoplenty:violet":5,"gravestone:obituary":25,"minecraft:string":2,"minecraft:moss_carpet":1,"arphex:necrotic_fang":1,"minecraft:spruce_planks":3,"minecraft:beef":2,"minecraft:rose_bush":1,"minecraft:poppy":22,"minecraft:sugar_cane":6,"minecraft:birch_sapling":35,"minecraft:stick":10,"minecraft:raw_iron":7,"minecraft:torch":11,"arphex:maggot_grub":1,"iceandfire:silver_ore":6,"minecraft:porkchop":10,"minecraft:pointed_dripstone":5,"minecraft:arrow":10,"minecraft:rotten_flesh":25,"minecraft:mutton":27,"minecraft:white_wool":15,"minecraft:cobblestone":74,"minecraft:birch_log":146,"minecraft:feather":3,"minecraft:lilac":9,"minecraft:leather":1,"minecraft:potato":1,"minecraft:birch_planks":22,"minecraft:oak_log":8,"sanitydim:garland":1,"minecraft:blue_bed":5,"minecraft:dirt":108,"minecraft:white_banner":3,"minecraft:bone":9,"minecraft:wheat_seeds":38,"minecraft:orange_tulip":6,"minecraft:oak_planks":2,"biomesoplenty:mahogany_planks":2,"minecraft:pumpkin":2,"minecraft:dandelion":15,"minecraft:dripstone_block":1,"minecraft:birch_stairs":4,"minecraft:spruce_sapling":2,"minecraft:spruce_log":24,"minecraft:lily_of_the_valley":2,"minecraft:spider_eye":2,"arphex:fly_appendage":1,"minecraft:purple_bed":4,"travelersbackpack:pumpkin":4,"minecraft:black_wool":2,"minecraft:coal":66,"minecraft:sunflower":7}},"DataVersion":3120}