{"stats":{"minecraft:dropped":{"minecraft:wooden_axe":1,"minecraft:melon_slice":1,"minecraft:wooden_shovel":3},"minecraft:custom":{"minecraft:interact_with_furnace":15,"minecraft:mob_kills":11,"minecraft:interact_with_crafting_table":29,"minecraft:leave_game":13,"minecraft:time_since_death":9434,"minecraft:climb_one_cm":1994,"minecraft:damage_resisted":10,"minecraft:time_since_rest":9472,"minecraft:sprint_one_cm":73173,"minecraft:damage_taken":3144,"minecraft:walk_one_cm":87342,"minecraft:drop":5,"minecraft:damage_dealt":1615,"minecraft:swim_one_cm":19417,"minecraft:fly_one_cm":46614,"minecraft:open_chest":96,"minecraft:crouch_one_cm":71850,"minecraft:play_time":72524,"minecraft:deaths":12,"minecraft:sneak_time":27022,"minecraft:walk_under_water_one_cm":12867,"minecraft:jump":304,"minecraft:walk_on_water_one_cm":2104,"minecraft:total_world_time":72524,"minecraft:fall_one_cm":4132},"minecraft:crafted":{"minecraft:oak_door":3,"minecraft:oak_planks":204,"minecraft:cobblestone_slab":144,"minecraft:crafting_table":2,"minecraft:wooden_pickaxe":2,"minecraft:furnace":1,"minecraft:copper_ingot":10,"minecraft:birch_planks":88,"minecraft:stone_axe":1,"minecraft:air":0,"minecraft:ladder":6,"minecraft:stick":16,"minecraft:andesite_slab":18,"minecraft:wooden_axe":3,"minecraft:stone_pickaxe":2,"minecraft:birch_trapdoor":2,"minecraft:diorite_slab":18,"minecraft:torch":8,"minecraft:granite_slab":18},"minecraft:killed":{"minecraft:spider":4,"minecraft:rabbit":2,"minecraft:sheep":1,"minecraft:zombie":1,"minecraft:mooshroom":2},"minecraft:broken":{"minecraft:wooden_axe":1},"minecraft:used":{"minecraft:water_bucket":5,"minecraft:diorite":1,"minecraft:birch_planks":87,"minecraft:stone_pickaxe":182,"minecraft:oak_planks":161,"minecraft:ladder":3,"minecraft:andesite_slab":19,"minecraft:chest":15,"minecraft:wooden_pickaxe":50,"minecraft:cobblestone_slab":148,"minecraft:wooden_shovel":91,"minecraft:oak_door":2,"minecraft:torch":7,"minecraft:dirt":84,"minecraft:crafting_table":2,"minecraft:granite":3,"minecraft:wooden_axe":89,"minecraft:stone_axe":17,"minecraft:granite_slab":20,"minecraft:birch_trapdoor":2,"minecraft:furnace":3,"minecraft:bucket":5,"minecraft:andesite":2,"minecraft:diorite_slab":13},"minecraft:mined":{"minecraft:podzol":13,"minecraft:powder_snow":1,"minecraft:clay":16,"minecraft:granite":15,"minecraft:grass_block":88,"minecraft:calcite":13,"minecraft:melon":7,"minecraft:chest":15,"minecraft:andesite_slab":2,"minecraft:copper_ore":10,"minecraft:oak_planks":15,"minecraft:diorite":17,"minecraft:wall_torch":2,"minecraft:birch_sapling":1,"minecraft:amethyst_block":13,"minecraft:birch_planks":8,"minecraft:furnace":2,"minecraft:birch_log":14,"minecraft:iron_ore":15,"minecraft:fire":4,"minecraft:birch_trapdoor":1,"minecraft:andesite":13,"minecraft:pumpkin":3,"minecraft:granite_slab":1,"minecraft:oak_log":47,"minecraft:coal_ore":14,"minecraft:cobblestone_slab":6,"minecraft:gravel":31,"minecraft:dirt":54,"minecraft:smooth_basalt":5,"minecraft:stone":66},"minecraft:killed_by":{"man:managgresive":1,"skinwalker_overhaul:skinwalker_overhaul":1,"minecraft:spider":1,"torture:torture":1,"jacky:jacky":2},"minecraft:picked_up":{"minecraft:wooden_axe":5,"minecraft:birch_log":32,"minecraft:feather":14,"minecraft:ladder":6,"minecraft:clay_ball":112,"minecraft:water_bucket":1,"minecraft:andesite":20,"minecraft:leather":3,"minecraft:wooden_pickaxe":1,"minecraft:red_mushroom":1,"minecraft:potato":1,"minecraft:birch_planks":49,"minecraft:flint":3,"minecraft:oak_log":55,"minecraft:amethyst_block":19,"minecraft:string":9,"minecraft:dirt":186,"minecraft:paper":2,"minecraft:raw_copper":45,"minecraft:bone":5,"minecraft:bucket":2,"minecraft:rabbit_hide":2,"minecraft:beef":3,"minecraft:iron_ingot":5,"minecraft:stone_pickaxe":2,"minecraft:cobblestone_slab":40,"minecraft:calcite":23,"minecraft:azalea":1,"minecraft:wooden_shovel":13,"minecraft:melon_slice":45,"minecraft:chest":17,"minecraft:birch_sapling":2,"minecraft:oak_planks":51,"minecraft:furnace":2,"minecraft:egg":4,"minecraft:smooth_basalt":6,"minecraft:glow_lichen":5,"minecraft:stick":3,"minecraft:raw_iron":24,"minecraft:pumpkin":3,"minecraft:copper_ingot":10,"minecraft:birch_trapdoor":2,"minecraft:torch":7,"minecraft:music_disc_mellohi":1,"minecraft:gravel":37,"minecraft:granite_slab":2,"minecraft:spruce_sapling":1,"minecraft:diorite":24,"minecraft:spider_eye":1,"minecraft:pumpkin_seeds":1,"minecraft:rotten_flesh":1,"minecraft:writable_book":1,"minecraft:granite":19,"minecraft:oak_sapling":2,"minecraft:rail":1,"minecraft:coal":18,"minecraft:andesite_slab":3,"minecraft:white_wool":1,"minecraft:cobblestone":89}},"DataVersion":3120}