{"stats":{"minecraft:dropped":{"minecraft:wooden_axe":1,"minecraft:melon_slice":1,"minecraft:bone":2,"minecraft:azalea":1,"minecraft:wooden_shovel":3},"minecraft:custom":{"minecraft:mob_kills":23,"minecraft:interact_with_crafting_table":69,"minecraft:leave_game":16,"minecraft:time_since_death":6218,"minecraft:climb_one_cm":3222,"minecraft:damage_resisted":10,"minecraft:sprint_one_cm":216011,"minecraft:walk_one_cm":244319,"minecraft:drop":8,"minecraft:play_time":134254,"minecraft:deaths":21,"minecraft:sneak_time":42319,"minecraft:walk_under_water_one_cm":12971,"minecraft:jump":672,"minecraft:walk_on_water_one_cm":2583,"minecraft:total_world_time":134254,"minecraft:interact_with_furnace":24,"minecraft:time_since_rest":6247,"minecraft:damage_taken":5937,"minecraft:damage_dealt":6304,"minecraft:swim_one_cm":19479,"minecraft:fly_one_cm":96381,"minecraft:open_chest":226,"minecraft:crouch_one_cm":113993,"minecraft:fall_one_cm":8167},"minecraft:crafted":{"minecraft:oak_door":3,"minecraft:oak_planks":240,"minecraft:raw_iron":9,"minecraft:cobblestone_slab":204,"minecraft:stone_shovel":2,"minecraft:spruce_button":4,"minecraft:furnace":1,"minecraft:ladder":6,"minecraft:stone_pickaxe":4,"minecraft:birch_door":3,"minecraft:arrow":4,"minecraft:crafting_table":3,"minecraft:spruce_planks":24,"minecraft:wooden_pickaxe":2,"minecraft:copper_ingot":10,"minecraft:birch_planks":164,"minecraft:stone_axe":3,"minecraft:air":0,"minecraft:stick":64,"minecraft:andesite_slab":78,"minecraft:iron_pickaxe":2,"minecraft:iron_ingot":24,"minecraft:birch_trapdoor":2,"minecraft:wooden_axe":3,"minecraft:torch":16,"minecraft:diorite_slab":90,"minecraft:granite_slab":114},"minecraft:killed":{"minecraft:spider":4,"minecraft:rabbit":2,"minecraft:polar_bear":2,"minecraft:sheep":1,"minecraft:goat":2,"minecraft:zombie":1,"minecraft:stray":3,"minecraft:mooshroom":2},"minecraft:broken":{"minecraft:wooden_shovel":1,"minecraft:stone_pickaxe":1,"minecraft:stone_axe":1,"minecraft:wooden_axe":1},"minecraft:used":{"minecraft:stone_shovel":136,"minecraft:ladder":3,"minecraft:chest":28,"minecraft:spruce_planks":6,"minecraft:white_terracotta":6,"minecraft:wooden_shovel":181,"minecraft:oak_door":2,"minecraft:iron_chestplate":1,"minecraft:torch":21,"minecraft:dirt":89,"minecraft:granite":5,"minecraft:snowball":91,"minecraft:birch_door":2,"minecraft:wooden_axe":89,"minecraft:iron_boots":3,"minecraft:smooth_basalt":15,"minecraft:birch_trapdoor":2,"minecraft:golden_carrot":2,"minecraft:bow":4,"minecraft:furnace":3,"minecraft:water_bucket":6,"minecraft:diorite":1,"minecraft:birch_planks":144,"minecraft:stone_pickaxe":324,"minecraft:oak_planks":181,"minecraft:andesite_slab":80,"minecraft:wooden_pickaxe":55,"minecraft:cobblestone_slab":210,"minecraft:salmon":2,"minecraft:terracotta":5,"minecraft:crafting_table":4,"minecraft:gray_terracotta":4,"minecraft:iron_pickaxe":266,"minecraft:gravel":9,"minecraft:stone_axe":150,"minecraft:granite_slab":99,"minecraft:cobblestone":4,"minecraft:andesite":2,"minecraft:bucket":7,"minecraft:diorite_slab":92},"minecraft:mined":{"minecraft:diamond_ore":1,"minecraft:spruce_planks":2,"minecraft:dark_oak_log":1,"minecraft:granite":54,"minecraft:budding_amethyst":3,"minecraft:grass_block":150,"minecraft:white_concrete_powder":10,"minecraft:diorite_slab":1,"minecraft:furnace":2,"minecraft:raw_gold_block":4,"minecraft:iron_ore":30,"minecraft:fire":8,"minecraft:andesite":28,"minecraft:pumpkin":3,"minecraft:granite_slab":6,"minecraft:cobblestone_slab":7,"minecraft:dirt_path":3,"minecraft:packed_ice":23,"minecraft:stone":135,"minecraft:podzol":24,"minecraft:gray_terracotta":5,"minecraft:snow_block":80,"minecraft:powder_snow":15,"minecraft:clay":19,"minecraft:crafting_table":1,"minecraft:calcite":50,"minecraft:melon":8,"minecraft:chest":27,"minecraft:andesite_slab":4,"minecraft:cobblestone":4,"minecraft:copper_ore":33,"minecraft:oak_planks":15,"minecraft:diorite":55,"minecraft:wall_torch":2,"minecraft:amethyst_block":30,"minecraft:birch_sapling":1,"minecraft:white_terracotta":13,"minecraft:birch_planks":15,"minecraft:blue_terracotta":1,"minecraft:birch_log":35,"minecraft:blue_ice":16,"minecraft:birch_trapdoor":1,"minecraft:spruce_log":11,"minecraft:oak_log":59,"minecraft:coal_ore":17,"minecraft:gravel":80,"minecraft:dripstone_block":9,"minecraft:dirt":110,"minecraft:smooth_basalt":20,"minecraft:terracotta":15,"minecraft:raw_copper_block":3,"minecraft:gold_ore":2,"minecraft:oak_leaves":6},"minecraft:killed_by":{"minecraft:player":1,"minecraft:spider":1,"jacky:jacky":2,"mimicer:mimicer":2,"man:managgresive":1,"skinwalker_overhaul:skinwalker_overhaul":5,"torture:torture":2},"minecraft:picked_up":{"minecraft:wooden_axe":5,"minecraft:iron_chestplate":3,"minecraft:crafting_table":1,"minecraft:ladder":6,"minecraft:clay_ball":140,"minecraft:wooden_pickaxe":1,"minecraft:diorite_slab":4,"minecraft:amethyst_block":90,"minecraft:string":9,"minecraft:raw_copper":168,"minecraft:bucket":2,"minecraft:spruce_planks":2,"minecraft:beef":3,"minecraft:cobblestone_slab":46,"minecraft:calcite":88,"minecraft:azalea":2,"minecraft:wooden_shovel":13,"minecraft:iron_pickaxe":3,"minecraft:melon_slice":45,"minecraft:chest":35,"minecraft:birch_sapling":2,"minecraft:raw_copper_block":6,"minecraft:furnace":2,"minecraft:iron_boots":3,"minecraft:egg":4,"minecraft:tipped_arrow":1,"minecraft:dark_oak_sapling":2,"minecraft:stick":27,"minecraft:raw_iron":45,"minecraft:raw_gold_block":4,"minecraft:copper_ingot":11,"minecraft:birch_trapdoor":2,"minecraft:music_disc_mellohi":1,"minecraft:torch":12,"minecraft:diorite":82,"minecraft:arrow":3,"minecraft:stone_shovel":2,"minecraft:rotten_flesh":1,"minecraft:gold_ingot":1,"minecraft:white_terracotta":16,"minecraft:cod":2,"minecraft:rail":3,"minecraft:snowball":478,"minecraft:white_wool":1,"minecraft:cobblestone":215,"minecraft:birch_log":73,"minecraft:feather":26,"minecraft:golden_carrot":1,"minecraft:andesite":44,"minecraft:water_bucket":3,"minecraft:salmon":2,"minecraft:leather":3,"minecraft:red_mushroom":1,"minecraft:potato":1,"minecraft:birch_planks":80,"minecraft:flint":9,"minecraft:oak_log":69,"minecraft:map":1,"minecraft:dirt":386,"minecraft:paper":2,"minecraft:bone":24,"minecraft:bow":1,"minecraft:gray_terracotta":8,"minecraft:wheat_seeds":3,"minecraft:raw_gold":7,"minecraft:rabbit_hide":4,"minecraft:music_disc_far":1,"minecraft:iron_ingot":5,"minecraft:stone_pickaxe":4,"minecraft:oak_planks":77,"minecraft:glow_lichen":6,"minecraft:smooth_basalt":33,"minecraft:pumpkin":3,"minecraft:raw_iron_block":1,"minecraft:dripstone_block":10,"minecraft:gravel":147,"minecraft:spruce_sapling":1,"minecraft:granite_slab":90,"minecraft:spruce_log":15,"minecraft:dark_oak_log":1,"minecraft:spider_eye":1,"minecraft:pumpkin_seeds":1,"minecraft:blue_terracotta":3,"minecraft:white_concrete_powder":17,"minecraft:diamond":2,"minecraft:stone_axe":6,"minecraft:writable_book":2,"minecraft:granite":74,"minecraft:blue_ice":1,"minecraft:bone_meal":28,"minecraft:spruce_button":8,"minecraft:terracotta":27,"minecraft:oak_sapling":5,"minecraft:coal":30,"minecraft:andesite_slab":7}},"DataVersion":3120}