{"stats":{"minecraft:custom":{"minecraft:interact_with_crafting_table":72,"minecraft:leave_game":24,"minecraft:time_since_death":1737,"minecraft:damage_resisted":28,"minecraft:sprint_one_cm":3297358,"minecraft:damage_blocked_by_shield":646,"minecraft:drop":346,"minecraft:play_time":468477,"minecraft:deaths":159,"minecraft:jump":13835,"minecraft:walk_on_water_one_cm":58505,"minecraft:interact_with_furnace":103,"minecraft:sleep_in_bed":27,"minecraft:damage_dealt":79593,"minecraft:player_kills":19,"minecraft:crouch_one_cm":164862,"minecraft:mob_kills":298,"minecraft:damage_dealt_resisted":549,"minecraft:climb_one_cm":14211,"minecraft:walk_one_cm":2111671,"minecraft:damage_dealt_absorbed":1660,"minecraft:sneak_time":26025,"minecraft:walk_under_water_one_cm":28677,"minecraft:total_world_time":468477,"minecraft:time_since_rest":1763,"minecraft:damage_taken":2147483647,"minecraft:swim_one_cm":54623,"minecraft:fly_one_cm":5130698,"minecraft:open_chest":114,"minecraft:fall_one_cm":423699},"minecraft:crafted":{"minecraft:oak_planks":116,"epicfight:iron_spear":1,"minecraft:cooked_chicken":7,"minecraft:cooked_mutton":26,"minecraft:iron_boots":1,"minecraft:chest":10,"minecraft:birch_door":3,"minecraft:stone_hoe":1,"minecraft:cooked_porkchop":5,"minecraft:crafting_table":4,"minecraft:spruce_planks":88,"minecraft:iron_helmet":2,"minecraft:baked_potato":12,"minecraft:birch_planks":380,"minecraft:iron_chestplate":3,"minecraft:diamond_pickaxe":1,"minecraft:shield":1,"minecraft:stick":60,"minecraft:iron_ingot":89,"minecraft:iron_pickaxe":1,"minecraft:stone_sword":1,"minecraft:birch_stairs":24,"iceandfire:silver_sword":1,"minecraft:wooden_sword":1,"minecraft:stone_shovel":2,"minecraft:furnace":5,"minecraft:bone_meal":24,"sanitydim:garland":10,"epicfight:glove":3,"travelersbackpack:white_sleeping_bag":1,"minecraft:iron_axe":1,"minecraft:stone_pickaxe":1,"epicfight:iron_greatsword":1,"iceandfire:armor_silver_metal_boots":1,"minecraft:cooked_beef":2,"iceandfire:silver_ingot":6,"minecraft:iron_sword":6,"minecraft:bucket":1,"minecraft:stone_axe":2,"minecraft:air":0,"epicfight:iron_tachi":2,"minecraft:wooden_axe":1,"minecraft:iron_shovel":1,"minecraft:iron_leggings":2,"minecraft:white_bed":1,"minecraft:torch":248},"minecraft:used":{"minecraft:iron_shovel":269,"minecraft:chest":10,"minecraft:shield":11,"minecraft:iron_sword":260,"minecraft:rotten_flesh":56,"minecraft:iron_chestplate":4,"sanitydim:garland":4,"minecraft:birch_sapling":5,"minecraft:iron_helmet":4,"epicfight:diamond_greatsword":5,"minecraft:bow":11,"minecraft:written_book":1,"minecraft:furnace":5,"minecraft:egg":1,"minecraft:potato":62,"minecraft:dark_oak_sapling":1,"minecraft:mossy_stone_bricks":1,"epicfight:skillbook":16,"minecraft:stone_pickaxe":132,"minecraft:oak_planks":14,"minecraft:blue_bed":4,"iceandfire:armor_silver_metal_boots":1,"minecraft:glow_berries":33,"minecraft:dripstone_block":1,"epicfight:iron_tachi":508,"minecraft:bread":20,"minecraft:melon_slice":44,"travelersbackpack:pumpkin":10,"minecraft:wooden_sword":63,"minecraft:birch_log":150,"minecraft:bone_meal":24,"minecraft:stone_sword":136,"iceandfire:silver_sword":320,"minecraft:tropical_fish":1,"minecraft:stone_shovel":161,"minecraft:spruce_planks":86,"minecraft:stone_hoe":274,"minecraft:cooked_chicken":2,"minecraft:torch":342,"minecraft:dirt":296,"minecraft:birch_door":4,"minecraft:wooden_axe":25,"epicfight:iron_greatsword":21,"minecraft:iron_axe":135,"epicfight:glove":19,"minecraft:iron_boots":2,"minecraft:cooked_beef":2,"minecraft:cobbled_deepslate":113,"minecraft:iron_leggings":2,"minecraft:wheat_seeds":101,"minecraft:cooked_mutton":26,"minecraft:water_bucket":6,"arphex:burning_glands":7,"epicfight:iron_spear":18,"minecraft:birch_planks":280,"minecraft:baked_potato":12,"minecraft:crafting_table":5,"minecraft:white_bed":1,"minecraft:spruce_log":8,"minecraft:diamond_pickaxe":341,"minecraft:apple":1,"minecraft:iron_pickaxe":315,"travelersbackpack:white_sleeping_bag":2,"minecraft:stone_axe":180,"minecraft:cobblestone":265,"minecraft:purple_bed":7,"minecraft:white_banner":5,"minecraft:cooked_porkchop":5,"minecraft:bucket":8,"minecraft:birch_stairs":27},"minecraft:broken":{"minecraft:leather_leggings":1,"minecraft:iron_boots":2,"minecraft:iron_chestplate":2,"minecraft:iron_leggings":3,"sanitydim:garland":10,"minecraft:stone_pickaxe":1,"minecraft:wooden_sword":1,"minecraft:stone_axe":2,"minecraft:wooden_axe":1,"iceandfire:armor_silver_metal_boots":1,"epicfight:iron_tachi":2,"minecraft:stone_shovel":1,"minecraft:leather_chestplate":1,"minecraft:stone_hoe":1,"minecraft:leather_boots":1,"minecraft:iron_pickaxe":1,"minecraft:iron_helmet":3},"minecraft:killed":{"minecraft:cave_spider":8,"arphex:giant_web":1,"minecraft:witch":1,"arphex:spider_flat":1,"arphex:long_legs_tiny":5,"minecraft:spider":17,"minecraft:skeleton":29,"minecraft:chicken":7,"arphex:ant_arsonist":5,"mowziesmobs:foliaath":1,"minecraft:tropical_fish":1,"arphex:butterfly_bewitcher":2,"arphex:long_legs":6,"arphex:spider_larvae_tiny":36,"minecraft:pig":5,"minecraft:creeper":14,"arphex:centipede_evictor_larvae":4,"minecraft:sheep":19,"minecraft:pillager":8,"minecraft:zombie":42,"cave_dweller:cave_dweller":4,"endofherobrine:cow":1,"arphex:spider_larvae":14,"minecraft:cow":2,"arphex:spider_snatcher":1,"arphex:hornet_harbinger_giant":2,"arphex:spider_brood":2,"midnightlurker:void_hands":1,"arphex:beetle_bulwark":1,"the_rake:the_rake":3,"arphex:butterfly_bewitcher_giant":1,"arphex:locust_landscourge":1,"arphex:beetle_tick_mite":1,"iceandfire:siren":1,"arphex:hornet_harbinger":10,"arphex:blood_worm":7,"arphex:centipede_stalker":1,"endofherobrine:villager":3,"old_goatman:old_goatman":1,"arphex:fly_festerer":2,"endofherobrine:sheep":2,"minecraft:enderman":1,"demonic_watcher:demonic_watcher":2},"minecraft:mined":{"minecraft:spruce_planks":2,"minecraft:obsidian":1,"minecraft:grass_block":320,"minecraft:spawner":2,"minecraft:cobbled_deepslate":26,"minecraft:iron_ore":34,"immersive_weathering:mossy_stone":1,"biomesoplenty:violet":5,"minecraft:pumpkin":2,"minecraft:moss_carpet":2,"minecraft:deepslate_lapis_ore":10,"immersive_weathering:charred_planks":1,"minecraft:azure_bluet":2,"minecraft:pointed_dripstone":19,"minecraft:cave_vines":2,"biomesoplenty:webbing":2,"minecraft:azalea":1,"immersive_weathering:oak_leaf_pile":1,"minecraft:clay":8,"minecraft:torch":18,"minecraft:melon":29,"minecraft:poppy":27,"minecraft:cobblestone":31,"minecraft:sugar_cane":3,"minecraft:oak_planks":2,"minecraft:wall_torch":29,"minecraft:birch_sapling":11,"minecraft:birch_log":80,"minecraft:wheat":1,"minecraft:lilac":11,"minecraft:birch_door":1,"minecraft:orange_tulip":17,"minecraft:grass":1187,"biomesoplenty:clover":208,"minecraft:oak_log":8,"minecraft:dirt":40,"the_one_who_watches:scratched_birch_log":1,"immersive_weathering:dark_oak_leaf_pile":6,"minecraft:deepslate":145,"minecraft:diamond_ore":2,"minecraft:tuff":2,"iceandfire:silver_ore":7,"minecraft:deepslate_diamond_ore":7,"immersive_weathering:birch_leaf_pile":27,"gravestone:gravestone":156,"iceandfire:deepslate_silver_ore":1,"travelersbackpack:white_sleeping_bag":2,"minecraft:spruce_sapling":1,"minecraft:potatoes":15,"minecraft:deepslate_iron_ore":85,"immersive_weathering:ivy":10,"biomesoplenty:spider_egg":2,"minecraft:stone":256,"minecraft:birch_stairs":4,"minecraft:lily_of_the_valley":1,"minecraft:dandelion":33,"minecraft:crafting_table":1,"minecraft:rose_bush":2,"minecraft:tall_grass":23,"minecraft:lapis_ore":3,"biomesoplenty:sprout":9,"minecraft:deepslate_gold_ore":9,"minecraft:blue_bed":4,"minecraft:purple_bed":7,"minecraft:birch_planks":50,"minecraft:cobblestone_wall":1,"minecraft:spruce_log":4,"minecraft:birch_leaves":1,"minecraft:white_wall_banner":1,"minecraft:coal_ore":119,"minecraft:sunflower":5,"minecraft:dripstone_block":4,"minecraft:cobweb":28,"minecraft:stone_bricks":3,"minecraft:gold_ore":1,"minecraft:fern":83},"minecraft:dropped":{"minecraft:birch_planks":3,"arphex:maggot_grub":2,"minecraft:glow_ink_sac":3,"minecraft:orange_tulip":2,"biomesoplenty:mahogany_planks":2,"minecraft:rail":24,"minecraft:cyan_terracotta":1,"minecraft:mutton":1,"gravestone:obituary":220,"minecraft:sand":24,"minecraft:sunflower":10,"minecraft:sugar":2,"minecraft:fermented_spider_eye":8,"minecraft:white_wool":1,"minecraft:blue_bed":1,"minecraft:gravel":4,"minecraft:cooked_chicken":5,"minecraft:iron_nugget":6,"minecraft:detector_rail":3,"minecraft:cobbled_deepslate":1,"minecraft:wheat":1,"minecraft:birch_sapling":10,"minecraft:pointed_dripstone":96,"minecraft:rotten_flesh":13,"minecraft:azure_bluet":2,"travelersbackpack:pumpkin":2,"minecraft:poppy":3,"minecraft:gunpowder":3,"minecraft:azalea":1,"epicfight:glove":2,"minecraft:powered_rail":4,"minecraft:wheat_seeds":52,"minecraft:lilac":9,"minecraft:mossy_cobblestone":2,"minecraft:dripstone_block":7,"minecraft:poisonous_potato":2,"minecraft:prismarine_shard":2,"minecraft:feather":2,"minecraft:cobblestone":7,"minecraft:prismarine_crystals":5,"immersive_weathering:ash_layer_block":4,"minecraft:stick":2,"biomesoplenty:violet":5,"minecraft:cobweb":1,"minecraft:torch":1,"minecraft:rose_bush":1,"minecraft:white_banner":1,"minecraft:red_dye":3,"minecraft:string":4,"minecraft:spruce_sapling":1,"epicfight:iron_spear":1,"minecraft:moss_carpet":1,"minecraft:stone_sword":1,"minecraft:raw_copper":13,"minecraft:tuff":1,"minecraft:clay_ball":88,"minecraft:lily_of_the_valley":1,"minecraft:potato":1,"sanitydim:garland":1,"minecraft:oak_sapling":6,"minecraft:spider_eye":13,"minecraft:bow":1,"minecraft:raw_gold":1,"epicfight:skillbook":5},"minecraft:killed_by":{"midnightlurker:midnight_lurker_backturned":2,"the_anomaly:anomaly_attack_crawl":2,"minecraft:creeper":2,"iceandfire:siren":1,"the_anomaly:anomaly_attack":4,"old_goatman:old_goatman":7,"the_rake:the_rake":6,"steve_dweller:steve_dweller":3,"endofherobrine:sheep":1,"arphex:centipede_evictor":1,"sanitydim:rotting_stalker":3,"arphex:spider_snatcher":37,"mimicer:mimicer":14,"midnightlurker:void_hands":3,"man:managgresive":2,"sanitydim:sneaking_terror":2,"arphex:spider_flat":1,"minecraft:zombie":3,"arphex:hornet_harbinger_giant":2,"demonic_watcher:demonic_watcher":3,"minecraft:player":16,"arphex:hornet_harbinger":4,"the_mangle:the_mangle":7,"cartoon_dweller:cartoon_dweller":10,"apollyon:the_damned":1,"endofherobrine:villager":1,"minecraft:skeleton":5,"arphex:centipede_evictor_larvae":2,"cave_dweller:cave_dweller":4,"midnightlurker:midnight_lurker_unprovoked":3},"minecraft:picked_up":{"minecraft:iron_chestplate":1,"minecraft:birch_door":1,"minecraft:wheat":1,"minecraft:prismarine_shard":2,"minecraft:lead":1,"biomesoplenty:violet":5,"immersive_weathering:ash_layer_block":4,"minecraft:string":63,"minecraft:raw_copper":14,"arphex:necrotic_fang":2,"minecraft:cobbled_deepslate":185,"minecraft:bucket":1,"minecraft:spruce_planks":3,"minecraft:red_dye":3,"minecraft:rose_bush":1,"minecraft:written_book":2,"minecraft:azalea":2,"arphex:giant_spinneret":1,"minecraft:melon_slice":112,"minecraft:stick":34,"minecraft:oak_fence":5,"minecraft:torch":57,"arphex:maggot_grub":3,"iceandfire:silver_ore":6,"epicfight:skillbook":6,"minecraft:porkchop":10,"minecraft:pointed_dripstone":98,"minecraft:rotten_flesh":115,"minecraft:tropical_fish":1,"minecraft:cyan_terracotta":1,"minecraft:obsidian":1,"minecraft:cobblestone":324,"minecraft:birch_log":245,"minecraft:feather":5,"minecraft:lilac":9,"minecraft:potato":55,"arphex:ectoplasm":1,"minecraft:tuff":2,"arphex:venomous_appendage":1,"minecraft:lapis_lazuli":75,"minecraft:dirt":399,"minecraft:bone":47,"minecraft:bow":2,"minecraft:orange_tulip":16,"minecraft:wheat_seeds":160,"minecraft:raw_gold":10,"minecraft:mossy_stone_bricks":1,"minecraft:oak_planks":5,"biomesoplenty:mahogany_planks":2,"minecraft:poisonous_potato":2,"iceandfire:shiny_scales":5,"minecraft:sand":48,"minecraft:lily_of_the_valley":2,"minecraft:fermented_spider_eye":9,"minecraft:mossy_cobblestone":2,"travelersbackpack:white_sleeping_bag":2,"minecraft:sugar":2,"minecraft:diamond":15,"minecraft:oak_sapling":6,"arphex:locust_larvae":1,"minecraft:crafting_table":1,"minecraft:azure_bluet":2,"minecraft:chicken":6,"minecraft:clay_ball":108,"gravestone:obituary":133,"minecraft:moss_carpet":2,"minecraft:beef":11,"minecraft:iron_nugget":12,"minecraft:poppy":27,"minecraft:sugar_cane":6,"minecraft:birch_sapling":47,"minecraft:egg":3,"minecraft:dark_oak_sapling":1,"minecraft:raw_iron":110,"minecraft:prismarine_crystals":5,"minecraft:arrow":34,"iceandfire:deepslate_silver_ore":1,"minecraft:glow_berries":26,"minecraft:mutton":31,"minecraft:white_wool":17,"minecraft:glow_ink_sac":6,"minecraft:leather":9,"minecraft:birch_planks":52,"minecraft:oak_log":29,"minecraft:gunpowder":28,"sanitydim:garland":1,"minecraft:blue_bed":5,"minecraft:white_banner":6,"travelersbackpack:cow":2,"minecraft:apple":1,"minecraft:stone_bricks":3,"mowziesmobs:foliaath_seed":2,"minecraft:iron_ingot":2,"arphex:burning_glands":11,"minecraft:cobweb":1,"minecraft:pumpkin":2,"epicfight:iron_spear":1,"minecraft:dandelion":30,"minecraft:dripstone_block":12,"minecraft:gravel":5,"minecraft:birch_stairs":4,"minecraft:spruce_sapling":2,"minecraft:spruce_log":28,"minecraft:spider_eye":20,"arphex:fly_appendage":4,"minecraft:purple_bed":8,"travelersbackpack:pumpkin":13,"minecraft:black_wool":2,"minecraft:coal":119,"minecraft:sunflower":10}},"DataVersion":3120}