{"stats":{"minecraft:custom":{"minecraft:mob_kills":117,"minecraft:interact_with_crafting_table":59,"minecraft:damage_dealt_resisted":42,"minecraft:leave_game":13,"minecraft:time_since_death":7256,"minecraft:climb_one_cm":5164,"minecraft:damage_resisted":28,"minecraft:sprint_one_cm":1695998,"minecraft:walk_one_cm":1271319,"minecraft:damage_blocked_by_shield":596,"minecraft:drop":176,"minecraft:damage_dealt_absorbed":414,"minecraft:play_time":274647,"minecraft:deaths":74,"minecraft:sneak_time":18676,"minecraft:walk_under_water_one_cm":8739,"minecraft:jump":7263,"minecraft:walk_on_water_one_cm":22559,"minecraft:total_world_time":274647,"minecraft:interact_with_furnace":55,"minecraft:sleep_in_bed":25,"minecraft:time_since_rest":7273,"minecraft:damage_taken":21597,"minecraft:damage_dealt":32600,"minecraft:player_kills":11,"minecraft:swim_one_cm":10787,"minecraft:fly_one_cm":2831390,"minecraft:open_chest":72,"minecraft:crouch_one_cm":122837,"minecraft:fall_one_cm":236108},"minecraft:mined":{"minecraft:spruce_planks":2,"iceandfire:silver_ore":7,"minecraft:deepslate_diamond_ore":3,"immersive_weathering:birch_leaf_pile":21,"gravestone:gravestone":72,"minecraft:grass_block":318,"travelersbackpack:white_sleeping_bag":1,"minecraft:spawner":1,"minecraft:spruce_sapling":1,"minecraft:iron_ore":21,"minecraft:cobbled_deepslate":10,"biomesoplenty:violet":5,"minecraft:moss_carpet":1,"minecraft:pumpkin":2,"minecraft:deepslate_lapis_ore":3,"minecraft:azure_bluet":2,"minecraft:pointed_dripstone":19,"minecraft:potatoes":11,"minecraft:deepslate_iron_ore":70,"biomesoplenty:webbing":2,"immersive_weathering:ivy":1,"minecraft:stone":158,"biomesoplenty:spider_egg":1,"immersive_weathering:oak_leaf_pile":1,"minecraft:birch_stairs":4,"minecraft:lily_of_the_valley":1,"minecraft:dandelion":16,"minecraft:crafting_table":1,"minecraft:clay":8,"minecraft:torch":7,"minecraft:poppy":22,"minecraft:rose_bush":1,"minecraft:cobblestone":22,"minecraft:tall_grass":19,"biomesoplenty:sprout":9,"minecraft:deepslate_gold_ore":4,"minecraft:oak_planks":2,"minecraft:sugar_cane":3,"minecraft:wall_torch":12,"minecraft:blue_bed":4,"minecraft:birch_sapling":11,"minecraft:birch_planks":45,"minecraft:purple_bed":4,"minecraft:birch_log":80,"minecraft:wheat":1,"minecraft:lilac":11,"minecraft:birch_leaves":1,"minecraft:birch_door":1,"minecraft:orange_tulip":7,"minecraft:grass":1068,"biomesoplenty:clover":205,"minecraft:oak_log":8,"minecraft:coal_ore":80,"minecraft:dripstone_block":3,"minecraft:sunflower":5,"minecraft:dirt":36,"minecraft:cobweb":28,"the_one_who_watches:scratched_birch_log":1,"minecraft:gold_ore":1,"minecraft:deepslate":105,"minecraft:fern":18},"minecraft:killed_by":{"midnightlurker:midnight_lurker_backturned":1,"minecraft:player":6,"the_anomaly:anomaly_attack_crawl":2,"minecraft:creeper":1,"the_anomaly:anomaly_attack":4,"arphex:hornet_harbinger":4,"old_goatman:old_goatman":5,"the_rake:the_rake":4,"steve_dweller:steve_dweller":2,"endofherobrine:sheep":1,"the_mangle:the_mangle":4,"sanitydim:rotting_stalker":2,"cartoon_dweller:cartoon_dweller":5,"mimicer:mimicer":10,"midnightlurker:void_hands":3,"man:managgresive":2,"apollyon:the_damned":1,"sanitydim:sneaking_terror":1,"minecraft:skeleton":5,"minecraft:zombie":3,"arphex:hornet_harbinger_giant":1,"cave_dweller:cave_dweller":2,"demonic_watcher:demonic_watcher":1,"midnightlurker:midnight_lurker_unprovoked":1},"minecraft:killed":{"arphex:hornet_harbinger_giant":1,"minecraft:cave_spider":3,"arphex:long_legs_tiny":2,"minecraft:spider":10,"the_rake:the_rake":1,"arphex:locust_landscourge":1,"minecraft:skeleton":11,"arphex:hornet_harbinger":5,"arphex:blood_worm":3,"minecraft:chicken":3,"arphex:spider_larvae_tiny":1,"arphex:long_legs":3,"minecraft:pig":5,"endofherobrine:villager":1,"minecraft:creeper":4,"minecraft:sheep":17,"minecraft:pillager":6,"minecraft:zombie":15,"cave_dweller:cave_dweller":1,"arphex:fly_festerer":1,"endofherobrine:cow":1,"endofherobrine:sheep":2,"arphex:spider_larvae":1,"minecraft:enderman":1,"minecraft:cow":1},"minecraft:crafted":{"minecraft:wooden_sword":1,"minecraft:oak_planks":36,"minecraft:stone_shovel":1,"minecraft:cooked_chicken":7,"minecraft:furnace":5,"minecraft:bone_meal":24,"sanitydim:garland":7,"minecraft:cooked_mutton":26,"travelersbackpack:white_sleeping_bag":1,"minecraft:iron_axe":1,"minecraft:stone_pickaxe":1,"epicfight:iron_greatsword":1,"minecraft:chest":6,"minecraft:birch_door":3,"iceandfire:armor_silver_metal_boots":1,"minecraft:stone_hoe":1,"minecraft:cooked_beef":2,"iceandfire:silver_ingot":6,"minecraft:cooked_porkchop":5,"minecraft:crafting_table":4,"minecraft:spruce_planks":4,"minecraft:iron_helmet":1,"minecraft:baked_potato":6,"minecraft:iron_sword":1,"minecraft:birch_planks":252,"minecraft:stone_axe":2,"minecraft:air":0,"epicfight:iron_tachi":1,"minecraft:iron_chestplate":2,"minecraft:diamond_pickaxe":1,"minecraft:shield":1,"minecraft:stick":40,"minecraft:iron_ingot":45,"minecraft:iron_pickaxe":1,"minecraft:wooden_axe":1,"minecraft:stone_sword":1,"minecraft:iron_shovel":1,"minecraft:iron_leggings":1,"minecraft:white_bed":1,"minecraft:torch":164,"minecraft:birch_stairs":24,"iceandfire:silver_sword":1},"minecraft:broken":{"minecraft:leather_leggings":1,"minecraft:iron_boots":1,"minecraft:iron_leggings":1,"sanitydim:garland":7,"minecraft:leather_chestplate":1,"minecraft:stone_hoe":1,"minecraft:stone_pickaxe":1,"minecraft:wooden_sword":1,"minecraft:leather_boots":1,"minecraft:stone_axe":2,"minecraft:iron_pickaxe":1,"minecraft:iron_helmet":1,"minecraft:wooden_axe":1,"minecraft:stone_shovel":1},"minecraft:dropped":{"minecraft:birch_planks":2,"minecraft:wheat_seeds":37,"arphex:maggot_grub":2,"minecraft:lilac":9,"minecraft:dripstone_block":7,"minecraft:poisonous_potato":2,"minecraft:orange_tulip":2,"minecraft:cobblestone":7,"biomesoplenty:mahogany_planks":2,"biomesoplenty:violet":5,"minecraft:cyan_terracotta":1,"minecraft:torch":1,"minecraft:mutton":1,"minecraft:rose_bush":1,"gravestone:obituary":104,"minecraft:sunflower":10,"minecraft:white_wool":1,"minecraft:blue_bed":1,"minecraft:spruce_sapling":1,"minecraft:gravel":3,"minecraft:moss_carpet":1,"minecraft:cooked_chicken":5,"minecraft:stone_sword":1,"minecraft:cobbled_deepslate":1,"minecraft:raw_copper":12,"minecraft:wheat":1,"minecraft:pointed_dripstone":96,"minecraft:birch_sapling":10,"minecraft:rotten_flesh":13,"minecraft:clay_ball":88,"minecraft:azure_bluet":2,"minecraft:lily_of_the_valley":1,"travelersbackpack:pumpkin":2,"minecraft:poppy":1,"minecraft:potato":1,"minecraft:gunpowder":1,"sanitydim:garland":1,"minecraft:oak_sapling":6,"minecraft:spider_eye":8},"minecraft:used":{"minecraft:stone_sword":136,"iceandfire:silver_sword":320,"minecraft:iron_shovel":269,"minecraft:stone_shovel":151,"minecraft:chest":6,"minecraft:spruce_planks":2,"minecraft:shield":10,"minecraft:cooked_chicken":2,"minecraft:stone_hoe":274,"minecraft:rotten_flesh":36,"minecraft:iron_chestplate":2,"minecraft:torch":186,"minecraft:dirt":290,"sanitydim:garland":3,"minecraft:birch_door":4,"minecraft:wooden_axe":25,"epicfight:iron_greatsword":19,"minecraft:iron_axe":61,"minecraft:birch_sapling":3,"minecraft:iron_helmet":2,"minecraft:furnace":5,"minecraft:cooked_beef":2,"minecraft:potato":57,"minecraft:cobbled_deepslate":13,"minecraft:wheat_seeds":101,"minecraft:cooked_mutton":26,"epicfight:skillbook":3,"minecraft:birch_planks":169,"minecraft:oak_planks":6,"minecraft:stone_pickaxe":132,"minecraft:baked_potato":6,"minecraft:blue_bed":4,"iceandfire:armor_silver_metal_boots":1,"minecraft:crafting_table":5,"minecraft:white_bed":1,"minecraft:dripstone_block":1,"epicfight:iron_tachi":82,"minecraft:diamond_pickaxe":116,"minecraft:bread":13,"minecraft:iron_pickaxe":270,"travelersbackpack:white_sleeping_bag":1,"travelersbackpack:pumpkin":8,"minecraft:stone_axe":180,"minecraft:wooden_sword":63,"minecraft:purple_bed":4,"minecraft:cobblestone":156,"minecraft:white_banner":3,"minecraft:cooked_porkchop":5,"minecraft:birch_log":148,"minecraft:bone_meal":24,"minecraft:birch_stairs":27},"minecraft:picked_up":{"minecraft:birch_door":1,"minecraft:iron_chestplate":1,"minecraft:crafting_table":1,"minecraft:wheat":1,"minecraft:azure_bluet":2,"minecraft:chicken":3,"minecraft:clay_ball":108,"biomesoplenty:violet":5,"gravestone:obituary":59,"minecraft:string":36,"minecraft:moss_carpet":1,"minecraft:raw_copper":12,"arphex:necrotic_fang":1,"minecraft:cobbled_deepslate":110,"minecraft:bucket":1,"minecraft:spruce_planks":3,"minecraft:beef":2,"minecraft:rose_bush":1,"minecraft:poppy":22,"minecraft:sugar_cane":6,"minecraft:birch_sapling":45,"minecraft:raw_iron":85,"minecraft:stick":25,"minecraft:torch":25,"arphex:maggot_grub":2,"iceandfire:silver_ore":6,"minecraft:porkchop":10,"minecraft:pointed_dripstone":97,"minecraft:arrow":20,"minecraft:rotten_flesh":65,"minecraft:cyan_terracotta":1,"minecraft:mutton":27,"minecraft:white_wool":15,"minecraft:cobblestone":221,"minecraft:birch_log":237,"minecraft:feather":3,"minecraft:lilac":9,"minecraft:glow_ink_sac":1,"minecraft:leather":1,"minecraft:potato":38,"minecraft:birch_planks":47,"minecraft:oak_log":29,"minecraft:gunpowder":4,"sanitydim:garland":1,"minecraft:dirt":393,"minecraft:lapis_lazuli":15,"minecraft:blue_bed":5,"minecraft:white_banner":3,"minecraft:bone":22,"minecraft:apple":1,"minecraft:orange_tulip":8,"minecraft:wheat_seeds":145,"minecraft:raw_gold":5,"minecraft:iron_ingot":1,"arphex:burning_glands":2,"minecraft:oak_planks":3,"biomesoplenty:mahogany_planks":2,"minecraft:pumpkin":2,"minecraft:dandelion":15,"minecraft:poisonous_potato":2,"minecraft:dripstone_block":10,"minecraft:gravel":4,"minecraft:birch_stairs":4,"minecraft:spruce_sapling":2,"minecraft:spruce_log":24,"minecraft:lily_of_the_valley":2,"minecraft:spider_eye":13,"travelersbackpack:white_sleeping_bag":1,"arphex:fly_appendage":1,"minecraft:purple_bed":4,"minecraft:diamond":3,"travelersbackpack:pumpkin":4,"minecraft:oak_sapling":6,"minecraft:black_wool":2,"minecraft:coal":80,"arphex:locust_larvae":1,"minecraft:sunflower":10}},"DataVersion":3120}