{"stats":{"minecraft:used":{"minecraft:bone_block":11,"minecraft:chest":6,"minecraft:shield":64,"minecraft:iron_sword":1,"minecraft:iron_chestplate":1,"minecraft:tuff":16,"minecraft:iron_helmet":3,"minecraft:item_frame":1,"minecraft:hay_block":1,"minecraft:furnace":6,"minecraft:stone_pickaxe":431,"minecraft:oak_planks":1,"minecraft:blackstone":8,"minecraft:cactus":2,"minecraft:wooden_pickaxe":106,"minecraft:sandstone":38,"minecraft:sand":63,"biomesoplenty:dead_planks":4,"minecraft:melon_slice":7,"minecraft:cyan_bed":13,"minecraft:bread":56,"minecraft:gravel":24,"arphex:maggot_grub":1,"minecraft:andesite":22,"minecraft:oak_boat":1,"minecraft:coarse_dirt":1,"minecraft:stone_sword":114,"minecraft:white_tulip":2,"minecraft:dead_bush":2,"minecraft:flint_and_steel":5,"minecraft:oak_door":1,"minecraft:torch":312,"minecraft:dirt":15,"minecraft:white_carpet":2,"minecraft:cobblestone_wall":21,"minecraft:wooden_axe":97,"minecraft:bookshelf":4,"minecraft:iron_axe":189,"minecraft:rooted_dirt":5,"minecraft:barrel":4,"minecraft:smooth_basalt":2,"minecraft:cooked_beef":12,"minecraft:cobbled_deepslate":105,"minecraft:iron_leggings":1,"minecraft:acacia_boat":2,"arphex:burning_glands":3,"minecraft:green_bed":18,"minecraft:mossy_cobblestone":1,"minecraft:terracotta":50,"minecraft:crafting_table":17,"minecraft:lime_bed":3,"minecraft:acacia_stairs":1,"minecraft:suspicious_stew":1,"minecraft:iron_pickaxe":657,"minecraft:stone_axe":131,"minecraft:cobblestone":359,"minecraft:cooked_porkchop":19,"minecraft:bucket":1,"minecraft:candle":4},"minecraft:custom":{"minecraft:interact_with_crafting_table":64,"minecraft:open_barrel":72,"minecraft:leave_game":8,"minecraft:time_since_death":2494,"minecraft:sprint_one_cm":936395,"minecraft:damage_blocked_by_shield":2769,"minecraft:drop":179,"minecraft:talked_to_villager":1,"minecraft:play_time":306738,"minecraft:deaths":36,"minecraft:jump":8732,"minecraft:walk_on_water_one_cm":25861,"minecraft:interact_with_furnace":58,"minecraft:interact_with_loom":2,"minecraft:sleep_in_bed":19,"minecraft:damage_dealt":24900,"minecraft:crouch_one_cm":121597,"minecraft:interact_with_smoker":1,"minecraft:mob_kills":147,"minecraft:climb_one_cm":2337,"minecraft:walk_one_cm":489441,"minecraft:sneak_time":40151,"minecraft:walk_under_water_one_cm":7854,"minecraft:boat_one_cm":233644,"minecraft:total_world_time":306738,"minecraft:time_since_rest":2524,"minecraft:damage_taken":13750,"minecraft:swim_one_cm":55856,"minecraft:fly_one_cm":1641196,"minecraft:open_chest":35,"minecraft:fall_one_cm":265937},"minecraft:picked_up":{"minecraft:iron_chestplate":4,"minecraft:flower_pot":3,"minecraft:suspicious_stew":4,"minecraft:smithing_table":1,"minecraft:diamond_sword":1,"minecraft:enchanted_book":7,"minecraft:amethyst_block":14,"minecraft:string":18,"minecraft:raw_copper":146,"minecraft:iron_leggings":3,"minecraft:diamond_leggings":1,"minecraft:cobbled_deepslate":172,"minecraft:bucket":1,"minecraft:spruce_planks":17,"minecraft:white_tulip":4,"minecraft:calcite":6,"minecraft:azalea":24,"minecraft:iron_pickaxe":10,"minecraft:melon_slice":109,"minecraft:iron_boots":4,"minecraft:furnace":1,"minecraft:stick":170,"minecraft:torch":203,"arphex:void_geode_shard":3,"minecraft:acacia_log":29,"minecraft:green_bed":20,"arphex:maggot_grub":8,"minecraft:porkchop":88,"minecraft:stone_sword":6,"minecraft:cactus":26,"minecraft:rotten_flesh":85,"biomesoplenty:mahogany_sapling":9,"minecraft:iron_bars":16,"minecraft:cobblestone":684,"minecraft:feather":3,"minecraft:cooked_beef":101,"minecraft:andesite":37,"minecraft:water_bucket":2,"minecraft:jungle_log":5,"minecraft:orange_carpet":2,"minecraft:potato":24,"biomesoplenty:dead_log":28,"minecraft:flint":3,"minecraft:tuff":20,"arphex:venomous_appendage":6,"minecraft:acacia_boat":2,"minecraft:lapis_lazuli":163,"minecraft:dirt":57,"minecraft:name_tag":1,"minecraft:bone":44,"minecraft:acacia_planks":13,"minecraft:bow":5,"minecraft:wheat_seeds":88,"minecraft:raw_gold":23,"minecraft:rabbit":20,"minecraft:moss_block":2,"minecraft:oak_planks":28,"minecraft:cooked_porkchop":2,"minecraft:sand":88,"minecraft:cyan_bed":18,"minecraft:fermented_spider_eye":16,"minecraft:acacia_stairs":3,"minecraft:barrel":8,"minecraft:mossy_cobblestone":3,"minecraft:diamond":8,"minecraft:golden_apple":3,"minecraft:bread":153,"minecraft:emerald":6,"minecraft:rooted_dirt":20,"minecraft:oak_sapling":12,"minecraft:cocoa_beans":7,"minecraft:charcoal":40,"minecraft:coarse_dirt":2,"minecraft:crafting_table":4,"minecraft:chicken":41,"minecraft:wooden_pickaxe":3,"gravestone:obituary":17,"minecraft:shield":5,"minecraft:iron_axe":16,"minecraft:wooden_sword":5,"minecraft:flint_and_steel":4,"minecraft:white_carpet":5,"minecraft:item_frame":1,"minecraft:iron_shovel":2,"minecraft:blackstone":8,"minecraft:candle":20,"minecraft:beef":22,"minecraft:oak_boat":1,"minecraft:jungle_sapling":2,"minecraft:poppy":4,"minecraft:light_gray_wool":1,"minecraft:lectern":1,"minecraft:chest":3,"minecraft:raw_iron":223,"minecraft:sandstone":38,"minecraft:oak_door":5,"minecraft:bowl":27,"minecraft:spruce_fence":45,"minecraft:redstone":10,"minecraft:dark_oak_planks":7,"minecraft:arrow":22,"minecraft:beetroot_seeds":354,"minecraft:hay_block":60,"minecraft:mutton":9,"minecraft:white_wool":3,"minecraft:bone_block":11,"minecraft:lime_bed":3,"minecraft:glow_ink_sac":18,"minecraft:leather":38,"minecraft:gunpowder":10,"minecraft:cobblestone_wall":3,"minecraft:paper":16,"man:cassette_1safetyinstructions":8,"biomesoplenty:glowing_moss_carpet":1,"minecraft:apple":46,"minecraft:rabbit_hide":9,"minecraft:iron_ingot":50,"arphex:burning_glands":30,"minecraft:stripped_oak_wood":30,"minecraft:dark_oak_stairs":2,"minecraft:acacia_sapling":7,"minecraft:smooth_basalt":2,"minecraft:dandelion":1,"minecraft:gravel":49,"biomesoplenty:dead_planks":14,"minecraft:spruce_log":38,"minecraft:spider_eye":2,"biomesoplenty:mahogany_log":48,"minecraft:stone_axe":6,"minecraft:iron_helmet":5,"minecraft:terracotta":85,"minecraft:melon_seeds":1,"minecraft:black_wool":2,"minecraft:coal":100},"minecraft:killed_by":{"minecraft:creeper":2,"old_goatman:old_goatman":5,"the_rake:the_rake":7,"steve_dweller:steve_dweller":2,"arphex:spider_flat":4,"minecraft:zombie":1,"demonic_watcher:demonic_watcher":2,"minecraft:player":2,"arphex:hornet_harbinger":2,"the_mangle:the_mangle":5,"minecraft:skeleton":3},"minecraft:broken":{"minecraft:stone_pickaxe":3,"minecraft:stone_axe":1,"minecraft:wooden_axe":2,"minecraft:leather_chestplate":1,"minecraft:wooden_pickaxe":1,"minecraft:iron_pickaxe":1},"minecraft:killed":{"arphex:mosquito_morbidity":1,"arphex:spider_flat":2,"minecraft:spider":5,"minecraft:skeleton":24,"minecraft:chicken":1,"minecraft:silverfish":2,"arphex:solifuge_skulker":1,"arphex:spider_larvae_tiny":16,"minecraft:pig":33,"minecraft:zombie_villager":2,"minecraft:sheep":5,"minecraft:zombie":32,"arphex:spider_larvae":2,"minecraft:cow":13,"arphex:spider_brood":1,"arphex:blood_worm":1,"arphex:hornet_harbinger":2,"arphex:centipede_stalker":1,"minecraft:rabbit":1,"arphex:fly_festerer":1},"minecraft:mined":{"minecraft:dark_oak_planks":4,"minecraft:spruce_planks":12,"minecraft:jungle_leaves":1,"minecraft:potted_cactus":1,"minecraft:acacia_log":11,"minecraft:grass_block":4,"minecraft:jungle_log":3,"minecraft:cobbled_deepslate":2,"minecraft:barrel":4,"minecraft:iron_ore":122,"immersive_weathering:mossy_stone":2,"minecraft:fire":2,"minecraft:deepslate_lapis_ore":1,"minecraft:dark_oak_stairs":1,"minecraft:green_bed":15,"minecraft:blackstone":11,"minecraft:torch":33,"minecraft:calcite":3,"minecraft:chest":1,"minecraft:dead_bush":3,"minecraft:cobblestone":29,"minecraft:cyan_bed":13,"minecraft:wall_torch":37,"minecraft:amethyst_block":7,"minecraft:acacia_sapling":2,"minecraft:grass":67,"minecraft:sand":62,"minecraft:dirt":19,"minecraft:smooth_basalt":2,"minecraft:oak_leaves":3,"minecraft:deepslate":110,"minecraft:diamond_ore":1,"minecraft:tuff":18,"minecraft:deepslate_diamond_ore":3,"gravestone:gravestone":10,"biomesoplenty:mahogany_sapling":1,"minecraft:sandstone":30,"biomesoplenty:dune_grass":1,"minecraft:hay_block":47,"minecraft:furnace":1,"minecraft:jungle_sapling":1,"minecraft:acacia_stairs":2,"minecraft:andesite":22,"minecraft:deepslate_iron_ore":59,"minecraft:white_tulip":4,"minecraft:stone":516,"minecraft:bone_block":11,"minecraft:acacia_leaves":10,"minecraft:glass_pane":1,"minecraft:crafting_table":2,"minecraft:emerald_ore":1,"minecraft:lectern":1,"minecraft:tall_grass":3,"biomesoplenty:sprout":4,"minecraft:lapis_ore":3,"minecraft:deepslate_gold_ore":21,"minecraft:orange_carpet":2,"minecraft:lime_bed":4,"minecraft:cactus":1,"biomesoplenty:mahogany_log":2,"minecraft:white_carpet":3,"minecraft:spruce_log":3,"minecraft:coal_ore":101,"minecraft:gravel":32,"minecraft:terracotta":69,"minecraft:acacia_planks":14,"minecraft:gold_ore":1,"minecraft:infested_stone":1,"minecraft:fern":11},"minecraft:dropped":{"minecraft:acacia_boat":1,"minecraft:candle":1,"minecraft:moss_block":3,"minecraft:porkchop":23,"minecraft:dark_oak_stairs":2,"arphex:maggot_grub":2,"minecraft:cooked_beef":7,"minecraft:dirt":23,"minecraft:orange_carpet":2,"minecraft:mutton":13,"gravestone:obituary":29,"minecraft:sand":4,"minecraft:iron_pickaxe":2,"minecraft:dark_oak_planks":4,"minecraft:fermented_spider_eye":9,"minecraft:white_wool":9,"minecraft:bone":7,"minecraft:white_tulip":2,"minecraft:cobbled_deepslate":1,"minecraft:obsidian":4,"minecraft:rotten_flesh":10,"minecraft:acacia_stairs":2,"minecraft:poppy":3,"minecraft:gunpowder":1,"minecraft:melon_seeds":1,"minecraft:chest":1,"minecraft:azalea":12,"minecraft:acacia_sapling":7,"minecraft:iron_bars":32,"minecraft:arrow":12,"minecraft:beef":4,"minecraft:lectern":1,"minecraft:enchanted_book":1,"minecraft:bread":24,"minecraft:iron_ingot":29,"biomesoplenty:dead_planks":36,"minecraft:wheat_seeds":22,"minecraft:smithing_table":1,"minecraft:diamond_leggings":1,"minecraft:poisonous_potato":11,"minecraft:feather":4,"minecraft:iron_helmet":2,"minecraft:cobblestone":11,"minecraft:apple":12,"minecraft:coal":12,"minecraft:golden_apple":1,"minecraft:stick":7,"minecraft:torch":37,"minecraft:wooden_axe":1,"minecraft:melon_slice":48,"minecraft:iron_leggings":1,"minecraft:iron_axe":5,"minecraft:cactus":14,"minecraft:iron_shovel":1,"minecraft:string":6,"minecraft:acacia_planks":4,"minecraft:dandelion":1,"minecraft:coarse_dirt":1,"minecraft:raw_copper":7,"minecraft:bowl":3,"minecraft:tuff":1,"minecraft:raw_iron":38,"minecraft:chicken":2,"minecraft:white_carpet":4,"minecraft:light_gray_wool":1,"minecraft:name_tag":1,"minecraft:diamond_sword":1,"minecraft:flower_pot":4,"minecraft:spruce_planks":4,"minecraft:andesite":3,"minecraft:oak_sapling":6,"minecraft:spider_eye":2,"minecraft:bow":2,"minecraft:stone_pickaxe":1,"minecraft:wooden_pickaxe":2,"minecraft:raw_gold":16,"minecraft:cyan_bed":1,"minecraft:black_wool":2,"minecraft:terracotta":2},"minecraft:crafted":{"minecraft:oak_planks":24,"minecraft:iron_bars":16,"minecraft:iron_boots":2,"minecraft:chest":5,"minecraft:cooked_porkchop":51,"minecraft:crafting_table":15,"minecraft:spruce_planks":16,"minecraft:wooden_pickaxe":4,"minecraft:iron_helmet":1,"minecraft:hay_block":9,"minecraft:iron_chestplate":2,"minecraft:charcoal":7,"minecraft:shield":2,"minecraft:stick":116,"minecraft:iron_ingot":94,"minecraft:iron_pickaxe":4,"minecraft:stone_sword":2,"minecraft:wooden_sword":1,"biomesoplenty:mahogany_planks":28,"minecraft:furnace":5,"minecraft:iron_axe":3,"minecraft:cobblestone_wall":24,"minecraft:stone_pickaxe":4,"minecraft:wheat":324,"biomesoplenty:dead_planks":112,"minecraft:iron_sword":1,"minecraft:bucket":2,"minecraft:stone_axe":5,"minecraft:bread":85,"minecraft:acacia_boat":1,"minecraft:air":0,"minecraft:jungle_planks":20,"minecraft:oak_boat":2,"minecraft:wooden_axe":3,"minecraft:iron_leggings":2,"minecraft:acacia_planks":88,"minecraft:torch":268}},"DataVersion":3120}