{"stats":{"minecraft:dropped":{"minecraft:wooden_axe":1,"minecraft:melon_slice":1,"minecraft:wooden_shovel":3},"minecraft:custom":{"minecraft:interact_with_furnace":12,"minecraft:mob_kills":5,"minecraft:interact_with_crafting_table":21,"minecraft:leave_game":12,"minecraft:time_since_death":4640,"minecraft:climb_one_cm":1470,"minecraft:damage_resisted":10,"minecraft:time_since_rest":4678,"minecraft:sprint_one_cm":55095,"minecraft:damage_taken":2309,"minecraft:walk_one_cm":70022,"minecraft:drop":5,"minecraft:damage_dealt":708,"minecraft:swim_one_cm":19417,"minecraft:fly_one_cm":27136,"minecraft:open_chest":72,"minecraft:crouch_one_cm":60399,"minecraft:play_time":60630,"minecraft:deaths":9,"minecraft:sneak_time":22625,"minecraft:walk_under_water_one_cm":12867,"minecraft:jump":195,"minecraft:walk_on_water_one_cm":1932,"minecraft:total_world_time":60630,"minecraft:fall_one_cm":2603},"minecraft:crafted":{"minecraft:oak_door":3,"minecraft:oak_planks":196,"minecraft:cobblestone_slab":102,"minecraft:crafting_table":2,"minecraft:wooden_pickaxe":2,"minecraft:furnace":1,"minecraft:copper_ingot":10,"minecraft:birch_planks":88,"minecraft:air":0,"minecraft:ladder":6,"minecraft:stick":12,"minecraft:andesite_slab":12,"minecraft:stone_pickaxe":1,"minecraft:wooden_axe":3,"minecraft:birch_trapdoor":2,"minecraft:diorite_slab":6,"minecraft:torch":8,"minecraft:granite_slab":6},"minecraft:killed":{"minecraft:spider":2,"minecraft:rabbit":2},"minecraft:used":{"minecraft:water_bucket":5,"minecraft:diorite":1,"minecraft:birch_planks":87,"minecraft:stone_pickaxe":61,"minecraft:oak_planks":161,"minecraft:ladder":3,"minecraft:andesite_slab":11,"minecraft:chest":15,"minecraft:wooden_pickaxe":50,"minecraft:cobblestone_slab":104,"minecraft:wooden_shovel":73,"minecraft:oak_door":2,"minecraft:torch":7,"minecraft:dirt":83,"minecraft:crafting_table":2,"minecraft:granite":3,"minecraft:wooden_axe":84,"minecraft:granite_slab":6,"minecraft:birch_trapdoor":2,"minecraft:furnace":3,"minecraft:bucket":5,"minecraft:andesite":2,"minecraft:diorite_slab":6},"minecraft:mined":{"minecraft:podzol":11,"minecraft:clay":13,"minecraft:granite":9,"minecraft:grass_block":79,"minecraft:calcite":6,"minecraft:melon":6,"minecraft:chest":14,"minecraft:copper_ore":1,"minecraft:oak_planks":15,"minecraft:diorite":13,"minecraft:wall_torch":2,"minecraft:amethyst_block":4,"minecraft:birch_planks":8,"minecraft:furnace":2,"minecraft:birch_log":13,"minecraft:iron_ore":7,"minecraft:fire":4,"minecraft:birch_trapdoor":1,"minecraft:andesite":7,"minecraft:pumpkin":3,"minecraft:oak_log":43,"minecraft:coal_ore":13,"minecraft:cobblestone_slab":4,"minecraft:gravel":27,"minecraft:dirt":31,"minecraft:stone":27},"minecraft:killed_by":{"skinwalker_overhaul:skinwalker_overhaul":1,"torture:torture":1,"jacky:jacky":2},"minecraft:picked_up":{"minecraft:wooden_axe":4,"minecraft:birch_log":29,"minecraft:feather":7,"minecraft:ladder":6,"minecraft:clay_ball":100,"minecraft:water_bucket":1,"minecraft:andesite":13,"minecraft:leather":3,"minecraft:wooden_pickaxe":1,"minecraft:red_mushroom":1,"minecraft:potato":1,"minecraft:birch_planks":49,"minecraft:flint":3,"minecraft:oak_log":51,"minecraft:amethyst_block":7,"minecraft:dirt":147,"minecraft:string":6,"minecraft:paper":2,"minecraft:raw_copper":18,"minecraft:bone":5,"minecraft:bucket":2,"minecraft:rabbit_hide":2,"minecraft:iron_ingot":5,"minecraft:cobblestone_slab":38,"minecraft:calcite":12,"minecraft:wooden_shovel":13,"minecraft:melon_slice":38,"minecraft:chest":15,"minecraft:birch_sapling":1,"minecraft:oak_planks":51,"minecraft:furnace":2,"minecraft:egg":4,"minecraft:glow_lichen":5,"minecraft:stick":3,"minecraft:raw_iron":11,"minecraft:pumpkin":3,"minecraft:birch_trapdoor":2,"minecraft:copper_ingot":10,"minecraft:torch":7,"minecraft:music_disc_mellohi":1,"minecraft:gravel":32,"minecraft:spruce_sapling":1,"minecraft:diorite":19,"minecraft:pumpkin_seeds":1,"minecraft:writable_book":1,"minecraft:granite":10,"minecraft:oak_sapling":2,"minecraft:coal":15,"minecraft:rail":1,"minecraft:cobblestone":44}},"DataVersion":3120}