{"stats":{"minecraft:dropped":{"minecraft:wooden_axe":1,"minecraft:melon_slice":1,"minecraft:bone":2,"minecraft:azalea":1,"minecraft:wooden_shovel":3},"minecraft:custom":{"minecraft:mob_kills":17,"minecraft:interact_with_crafting_table":58,"minecraft:leave_game":16,"minecraft:time_since_death":108,"minecraft:climb_one_cm":3222,"minecraft:damage_resisted":10,"minecraft:sprint_one_cm":150765,"minecraft:walk_one_cm":173974,"minecraft:drop":8,"minecraft:play_time":110254,"minecraft:deaths":15,"minecraft:sneak_time":36846,"minecraft:walk_under_water_one_cm":12971,"minecraft:jump":535,"minecraft:walk_on_water_one_cm":2583,"minecraft:total_world_time":110254,"minecraft:interact_with_furnace":22,"minecraft:time_since_rest":150,"minecraft:damage_taken":4219,"minecraft:damage_dealt":4077,"minecraft:swim_one_cm":19479,"minecraft:fly_one_cm":78359,"minecraft:open_chest":187,"minecraft:crouch_one_cm":99399,"minecraft:fall_one_cm":6993},"minecraft:crafted":{"minecraft:oak_door":3,"minecraft:oak_planks":240,"minecraft:raw_iron":9,"minecraft:cobblestone_slab":204,"minecraft:stone_shovel":1,"minecraft:spruce_button":4,"minecraft:furnace":1,"minecraft:ladder":6,"minecraft:stone_pickaxe":3,"minecraft:birch_door":3,"minecraft:crafting_table":3,"minecraft:spruce_planks":24,"minecraft:wooden_pickaxe":2,"minecraft:copper_ingot":10,"minecraft:birch_planks":164,"minecraft:stone_axe":2,"minecraft:air":0,"minecraft:stick":52,"minecraft:andesite_slab":24,"minecraft:iron_pickaxe":1,"minecraft:iron_ingot":19,"minecraft:birch_trapdoor":2,"minecraft:wooden_axe":3,"minecraft:torch":16,"minecraft:diorite_slab":90,"minecraft:granite_slab":102},"minecraft:killed":{"minecraft:spider":4,"minecraft:rabbit":2,"minecraft:polar_bear":1,"minecraft:sheep":1,"minecraft:goat":2,"minecraft:zombie":1,"minecraft:mooshroom":2},"minecraft:broken":{"minecraft:wooden_shovel":1,"minecraft:stone_pickaxe":1,"minecraft:stone_axe":1,"minecraft:wooden_axe":1},"minecraft:used":{"minecraft:stone_shovel":10,"minecraft:ladder":3,"minecraft:chest":24,"minecraft:spruce_planks":6,"minecraft:white_terracotta":6,"minecraft:wooden_shovel":181,"minecraft:oak_door":2,"minecraft:iron_chestplate":1,"minecraft:torch":21,"minecraft:dirt":86,"minecraft:granite":5,"minecraft:birch_door":2,"minecraft:wooden_axe":89,"minecraft:iron_boots":3,"minecraft:smooth_basalt":15,"minecraft:birch_trapdoor":2,"minecraft:golden_carrot":2,"minecraft:furnace":3,"minecraft:water_bucket":6,"minecraft:diorite":1,"minecraft:birch_planks":144,"minecraft:stone_pickaxe":250,"minecraft:oak_planks":181,"minecraft:andesite_slab":26,"minecraft:wooden_pickaxe":55,"minecraft:cobblestone_slab":209,"minecraft:salmon":2,"minecraft:terracotta":5,"minecraft:crafting_table":4,"minecraft:gray_terracotta":4,"minecraft:iron_pickaxe":157,"minecraft:stone_axe":98,"minecraft:granite_slab":78,"minecraft:andesite":2,"minecraft:bucket":7,"minecraft:diorite_slab":92},"minecraft:mined":{"minecraft:spruce_planks":2,"minecraft:granite":37,"minecraft:grass_block":126,"minecraft:white_concrete_powder":10,"minecraft:diorite_slab":1,"minecraft:furnace":2,"minecraft:raw_gold_block":4,"minecraft:iron_ore":24,"minecraft:fire":6,"minecraft:andesite":26,"minecraft:pumpkin":3,"minecraft:granite_slab":4,"minecraft:cobblestone_slab":7,"minecraft:dirt_path":3,"minecraft:packed_ice":21,"minecraft:stone":107,"minecraft:podzol":24,"minecraft:gray_terracotta":5,"minecraft:snow_block":15,"minecraft:powder_snow":12,"minecraft:clay":16,"minecraft:crafting_table":1,"minecraft:calcite":25,"minecraft:melon":7,"minecraft:chest":23,"minecraft:andesite_slab":2,"minecraft:copper_ore":17,"minecraft:oak_planks":15,"minecraft:diorite":36,"minecraft:wall_torch":2,"minecraft:amethyst_block":23,"minecraft:birch_sapling":1,"minecraft:white_terracotta":9,"minecraft:birch_planks":15,"minecraft:blue_terracotta":1,"minecraft:birch_log":33,"minecraft:blue_ice":5,"minecraft:birch_trapdoor":1,"minecraft:spruce_log":3,"minecraft:oak_log":56,"minecraft:coal_ore":14,"minecraft:gravel":43,"minecraft:dirt":101,"minecraft:smooth_basalt":18,"minecraft:terracotta":9,"minecraft:oak_leaves":6},"minecraft:killed_by":{"minecraft:spider":1,"jacky:jacky":2,"man:managgresive":1,"skinwalker_overhaul:skinwalker_overhaul":2,"torture:torture":2},"minecraft:picked_up":{"minecraft:wooden_axe":5,"minecraft:iron_chestplate":3,"minecraft:crafting_table":1,"minecraft:ladder":6,"minecraft:clay_ball":112,"minecraft:wooden_pickaxe":1,"minecraft:diorite_slab":4,"minecraft:amethyst_block":81,"minecraft:string":9,"minecraft:raw_copper":86,"minecraft:bucket":2,"minecraft:spruce_planks":2,"minecraft:beef":3,"minecraft:cobblestone_slab":46,"minecraft:calcite":48,"minecraft:azalea":2,"minecraft:wooden_shovel":13,"minecraft:iron_pickaxe":1,"minecraft:melon_slice":45,"minecraft:chest":29,"minecraft:birch_sapling":2,"minecraft:furnace":2,"minecraft:iron_boots":3,"minecraft:egg":4,"minecraft:dark_oak_sapling":2,"minecraft:stick":7,"minecraft:raw_iron":39,"minecraft:raw_gold_block":4,"minecraft:copper_ingot":11,"minecraft:birch_trapdoor":2,"minecraft:music_disc_mellohi":1,"minecraft:torch":12,"minecraft:diorite":47,"minecraft:rotten_flesh":1,"minecraft:gold_ingot":1,"minecraft:white_terracotta":12,"minecraft:rail":3,"minecraft:snowball":64,"minecraft:white_wool":1,"minecraft:cobblestone":166,"minecraft:birch_log":69,"minecraft:feather":17,"minecraft:golden_carrot":1,"minecraft:andesite":42,"minecraft:water_bucket":3,"minecraft:salmon":2,"minecraft:leather":3,"minecraft:red_mushroom":1,"minecraft:potato":1,"minecraft:birch_planks":80,"minecraft:flint":3,"minecraft:oak_log":64,"minecraft:map":1,"minecraft:dirt":349,"minecraft:paper":2,"minecraft:bone":15,"minecraft:gray_terracotta":8,"minecraft:wheat_seeds":3,"minecraft:raw_gold":4,"minecraft:rabbit_hide":2,"minecraft:music_disc_far":1,"minecraft:iron_ingot":5,"minecraft:stone_pickaxe":2,"minecraft:oak_planks":77,"minecraft:glow_lichen":6,"minecraft:smooth_basalt":29,"minecraft:pumpkin":3,"minecraft:raw_iron_block":1,"minecraft:gravel":59,"minecraft:spruce_sapling":1,"minecraft:granite_slab":85,"minecraft:spruce_log":7,"minecraft:spider_eye":1,"minecraft:pumpkin_seeds":1,"minecraft:blue_terracotta":1,"minecraft:white_concrete_powder":17,"minecraft:stone_axe":2,"minecraft:writable_book":2,"minecraft:granite":47,"minecraft:blue_ice":1,"minecraft:bone_meal":26,"minecraft:spruce_button":8,"minecraft:terracotta":12,"minecraft:oak_sapling":5,"minecraft:coal":25,"minecraft:andesite_slab":3}},"DataVersion":3120}