{"stats":{"minecraft:custom":{"minecraft:interact_with_crafting_table":72,"minecraft:leave_game":18,"minecraft:time_since_death":5278,"minecraft:damage_resisted":28,"minecraft:sprint_one_cm":2534385,"minecraft:damage_blocked_by_shield":596,"minecraft:drop":229,"minecraft:play_time":362938,"minecraft:deaths":98,"minecraft:jump":10415,"minecraft:walk_on_water_one_cm":36758,"minecraft:interact_with_furnace":103,"minecraft:sleep_in_bed":26,"minecraft:damage_dealt":52790,"minecraft:player_kills":11,"minecraft:crouch_one_cm":136306,"minecraft:mob_kills":187,"minecraft:damage_dealt_resisted":160,"minecraft:climb_one_cm":9791,"minecraft:walk_one_cm":1715909,"minecraft:damage_dealt_absorbed":1338,"minecraft:sneak_time":20794,"minecraft:walk_under_water_one_cm":13591,"minecraft:total_world_time":362938,"minecraft:time_since_rest":5337,"minecraft:damage_taken":27889,"minecraft:swim_one_cm":13853,"minecraft:fly_one_cm":3890815,"minecraft:open_chest":97,"minecraft:fall_one_cm":333103},"minecraft:mined":{"minecraft:spruce_planks":2,"minecraft:grass_block":319,"minecraft:spawner":2,"minecraft:cobbled_deepslate":21,"minecraft:iron_ore":33,"biomesoplenty:violet":5,"minecraft:pumpkin":2,"minecraft:moss_carpet":1,"minecraft:deepslate_lapis_ore":6,"immersive_weathering:charred_planks":1,"minecraft:azure_bluet":2,"minecraft:pointed_dripstone":19,"minecraft:cave_vines":2,"biomesoplenty:webbing":2,"minecraft:azalea":1,"immersive_weathering:oak_leaf_pile":1,"minecraft:clay":8,"minecraft:torch":15,"minecraft:poppy":22,"minecraft:cobblestone":30,"minecraft:sugar_cane":3,"minecraft:oak_planks":2,"minecraft:wall_torch":23,"minecraft:birch_sapling":11,"minecraft:birch_log":80,"minecraft:wheat":1,"minecraft:lilac":11,"minecraft:birch_door":1,"minecraft:orange_tulip":17,"minecraft:grass":1172,"biomesoplenty:clover":208,"minecraft:oak_log":8,"minecraft:dirt":38,"the_one_who_watches:scratched_birch_log":1,"immersive_weathering:dark_oak_leaf_pile":6,"minecraft:deepslate":137,"minecraft:tuff":1,"iceandfire:silver_ore":7,"minecraft:deepslate_diamond_ore":6,"immersive_weathering:birch_leaf_pile":27,"gravestone:gravestone":96,"travelersbackpack:white_sleeping_bag":2,"minecraft:spruce_sapling":1,"minecraft:potatoes":15,"minecraft:deepslate_iron_ore":78,"immersive_weathering:ivy":10,"biomesoplenty:spider_egg":2,"minecraft:stone":207,"minecraft:birch_stairs":4,"minecraft:lily_of_the_valley":1,"minecraft:dandelion":16,"minecraft:crafting_table":1,"minecraft:rose_bush":2,"minecraft:tall_grass":21,"minecraft:lapis_ore":3,"biomesoplenty:sprout":9,"minecraft:deepslate_gold_ore":6,"minecraft:blue_bed":4,"minecraft:purple_bed":4,"minecraft:birch_planks":45,"minecraft:birch_leaves":1,"minecraft:coal_ore":119,"minecraft:sunflower":5,"minecraft:dripstone_block":4,"minecraft:cobweb":28,"minecraft:gold_ore":1,"minecraft:fern":18},"minecraft:killed_by":{"midnightlurker:midnight_lurker_backturned":1,"the_anomaly:anomaly_attack_crawl":2,"minecraft:creeper":2,"the_anomaly:anomaly_attack":4,"old_goatman:old_goatman":7,"the_rake:the_rake":5,"steve_dweller:steve_dweller":3,"arphex:centipede_evictor":1,"endofherobrine:sheep":1,"sanitydim:rotting_stalker":3,"mimicer:mimicer":12,"midnightlurker:void_hands":3,"man:managgresive":2,"sanitydim:sneaking_terror":1,"minecraft:zombie":3,"arphex:hornet_harbinger_giant":1,"demonic_watcher:demonic_watcher":3,"minecraft:player":9,"arphex:hornet_harbinger":4,"the_mangle:the_mangle":6,"cartoon_dweller:cartoon_dweller":8,"apollyon:the_damned":1,"endofherobrine:villager":1,"minecraft:skeleton":5,"cave_dweller:cave_dweller":4,"midnightlurker:midnight_lurker_unprovoked":2},"minecraft:killed":{"minecraft:cave_spider":6,"minecraft:witch":1,"arphex:long_legs_tiny":2,"minecraft:spider":13,"minecraft:skeleton":21,"minecraft:chicken":4,"arphex:ant_arsonist":2,"arphex:long_legs":4,"arphex:spider_larvae_tiny":15,"minecraft:pig":5,"minecraft:creeper":13,"minecraft:sheep":17,"minecraft:pillager":6,"minecraft:zombie":29,"cave_dweller:cave_dweller":3,"endofherobrine:cow":1,"arphex:spider_larvae":2,"minecraft:cow":1,"arphex:hornet_harbinger_giant":1,"arphex:spider_brood":1,"the_rake:the_rake":1,"arphex:locust_landscourge":1,"arphex:hornet_harbinger":6,"arphex:blood_worm":4,"endofherobrine:villager":3,"old_goatman:old_goatman":1,"arphex:fly_festerer":2,"endofherobrine:sheep":2,"minecraft:enderman":1,"demonic_watcher:demonic_watcher":2},"minecraft:crafted":{"minecraft:oak_planks":116,"epicfight:iron_spear":1,"minecraft:cooked_chicken":7,"minecraft:cooked_mutton":26,"minecraft:iron_boots":1,"minecraft:chest":10,"minecraft:birch_door":3,"minecraft:stone_hoe":1,"minecraft:cooked_porkchop":5,"minecraft:crafting_table":4,"minecraft:spruce_planks":4,"minecraft:iron_helmet":2,"minecraft:baked_potato":12,"minecraft:birch_planks":276,"minecraft:iron_chestplate":3,"minecraft:diamond_pickaxe":1,"minecraft:shield":1,"minecraft:stick":60,"minecraft:iron_ingot":89,"minecraft:iron_pickaxe":1,"minecraft:stone_sword":1,"minecraft:birch_stairs":24,"iceandfire:silver_sword":1,"minecraft:wooden_sword":1,"minecraft:stone_shovel":2,"minecraft:furnace":5,"minecraft:bone_meal":24,"sanitydim:garland":8,"travelersbackpack:white_sleeping_bag":1,"minecraft:iron_axe":1,"minecraft:stone_pickaxe":1,"epicfight:iron_greatsword":1,"iceandfire:armor_silver_metal_boots":1,"minecraft:cooked_beef":2,"iceandfire:silver_ingot":6,"minecraft:iron_sword":3,"minecraft:stone_axe":2,"minecraft:air":0,"epicfight:iron_tachi":2,"minecraft:wooden_axe":1,"minecraft:iron_shovel":1,"minecraft:iron_leggings":2,"minecraft:white_bed":1,"minecraft:torch":248},"minecraft:broken":{"minecraft:leather_leggings":1,"minecraft:iron_boots":1,"minecraft:iron_chestplate":1,"minecraft:iron_leggings":2,"sanitydim:garland":8,"minecraft:stone_pickaxe":1,"minecraft:wooden_sword":1,"minecraft:stone_axe":2,"minecraft:wooden_axe":1,"iceandfire:armor_silver_metal_boots":1,"epicfight:iron_tachi":1,"minecraft:stone_shovel":1,"minecraft:leather_chestplate":1,"minecraft:stone_hoe":1,"minecraft:leather_boots":1,"minecraft:iron_pickaxe":1,"minecraft:iron_helmet":2},"minecraft:dropped":{"minecraft:birch_planks":2,"arphex:maggot_grub":2,"minecraft:orange_tulip":2,"biomesoplenty:mahogany_planks":2,"minecraft:rail":24,"minecraft:cyan_terracotta":1,"minecraft:mutton":1,"gravestone:obituary":142,"minecraft:sunflower":10,"minecraft:fermented_spider_eye":6,"minecraft:white_wool":1,"minecraft:blue_bed":1,"minecraft:gravel":4,"minecraft:cooked_chicken":5,"minecraft:detector_rail":3,"minecraft:cobbled_deepslate":1,"minecraft:birch_sapling":10,"minecraft:wheat":1,"minecraft:pointed_dripstone":96,"minecraft:rotten_flesh":13,"minecraft:azure_bluet":2,"travelersbackpack:pumpkin":2,"minecraft:poppy":1,"minecraft:gunpowder":1,"minecraft:azalea":1,"minecraft:powered_rail":4,"minecraft:wheat_seeds":37,"minecraft:lilac":9,"minecraft:dripstone_block":7,"minecraft:poisonous_potato":2,"minecraft:cobblestone":7,"biomesoplenty:violet":5,"minecraft:torch":1,"minecraft:rose_bush":1,"minecraft:spruce_sapling":1,"epicfight:iron_spear":1,"minecraft:moss_carpet":1,"minecraft:stone_sword":1,"minecraft:raw_copper":12,"minecraft:clay_ball":88,"minecraft:lily_of_the_valley":1,"minecraft:potato":1,"sanitydim:garland":1,"minecraft:oak_sapling":6,"minecraft:spider_eye":9,"epicfight:skillbook":2},"minecraft:used":{"minecraft:iron_shovel":269,"minecraft:chest":10,"minecraft:shield":10,"minecraft:rotten_flesh":51,"minecraft:iron_chestplate":4,"sanitydim:garland":3,"minecraft:birch_sapling":5,"minecraft:iron_helmet":4,"minecraft:furnace":5,"minecraft:potato":62,"epicfight:skillbook":13,"minecraft:stone_pickaxe":132,"minecraft:oak_planks":14,"minecraft:blue_bed":4,"iceandfire:armor_silver_metal_boots":1,"minecraft:glow_berries":32,"minecraft:dripstone_block":1,"epicfight:iron_tachi":361,"minecraft:bread":20,"travelersbackpack:pumpkin":10,"minecraft:wooden_sword":63,"minecraft:birch_log":150,"minecraft:bone_meal":24,"minecraft:stone_sword":136,"iceandfire:silver_sword":320,"minecraft:stone_shovel":158,"minecraft:spruce_planks":2,"minecraft:stone_hoe":274,"minecraft:cooked_chicken":2,"minecraft:torch":308,"minecraft:dirt":293,"minecraft:birch_door":4,"minecraft:wooden_axe":25,"epicfight:iron_greatsword":21,"minecraft:iron_axe":71,"minecraft:iron_boots":2,"minecraft:cooked_beef":2,"minecraft:cobbled_deepslate":113,"minecraft:iron_leggings":2,"minecraft:wheat_seeds":101,"minecraft:cooked_mutton":26,"arphex:burning_glands":2,"epicfight:iron_spear":4,"minecraft:birch_planks":169,"minecraft:baked_potato":9,"minecraft:crafting_table":5,"minecraft:white_bed":1,"minecraft:diamond_pickaxe":288,"minecraft:apple":1,"minecraft:iron_pickaxe":276,"travelersbackpack:white_sleeping_bag":2,"minecraft:stone_axe":180,"minecraft:cobblestone":187,"minecraft:purple_bed":4,"minecraft:white_banner":3,"minecraft:cooked_porkchop":5,"minecraft:bucket":2,"minecraft:birch_stairs":27},"minecraft:picked_up":{"minecraft:iron_chestplate":1,"minecraft:birch_door":1,"minecraft:wheat":1,"biomesoplenty:violet":5,"minecraft:string":45,"minecraft:raw_copper":13,"arphex:necrotic_fang":1,"minecraft:cobbled_deepslate":172,"minecraft:bucket":1,"minecraft:spruce_planks":3,"minecraft:rose_bush":1,"minecraft:azalea":2,"minecraft:stick":32,"minecraft:oak_fence":5,"minecraft:torch":47,"arphex:maggot_grub":3,"iceandfire:silver_ore":6,"epicfight:skillbook":1,"minecraft:porkchop":10,"minecraft:pointed_dripstone":98,"minecraft:rotten_flesh":83,"minecraft:cyan_terracotta":1,"minecraft:cobblestone":277,"minecraft:birch_log":245,"minecraft:feather":5,"minecraft:lilac":9,"minecraft:potato":55,"arphex:ectoplasm":1,"minecraft:tuff":1,"minecraft:lapis_lazuli":53,"minecraft:dirt":396,"minecraft:bone":34,"minecraft:wheat_seeds":154,"minecraft:orange_tulip":16,"minecraft:raw_gold":7,"minecraft:oak_planks":5,"biomesoplenty:mahogany_planks":2,"minecraft:poisonous_potato":2,"minecraft:lily_of_the_valley":2,"minecraft:fermented_spider_eye":6,"travelersbackpack:white_sleeping_bag":2,"minecraft:sugar":2,"minecraft:diamond":6,"minecraft:oak_sapling":6,"arphex:locust_larvae":1,"minecraft:crafting_table":1,"minecraft:azure_bluet":2,"minecraft:chicken":4,"minecraft:clay_ball":108,"gravestone:obituary":84,"minecraft:moss_carpet":1,"minecraft:beef":2,"minecraft:poppy":22,"minecraft:sugar_cane":6,"minecraft:birch_sapling":47,"minecraft:egg":1,"minecraft:raw_iron":102,"minecraft:arrow":27,"minecraft:mutton":27,"minecraft:glow_berries":25,"minecraft:white_wool":15,"minecraft:glow_ink_sac":5,"minecraft:leather":1,"minecraft:birch_planks":47,"minecraft:oak_log":29,"minecraft:gunpowder":20,"sanitydim:garland":1,"minecraft:blue_bed":5,"minecraft:white_banner":3,"minecraft:apple":1,"minecraft:iron_ingot":1,"arphex:burning_glands":6,"minecraft:pumpkin":2,"epicfight:iron_spear":1,"minecraft:dandelion":15,"minecraft:dripstone_block":12,"minecraft:gravel":5,"minecraft:birch_stairs":4,"minecraft:spruce_sapling":2,"minecraft:spruce_log":24,"minecraft:spider_eye":18,"arphex:fly_appendage":1,"minecraft:purple_bed":4,"travelersbackpack:pumpkin":7,"minecraft:black_wool":2,"minecraft:coal":119,"minecraft:sunflower":10}},"DataVersion":3120}