{"stats":{"minecraft:dropped":{"minecraft:iron_sword":4,"minecraft:lapis_lazuli":18,"minecraft:diamond":11,"minecraft:dark_oak_sapling":1,"minecraft:dark_oak_button":104,"minecraft:red_mushroom":2,"minecraft:cod":1,"minecraft:cyan_terracotta":2,"minecraft:snowball":34,"minecraft:iron_pickaxe":1,"minecraft:birch_log":1,"minecraft:bone":20,"minecraft:rotten_flesh":12,"minecraft:oak_planks":1,"minecraft:diamond_shovel":2,"minecraft:prismarine":1,"minecraft:azalea":1,"minecraft:chest":1,"minecraft:arrow":66,"minecraft:dripstone_block":2,"minecraft:cobblestone":3,"minecraft:feather":4,"minecraft:amethyst_block":1,"minecraft:coal":1,"minecraft:golden_apple":1,"minecraft:stick":1,"minecraft:dried_kelp_block":1,"minecraft:wooden_axe":1,"minecraft:melon_slice":1,"minecraft:iron_leggings":2,"minecraft:dried_kelp":1,"minecraft:iron_axe":7,"minecraft:string":2,"minecraft:blue_terracotta":1,"minecraft:dead_bubble_coral_block":1,"minecraft:clay_ball":1,"minecraft:iron_boots":2,"minecraft:flint_and_steel":1,"minecraft:diamond_sword":2,"minecraft:shield":1,"minecraft:diamond_pickaxe":4,"minecraft:oak_sapling":5,"minecraft:wooden_shovel":3,"minecraft:small_dripleaf":2,"minecraft:bow":1,"minecraft:stone_pickaxe":2,"minecraft:raw_gold":1,"minecraft:dark_prismarine":1},"minecraft:custom":{"minecraft:animals_bred":1,"minecraft:interact_with_crafting_table":108,"minecraft:leave_game":23,"minecraft:time_since_death":810,"minecraft:damage_resisted":10,"minecraft:sprint_one_cm":508446,"minecraft:damage_blocked_by_shield":2105,"minecraft:drop":86,"minecraft:play_time":309231,"minecraft:deaths":51,"minecraft:jump":1779,"minecraft:walk_on_water_one_cm":3390,"minecraft:interact_with_furnace":56,"minecraft:damage_dealt":23799,"minecraft:player_kills":5,"minecraft:crouch_one_cm":176141,"minecraft:mob_kills":67,"minecraft:damage_dealt_resisted":690,"minecraft:climb_one_cm":9972,"minecraft:walk_one_cm":719388,"minecraft:sneak_time":67630,"minecraft:walk_under_water_one_cm":15156,"minecraft:total_world_time":309231,"minecraft:time_since_rest":965,"minecraft:damage_taken":15773,"minecraft:damage_absorbed":40,"minecraft:swim_one_cm":28564,"minecraft:fly_one_cm":189973,"minecraft:open_chest":617,"minecraft:fall_one_cm":33206},"minecraft:crafted":{"minecraft:oak_planks":244,"minecraft:cobblestone_slab":210,"minecraft:cooked_chicken":1,"minecraft:chest":2,"minecraft:birch_door":3,"minecraft:arrow":4,"minecraft:crafting_table":3,"minecraft:spruce_planks":64,"minecraft:wooden_pickaxe":2,"minecraft:copper_ingot":10,"minecraft:birch_planks":180,"minecraft:diamond_pickaxe":2,"minecraft:stick":104,"minecraft:iron_ingot":42,"minecraft:iron_pickaxe":3,"minecraft:stone_sword":1,"minecraft:snow_block":5,"minecraft:gold_ingot":17,"minecraft:spruce_fence_gate":2,"minecraft:deepslate_tile_slab":36,"minecraft:cobbled_deepslate_slab":78,"minecraft:oak_door":3,"minecraft:raw_iron":18,"minecraft:stone_shovel":5,"minecraft:spruce_button":4,"minecraft:furnace":1,"minecraft:spruce_fence":9,"minecraft:flint_and_steel":1,"minecraft:iron_axe":1,"minecraft:ladder":6,"minecraft:spruce_slab":18,"minecraft:stone_pickaxe":5,"minecraft:dark_oak_planks":64,"minecraft:diamond_sword":1,"minecraft:leather_helmet":1,"minecraft:dark_oak_button":52,"minecraft:stone_axe":5,"minecraft:air":0,"minecraft:golden_apple":2,"minecraft:andesite_slab":78,"minecraft:wooden_axe":3,"minecraft:birch_trapdoor":2,"minecraft:iron_leggings":1,"minecraft:torch":16,"minecraft:diorite_slab":90,"minecraft:granite_slab":126},"minecraft:killed":{"minecraft:spider":9,"minecraft:cod":1,"minecraft:skeleton":10,"facelesssteve:facelesszombie":3,"minecraft:chicken":2,"minecraft:salmon":1,"krampus:krampus":1,"minecraft:creeper":3,"minecraft:sheep":1,"minecraft:goat":2,"minecraft:zombie":17,"minecraft:mooshroom":2,"minecraft:stray":3,"minecraft:drowned":1,"minecraft:rabbit":2,"minecraft:squid":2,"minecraft:polar_bear":2},"minecraft:broken":{"minecraft:wooden_shovel":1,"minecraft:chainmail_boots":1,"minecraft:stone_pickaxe":2,"minecraft:stone_axe":2,"minecraft:wooden_axe":1,"minecraft:stone_shovel":1,"minecraft:leather_helmet":1,"minecraft:iron_axe":2,"minecraft:leather_boots":1,"minecraft:iron_pickaxe":2,"minecraft:iron_helmet":1},"minecraft:used":{"minecraft:moss_block":27,"minecraft:iron_shovel":8,"minecraft:spruce_slab":18,"minecraft:ladder":3,"minecraft:chest":37,"minecraft:shield":26,"minecraft:white_terracotta":6,"minecraft:rotten_flesh":8,"minecraft:iron_chestplate":10,"minecraft:deepslate_tile_slab":35,"minecraft:tuff":4,"minecraft:snowball":199,"minecraft:iron_helmet":4,"minecraft:birch_trapdoor":5,"minecraft:bow":16,"minecraft:furnace":3,"minecraft:egg":6,"minecraft:diorite":1,"minecraft:stone_pickaxe":389,"minecraft:prismarine":8,"minecraft:oak_planks":225,"minecraft:wooden_pickaxe":55,"minecraft:fox_spawn_egg":1,"minecraft:golden_apple":2,"minecraft:glow_berries":4,"minecraft:dripstone_block":15,"minecraft:deepslate_tiles":2,"minecraft:dark_oak_log":4,"minecraft:gravel":25,"minecraft:granite_slab":154,"minecraft:diamond_sword":146,"minecraft:andesite":5,"minecraft:diorite_slab":96,"minecraft:stone_sword":3,"minecraft:flint_and_steel":3,"minecraft:tropical_fish":3,"minecraft:stone_shovel":169,"minecraft:spruce_planks":20,"minecraft:wooden_shovel":181,"minecraft:cooked_chicken":1,"minecraft:oak_door":3,"minecraft:torch":21,"minecraft:dirt":113,"minecraft:granite":25,"minecraft:spruce_fence":2,"minecraft:dead_brain_coral_block":2,"minecraft:birch_door":3,"minecraft:dark_oak_planks":10,"minecraft:wooden_axe":89,"minecraft:iron_axe":236,"minecraft:rooted_dirt":1,"minecraft:iron_boots":3,"minecraft:smooth_basalt":19,"minecraft:golden_carrot":5,"minecraft:cobbled_deepslate":12,"minecraft:powder_snow_bucket":1,"minecraft:iron_leggings":9,"minecraft:calcite":9,"minecraft:water_bucket":7,"minecraft:amethyst_block":11,"minecraft:snow_block":1,"minecraft:birch_planks":158,"minecraft:andesite_slab":82,"minecraft:spruce_fence_gate":2,"minecraft:cobblestone_slab":212,"minecraft:leather_boots":2,"minecraft:salmon":2,"minecraft:terracotta":5,"minecraft:crafting_table":4,"minecraft:cod":1,"minecraft:gray_terracotta":4,"minecraft:dark_prismarine":4,"minecraft:diamond_pickaxe":258,"minecraft:apple":1,"minecraft:iron_pickaxe":793,"minecraft:leather_helmet":1,"minecraft:stone_axe":211,"minecraft:cobblestone":20,"minecraft:cobbled_deepslate_slab":67,"minecraft:bucket":9,"minecraft:candle":3},"minecraft:mined":{"minecraft:dark_oak_planks":6,"minecraft:spruce_planks":10,"minecraft:granite":83,"minecraft:budding_amethyst":23,"minecraft:grass_block":160,"minecraft:deepslate_bricks":58,"minecraft:bubble_coral_block":3,"minecraft:raw_iron_block":1,"minecraft:sculk_catalyst":1,"minecraft:iron_ore":34,"minecraft:cobbled_deepslate":26,"minecraft:fire":160,"minecraft:pumpkin":3,"minecraft:granite_slab":28,"minecraft:deepslate_lapis_ore":16,"minecraft:dirt_path":3,"minecraft:gray_terracotta":5,"minecraft:deepslate_tile_slab":1,"minecraft:powder_snow":15,"minecraft:clay":24,"minecraft:torch":1,"minecraft:light_gray_terracotta":3,"minecraft:calcite":74,"minecraft:melon":8,"minecraft:chest":40,"minecraft:cobblestone":15,"minecraft:prismarine":16,"minecraft:oak_planks":32,"minecraft:wall_torch":3,"minecraft:amethyst_block":98,"minecraft:deepslate_copper_ore":35,"minecraft:birch_sapling":2,"minecraft:white_terracotta":13,"minecraft:blue_terracotta":2,"minecraft:birch_log":49,"minecraft:blue_ice":18,"minecraft:birch_trapdoor":4,"minecraft:birch_door":2,"minecraft:oak_log":89,"minecraft:sand":1,"minecraft:dirt":125,"minecraft:smooth_basalt":37,"minecraft:raw_copper_block":5,"minecraft:oak_leaves":8,"minecraft:deepslate":147,"minecraft:deepslate_tiles":31,"minecraft:dark_prismarine":12,"minecraft:diamond_ore":6,"minecraft:tuff":41,"minecraft:deepslate_diamond_ore":2,"minecraft:candle":2,"minecraft:oak_door":1,"minecraft:dark_oak_log":32,"minecraft:sea_lantern":4,"minecraft:cobbled_deepslate_slab":6,"minecraft:moss_block":44,"minecraft:rooted_dirt":1,"minecraft:white_concrete_powder":10,"minecraft:diorite_slab":1,"minecraft:furnace":2,"minecraft:raw_gold_block":4,"minecraft:green_terracotta":2,"minecraft:andesite":43,"minecraft:deepslate_iron_ore":31,"minecraft:cobblestone_slab":9,"minecraft:packed_ice":23,"minecraft:stone":176,"minecraft:fire_coral_block":1,"minecraft:podzol":25,"minecraft:snow_block":82,"minecraft:crafting_table":2,"minecraft:andesite_slab":5,"minecraft:copper_ore":34,"minecraft:deepslate_coal_ore":24,"minecraft:dried_kelp_block":2,"minecraft:deepslate_gold_ore":26,"minecraft:sculk":4,"minecraft:diorite":64,"minecraft:birch_planks":22,"minecraft:spruce_log":31,"minecraft:birch_leaves":2,"minecraft:dead_brain_coral_block":2,"minecraft:coal_ore":18,"minecraft:gravel":92,"minecraft:dripstone_block":20,"minecraft:terracotta":15,"minecraft:gold_ore":9},"minecraft:killed_by":{"mimicer:mimicer":4,"man:managgresive":1,"vivilly_dweller:vivilly_dweller":2,"skinwalker_overhaul:skinwalker_overhaul":10,"torture:torture":3,"kim_dweller:kim_dweller":1,"krampus:krampus":1,"minecraft:player":10,"minecraft:spider":1,"jacky:jacky":9,"minecraft:skeleton":1},"minecraft:picked_up":{"minecraft:wooden_axe":5,"minecraft:birch_door":3,"minecraft:iron_chestplate":18,"minecraft:chainmail_boots":1,"minecraft:prismarine_shard":4,"minecraft:diamond_sword":16,"minecraft:amethyst_block":225,"minecraft:string":22,"minecraft:dead_tube_coral_block":4,"minecraft:raw_copper":667,"minecraft:iron_leggings":15,"minecraft:sea_pickle":6,"minecraft:deepslate_tiles":90,"minecraft:cobbled_deepslate":402,"minecraft:bucket":3,"minecraft:spruce_planks":399,"minecraft:cobblestone_slab":53,"minecraft:calcite":243,"minecraft:azalea":3,"minecraft:wooden_shovel":14,"minecraft:iron_pickaxe":19,"minecraft:melon_slice":45,"minecraft:iron_boots":5,"minecraft:furnace":2,"minecraft:tipped_arrow":1,"minecraft:golden_helmet":3,"minecraft:stick":63,"minecraft:big_dripleaf":4,"minecraft:birch_trapdoor":6,"minecraft:torch":17,"minecraft:acacia_log":5,"minecraft:dried_kelp":4,"minecraft:pointed_dripstone":13,"minecraft:diorite":108,"minecraft:green_terracotta":48,"minecraft:stone_sword":2,"minecraft:rotten_flesh":53,"minecraft:tropical_fish":5,"minecraft:music_disc_ward":1,"minecraft:cyan_terracotta":7,"minecraft:white_terracotta":22,"minecraft:cod":6,"minecraft:snowball":722,"minecraft:cobblestone":437,"minecraft:sponge":4,"minecraft:birch_log":103,"minecraft:feather":56,"minecraft:water_bucket":3,"minecraft:andesite":115,"minecraft:powder_snow_bucket":2,"minecraft:potato":1,"minecraft:flint":15,"minecraft:tuff":109,"minecraft:prismarine_bricks":15,"minecraft:map":2,"minecraft:lapis_lazuli":636,"minecraft:dirt":483,"minecraft:leather_boots":7,"minecraft:bone":46,"minecraft:bow":14,"minecraft:gray_terracotta":12,"minecraft:wheat_seeds":21,"minecraft:small_dripleaf":13,"minecraft:raw_gold":81,"minecraft:cobbled_deepslate_slab":19,"minecraft:moss_block":298,"minecraft:prismarine":70,"minecraft:oak_planks":131,"minecraft:glow_lichen":22,"minecraft:sand":1,"minecraft:granite_slab":215,"minecraft:ink_sac":8,"minecraft:dark_oak_log":53,"minecraft:dark_prismarine":33,"minecraft:iron_hoe":5,"minecraft:light_gray_terracotta":25,"minecraft:blue_terracotta":9,"minecraft:diamond":37,"minecraft:writable_book":3,"minecraft:dead_brain_coral_block":25,"minecraft:blue_ice":1,"minecraft:granite":163,"minecraft:bone_meal":40,"minecraft:golden_apple":2,"minecraft:spruce_button":8,"minecraft:rooted_dirt":42,"minecraft:oak_sapling":16,"minecraft:andesite_slab":20,"minecraft:diamond_pickaxe":23,"minecraft:crafting_table":2,"minecraft:chicken":3,"minecraft:ladder":9,"minecraft:clay_ball":253,"minecraft:wooden_pickaxe":2,"minecraft:diorite_slab":8,"minecraft:dead_horn_coral_block":11,"minecraft:shield":18,"minecraft:iron_axe":22,"minecraft:flint_and_steel":2,"minecraft:iron_shovel":2,"minecraft:candle":6,"minecraft:beef":3,"minecraft:spruce_slab":22,"minecraft:birch_sapling":10,"minecraft:sugar_cane":2,"minecraft:chest":73,"minecraft:raw_copper_block":9,"minecraft:egg":10,"minecraft:dark_oak_sapling":16,"minecraft:raw_iron":120,"minecraft:orange_dye":12,"minecraft:raw_gold_block":4,"minecraft:copper_ingot":11,"minecraft:music_disc_mellohi":1,"minecraft:amethyst_cluster":11,"minecraft:prismarine_crystals":29,"minecraft:dark_oak_planks":6,"minecraft:arrow":188,"minecraft:stone_shovel":15,"minecraft:deepslate_bricks":178,"minecraft:gold_ingot":3,"minecraft:glow_berries":4,"minecraft:rail":6,"minecraft:white_wool":1,"minecraft:dark_oak_button":104,"minecraft:golden_carrot":10,"minecraft:salmon":5,"minecraft:fox_spawn_egg":1,"minecraft:leather":8,"minecraft:red_mushroom":6,"minecraft:birch_planks":335,"minecraft:ice":3,"minecraft:crimson_fungus":3,"minecraft:oak_log":145,"minecraft:gunpowder":12,"minecraft:deepslate_tile_slab":1,"minecraft:paper":2,"minecraft:apple":13,"minecraft:rabbit_hide":9,"minecraft:spore_blossom":4,"minecraft:iron_ingot":18,"minecraft:music_disc_far":1,"minecraft:stone_pickaxe":8,"minecraft:iron_sword":5,"minecraft:smooth_basalt":76,"minecraft:pumpkin":3,"minecraft:budding_amethyst":9,"minecraft:raw_iron_block":2,"minecraft:dripstone_block":218,"minecraft:gravel":253,"minecraft:dead_fire_coral_block":2,"minecraft:amethyst_shard":19,"minecraft:spruce_sapling":7,"minecraft:spruce_log":46,"minecraft:spider_eye":3,"minecraft:leather_helmet":6,"minecraft:diamond_shovel":2,"minecraft:pumpkin_seeds":2,"minecraft:dried_kelp_block":6,"minecraft:white_concrete_powder":24,"minecraft:stone_axe":15,"minecraft:dead_bubble_coral_block":6,"minecraft:iron_helmet":10,"minecraft:terracotta":37,"minecraft:coal":102}},"DataVersion":3120}