{"stats":{"minecraft:killed":{"minecraft:spider":4,"minecraft:skeleton":1,"minecraft:rabbit":2,"minecraft:polar_bear":2,"minecraft:sheep":1,"minecraft:goat":2,"minecraft:zombie":2,"minecraft:mooshroom":2,"minecraft:stray":3},"minecraft:picked_up":{"minecraft:wooden_axe":5,"minecraft:iron_chestplate":3,"minecraft:crafting_table":1,"minecraft:ladder":6,"minecraft:clay_ball":148,"minecraft:wooden_pickaxe":1,"minecraft:diorite_slab":4,"minecraft:amethyst_block":102,"minecraft:string":9,"minecraft:iron_axe":1,"minecraft:raw_copper":190,"minecraft:deepslate_tiles":6,"minecraft:cobbled_deepslate":64,"minecraft:bucket":2,"minecraft:spruce_planks":2,"minecraft:beef":3,"minecraft:cobblestone_slab":46,"minecraft:calcite":92,"minecraft:azalea":2,"minecraft:wooden_shovel":13,"minecraft:iron_pickaxe":6,"minecraft:melon_slice":45,"minecraft:chest":37,"minecraft:birch_sapling":2,"minecraft:furnace":2,"minecraft:iron_boots":3,"minecraft:raw_copper_block":6,"minecraft:egg":4,"minecraft:tipped_arrow":1,"minecraft:dark_oak_sapling":4,"minecraft:stick":29,"minecraft:raw_iron":53,"minecraft:raw_gold_block":4,"minecraft:copper_ingot":11,"minecraft:birch_trapdoor":2,"minecraft:torch":12,"minecraft:music_disc_mellohi":1,"minecraft:amethyst_cluster":1,"minecraft:diorite":82,"minecraft:stone_shovel":8,"minecraft:arrow":161,"minecraft:rotten_flesh":3,"minecraft:deepslate_bricks":20,"minecraft:gold_ingot":1,"minecraft:white_terracotta":16,"minecraft:white_wool":1,"minecraft:cod":2,"minecraft:snowball":660,"minecraft:rail":3,"minecraft:cobblestone":233,"minecraft:birch_log":74,"minecraft:feather":26,"minecraft:golden_carrot":7,"minecraft:salmon":2,"minecraft:water_bucket":3,"minecraft:andesite":45,"minecraft:leather":3,"minecraft:powder_snow_bucket":2,"minecraft:red_mushroom":1,"minecraft:potato":1,"minecraft:birch_planks":80,"minecraft:ice":2,"minecraft:flint":9,"minecraft:tuff":19,"minecraft:oak_log":75,"minecraft:gunpowder":3,"minecraft:lapis_lazuli":49,"minecraft:map":1,"minecraft:dirt":397,"minecraft:paper":2,"minecraft:leather_boots":1,"minecraft:bone":30,"minecraft:bow":3,"minecraft:gray_terracotta":8,"minecraft:wheat_seeds":3,"minecraft:raw_gold":30,"minecraft:cobbled_deepslate_slab":17,"minecraft:rabbit_hide":4,"minecraft:iron_ingot":5,"minecraft:music_disc_far":1,"minecraft:stone_pickaxe":7,"minecraft:oak_planks":95,"minecraft:glow_lichen":9,"minecraft:smooth_basalt":37,"minecraft:pumpkin":3,"minecraft:budding_amethyst":2,"minecraft:raw_iron_block":1,"minecraft:dripstone_block":10,"minecraft:gravel":186,"minecraft:spruce_sapling":3,"minecraft:granite_slab":105,"minecraft:spruce_log":25,"minecraft:dark_oak_log":4,"minecraft:spider_eye":1,"minecraft:iron_hoe":2,"minecraft:pumpkin_seeds":1,"minecraft:blue_terracotta":3,"minecraft:white_concrete_powder":17,"minecraft:diamond":2,"minecraft:stone_axe":9,"minecraft:writable_book":2,"minecraft:granite":82,"minecraft:blue_ice":1,"minecraft:bone_meal":36,"minecraft:spruce_button":8,"minecraft:terracotta":31,"minecraft:oak_sapling":5,"minecraft:coal":31,"minecraft:andesite_slab":13},"minecraft:dropped":{"minecraft:wooden_axe":1,"minecraft:melon_slice":1,"minecraft:bone":12,"minecraft:azalea":1,"minecraft:wooden_shovel":3,"minecraft:arrow":64},"minecraft:broken":{"minecraft:wooden_shovel":1,"minecraft:stone_pickaxe":1,"minecraft:stone_axe":2,"minecraft:wooden_axe":1,"minecraft:stone_shovel":1},"minecraft:mined":{"minecraft:deepslate_tiles":3,"minecraft:diamond_ore":1,"minecraft:tuff":12,"minecraft:spruce_planks":2,"minecraft:dark_oak_log":4,"minecraft:granite":58,"minecraft:cobbled_deepslate_slab":6,"minecraft:budding_amethyst":6,"minecraft:grass_block":153,"minecraft:deepslate_bricks":13,"minecraft:white_concrete_powder":10,"minecraft:diorite_slab":1,"minecraft:furnace":2,"minecraft:raw_gold_block":4,"minecraft:iron_ore":32,"minecraft:fire":8,"minecraft:andesite":29,"minecraft:pumpkin":3,"minecraft:deepslate_lapis_ore":6,"minecraft:granite_slab":7,"minecraft:dirt_path":3,"minecraft:deepslate_iron_ore":4,"minecraft:cobblestone_slab":7,"minecraft:packed_ice":23,"minecraft:stone":143,"minecraft:podzol":25,"minecraft:gray_terracotta":5,"minecraft:snow_block":81,"minecraft:powder_snow":15,"minecraft:clay":21,"minecraft:crafting_table":1,"minecraft:calcite":55,"minecraft:melon":8,"minecraft:chest":29,"minecraft:andesite_slab":5,"minecraft:copper_ore":33,"minecraft:cobblestone":4,"minecraft:deepslate_coal_ore":1,"minecraft:deepslate_gold_ore":16,"minecraft:oak_planks":28,"minecraft:diorite":55,"minecraft:wall_torch":3,"minecraft:amethyst_block":43,"minecraft:deepslate_copper_ore":10,"minecraft:birch_sapling":1,"minecraft:white_terracotta":13,"minecraft:birch_planks":15,"minecraft:blue_terracotta":1,"minecraft:birch_log":36,"minecraft:blue_ice":18,"minecraft:birch_trapdoor":1,"minecraft:spruce_log":16,"minecraft:oak_log":65,"minecraft:coal_ore":17,"minecraft:gravel":86,"minecraft:dripstone_block":9,"minecraft:dirt":116,"minecraft:smooth_basalt":23,"minecraft:terracotta":15,"minecraft:raw_copper_block":3,"minecraft:gold_ore":3,"minecraft:oak_leaves":6,"minecraft:deepslate":46},"minecraft:used":{"minecraft:stone_shovel":155,"minecraft:ladder":3,"minecraft:chest":29,"minecraft:spruce_planks":6,"minecraft:white_terracotta":6,"minecraft:wooden_shovel":181,"minecraft:oak_door":2,"minecraft:iron_chestplate":1,"minecraft:torch":21,"minecraft:dirt":89,"minecraft:deepslate_tile_slab":5,"minecraft:tuff":4,"minecraft:granite":5,"minecraft:snowball":181,"minecraft:birch_door":2,"minecraft:wooden_axe":89,"minecraft:iron_axe":4,"minecraft:iron_boots":3,"minecraft:smooth_basalt":15,"minecraft:birch_trapdoor":2,"minecraft:golden_carrot":2,"minecraft:bow":9,"minecraft:furnace":3,"minecraft:calcite":9,"minecraft:water_bucket":6,"minecraft:diorite":1,"minecraft:birch_planks":144,"minecraft:stone_pickaxe":351,"minecraft:oak_planks":181,"minecraft:andesite_slab":80,"minecraft:wooden_pickaxe":55,"minecraft:cobblestone_slab":210,"minecraft:salmon":2,"minecraft:terracotta":5,"minecraft:crafting_table":4,"minecraft:gray_terracotta":4,"minecraft:iron_pickaxe":404,"minecraft:gravel":9,"minecraft:stone_axe":187,"minecraft:granite_slab":99,"minecraft:cobbled_deepslate_slab":55,"minecraft:cobblestone":4,"minecraft:andesite":2,"minecraft:bucket":7,"minecraft:diorite_slab":92},"minecraft:custom":{"minecraft:mob_kills":26,"minecraft:interact_with_crafting_table":77,"minecraft:leave_game":16,"minecraft:time_since_death":5505,"minecraft:climb_one_cm":3222,"minecraft:damage_resisted":10,"minecraft:sprint_one_cm":258404,"minecraft:walk_one_cm":286130,"minecraft:drop":12,"minecraft:play_time":151983,"minecraft:sneak_time":47571,"minecraft:deaths":24,"minecraft:walk_under_water_one_cm":12971,"minecraft:jump":730,"minecraft:walk_on_water_one_cm":2583,"minecraft:total_world_time":151983,"minecraft:interact_with_furnace":24,"minecraft:time_since_rest":5531,"minecraft:damage_taken":6652,"minecraft:damage_dealt":6988,"minecraft:swim_one_cm":19479,"minecraft:fly_one_cm":106013,"minecraft:open_chest":261,"minecraft:crouch_one_cm":127221,"minecraft:fall_one_cm":8167},"minecraft:crafted":{"minecraft:cobbled_deepslate_slab":60,"minecraft:oak_door":3,"minecraft:oak_planks":244,"minecraft:raw_iron":9,"minecraft:cobblestone_slab":204,"minecraft:stone_shovel":5,"minecraft:spruce_button":4,"minecraft:furnace":1,"minecraft:ladder":6,"minecraft:stone_pickaxe":4,"minecraft:birch_door":3,"minecraft:arrow":4,"minecraft:crafting_table":3,"minecraft:spruce_planks":24,"minecraft:wooden_pickaxe":2,"minecraft:copper_ingot":10,"minecraft:birch_planks":164,"minecraft:stone_axe":3,"minecraft:air":0,"minecraft:stick":72,"minecraft:andesite_slab":78,"minecraft:iron_pickaxe":2,"minecraft:iron_ingot":24,"minecraft:birch_trapdoor":2,"minecraft:wooden_axe":3,"minecraft:torch":16,"minecraft:diorite_slab":90,"minecraft:granite_slab":114,"minecraft:deepslate_tile_slab":6},"minecraft:killed_by":{"minecraft:player":1,"minecraft:spider":1,"jacky:jacky":4,"mimicer:mimicer":2,"man:managgresive":1,"skinwalker_overhaul:skinwalker_overhaul":5,"minecraft:skeleton":1,"torture:torture":2}},"DataVersion":3120}