{"stats":{"minecraft:mined":{"minecraft:dead_bush":3,"minecraft:cobblestone":3,"biomesoplenty:sprout":2,"minecraft:cyan_bed":10,"minecraft:sandstone":1,"minecraft:wall_torch":1,"minecraft:cactus":1,"minecraft:barrel":4,"minecraft:fire":1,"minecraft:sand":33,"minecraft:stone":31,"minecraft:terracotta":27,"minecraft:bone_block":9,"minecraft:green_bed":7},"minecraft:killed_by":{"arphex:spider_flat":4,"minecraft:skeleton":1},"minecraft:used":{"minecraft:flint_and_steel":3,"minecraft:stone_pickaxe":31,"minecraft:oak_planks":1,"minecraft:cactus":2,"minecraft:wooden_pickaxe":44,"minecraft:sandstone":1,"minecraft:green_bed":8,"minecraft:oak_door":1,"minecraft:torch":5,"minecraft:sand":33,"minecraft:terracotta":27,"minecraft:crafting_table":4,"minecraft:bookshelf":4,"minecraft:iron_axe":93,"minecraft:bread":17,"minecraft:suspicious_stew":1,"minecraft:cyan_bed":9,"minecraft:rooted_dirt":5,"minecraft:melon_slice":7,"minecraft:barrel":3,"minecraft:item_frame":1,"minecraft:cobblestone":1,"minecraft:oak_boat":1,"minecraft:cooked_beef":4},"minecraft:killed":{"arphex:solifuge_skulker":1,"arphex:spider_larvae_tiny":14,"arphex:spider_brood":1,"arphex:spider_flat":2,"minecraft:rabbit":1,"minecraft:skeleton":1,"arphex:hornet_harbinger":2,"arphex:blood_worm":1,"arphex:centipede_stalker":1,"arphex:fly_festerer":1,"arphex:spider_larvae":2},"minecraft:dropped":{"minecraft:cooked_beef":7,"minecraft:raw_copper":1,"minecraft:bowl":3,"minecraft:golden_apple":1,"minecraft:poppy":3,"minecraft:melon_slice":48,"minecraft:azalea":12,"minecraft:oak_sapling":6,"minecraft:arrow":1,"minecraft:wooden_pickaxe":1,"minecraft:cactus":9,"minecraft:cyan_bed":1,"minecraft:fermented_spider_eye":9,"minecraft:string":1,"minecraft:bone":1},"minecraft:custom":{"minecraft:mob_kills":28,"minecraft:interact_with_crafting_table":5,"minecraft:open_barrel":22,"minecraft:interact_with_loom":2,"minecraft:leave_game":1,"minecraft:time_since_death":12273,"minecraft:sleep_in_bed":5,"minecraft:climb_one_cm":220,"minecraft:time_since_rest":4154,"minecraft:sprint_one_cm":198636,"minecraft:damage_taken":2412,"minecraft:walk_one_cm":117815,"minecraft:drop":28,"minecraft:damage_dealt":5661,"minecraft:talked_to_villager":1,"minecraft:fly_one_cm":407101,"minecraft:open_chest":8,"minecraft:crouch_one_cm":16892,"minecraft:play_time":57135,"minecraft:deaths":5,"minecraft:sneak_time":4894,"minecraft:boat_one_cm":86012,"minecraft:jump":1690,"minecraft:walk_on_water_one_cm":155,"minecraft:interact_with_smoker":1,"minecraft:total_world_time":57135,"minecraft:fall_one_cm":39274},"minecraft:picked_up":{"minecraft:charcoal":40,"minecraft:cooked_beef":96,"minecraft:chicken":40,"minecraft:suspicious_stew":4,"minecraft:leather":25,"minecraft:wooden_pickaxe":1,"minecraft:potato":24,"biomesoplenty:dead_log":28,"minecraft:enchanted_book":7,"arphex:venomous_appendage":5,"minecraft:acacia_boat":1,"minecraft:string":5,"minecraft:paper":16,"minecraft:iron_axe":5,"minecraft:raw_copper":1,"man:cassette_1safetyinstructions":7,"minecraft:flint_and_steel":3,"minecraft:item_frame":1,"minecraft:bone":2,"minecraft:apple":40,"minecraft:bow":1,"minecraft:wheat_seeds":64,"minecraft:candle":20,"minecraft:rabbit_hide":9,"arphex:burning_glands":19,"minecraft:oak_boat":1,"minecraft:azalea":24,"minecraft:stripped_oak_wood":30,"minecraft:poppy":4,"minecraft:rabbit":20,"minecraft:melon_slice":109,"minecraft:oak_planks":28,"minecraft:stick":113,"minecraft:sandstone":1,"minecraft:oak_door":5,"minecraft:torch":1,"minecraft:green_bed":11,"arphex:void_geode_shard":3,"minecraft:bowl":27,"arphex:maggot_grub":5,"minecraft:spruce_fence":40,"minecraft:porkchop":24,"minecraft:sand":54,"minecraft:cyan_bed":13,"minecraft:fermented_spider_eye":16,"minecraft:barrel":8,"minecraft:cactus":16,"minecraft:arrow":1,"minecraft:beetroot_seeds":295,"minecraft:golden_apple":3,"minecraft:bread":116,"minecraft:terracotta":27,"minecraft:rooted_dirt":20,"minecraft:oak_sapling":12,"minecraft:bone_block":9,"minecraft:cobblestone":34},"minecraft:crafted":{"minecraft:wooden_sword":1,"biomesoplenty:dead_planks":112,"minecraft:oak_planks":24,"minecraft:crafting_table":4,"minecraft:wooden_pickaxe":1,"minecraft:oak_boat":2,"minecraft:stick":8,"minecraft:stone_pickaxe":1,"minecraft:torch":4}},"DataVersion":3120}