{"stats":{"minecraft:mined":{"minecraft:diamond_ore":1,"minecraft:tuff":16,"minecraft:deepslate_diamond_ore":3,"minecraft:sandstone":1,"minecraft:cobbled_deepslate":1,"minecraft:barrel":4,"minecraft:iron_ore":46,"minecraft:fire":2,"minecraft:deepslate_lapis_ore":1,"minecraft:deepslate_iron_ore":30,"minecraft:stone":363,"minecraft:bone_block":9,"minecraft:green_bed":7,"minecraft:torch":19,"minecraft:crafting_table":1,"minecraft:emerald_ore":1,"minecraft:calcite":3,"minecraft:dead_bush":3,"minecraft:cobblestone":7,"minecraft:deepslate_gold_ore":15,"minecraft:lapis_ore":3,"biomesoplenty:sprout":2,"minecraft:cyan_bed":10,"minecraft:wall_torch":17,"minecraft:amethyst_block":7,"minecraft:cactus":1,"minecraft:coal_ore":39,"minecraft:gravel":32,"minecraft:sand":33,"minecraft:dirt":2,"minecraft:smooth_basalt":2,"minecraft:terracotta":29,"minecraft:gold_ore":1,"minecraft:deepslate":59},"minecraft:killed_by":{"old_goatman:old_goatman":1,"the_rake:the_rake":4,"steve_dweller:steve_dweller":1,"the_mangle:the_mangle":2,"arphex:spider_flat":4,"minecraft:skeleton":3,"minecraft:zombie":1},"minecraft:killed":{"arphex:spider_brood":1,"arphex:spider_flat":2,"minecraft:spider":4,"minecraft:skeleton":12,"arphex:hornet_harbinger":2,"arphex:blood_worm":1,"arphex:centipede_stalker":1,"arphex:solifuge_skulker":1,"arphex:spider_larvae_tiny":14,"minecraft:zombie_villager":1,"minecraft:rabbit":1,"minecraft:zombie":12,"arphex:fly_festerer":1,"arphex:spider_larvae":2},"minecraft:used":{"minecraft:stone_sword":93,"minecraft:flint_and_steel":5,"minecraft:shield":30,"minecraft:iron_sword":1,"minecraft:oak_door":1,"minecraft:iron_chestplate":1,"minecraft:torch":131,"minecraft:cobblestone_wall":16,"minecraft:tuff":16,"minecraft:bookshelf":4,"minecraft:rooted_dirt":5,"minecraft:iron_axe":107,"minecraft:iron_helmet":3,"minecraft:barrel":4,"minecraft:item_frame":1,"minecraft:smooth_basalt":2,"minecraft:furnace":3,"minecraft:cooked_beef":12,"minecraft:cobbled_deepslate":59,"minecraft:iron_leggings":1,"minecraft:stone_pickaxe":300,"minecraft:oak_planks":1,"minecraft:cactus":2,"minecraft:wooden_pickaxe":44,"minecraft:sandstone":1,"minecraft:green_bed":9,"minecraft:sand":33,"minecraft:terracotta":27,"minecraft:crafting_table":7,"biomesoplenty:dead_planks":4,"minecraft:bread":22,"minecraft:cyan_bed":9,"minecraft:melon_slice":7,"minecraft:iron_pickaxe":300,"minecraft:suspicious_stew":1,"minecraft:gravel":24,"minecraft:stone_axe":7,"minecraft:cobblestone":302,"minecraft:cooked_porkchop":2,"minecraft:bucket":1,"minecraft:oak_boat":1,"minecraft:candle":4},"minecraft:dropped":{"minecraft:iron_ingot":29,"biomesoplenty:dead_planks":36,"minecraft:candle":1,"minecraft:cooked_beef":7,"minecraft:diamond_leggings":1,"minecraft:iron_helmet":1,"minecraft:golden_apple":1,"minecraft:torch":28,"minecraft:melon_slice":48,"minecraft:iron_pickaxe":1,"minecraft:cactus":9,"minecraft:string":2,"minecraft:fermented_spider_eye":9,"minecraft:bone":1,"minecraft:raw_copper":1,"minecraft:bowl":3,"minecraft:diamond_sword":1,"minecraft:poppy":3,"minecraft:azalea":12,"minecraft:oak_sapling":6,"minecraft:iron_bars":32,"minecraft:arrow":1,"minecraft:wooden_pickaxe":1,"minecraft:cyan_bed":1,"minecraft:terracotta":2},"minecraft:broken":{"minecraft:stone_pickaxe":2,"minecraft:iron_pickaxe":1},"minecraft:custom":{"minecraft:mob_kills":54,"minecraft:interact_with_crafting_table":27,"minecraft:open_barrel":69,"minecraft:leave_game":4,"minecraft:time_since_death":3801,"minecraft:climb_one_cm":220,"minecraft:sprint_one_cm":499227,"minecraft:walk_one_cm":232580,"minecraft:damage_blocked_by_shield":1339,"minecraft:drop":41,"minecraft:talked_to_villager":1,"minecraft:play_time":145603,"minecraft:deaths":16,"minecraft:sneak_time":24154,"minecraft:walk_under_water_one_cm":4212,"minecraft:boat_one_cm":86012,"minecraft:jump":3994,"minecraft:walk_on_water_one_cm":16242,"minecraft:total_world_time":145603,"minecraft:interact_with_furnace":19,"minecraft:interact_with_loom":2,"minecraft:sleep_in_bed":9,"minecraft:time_since_rest":3836,"minecraft:damage_taken":6052,"minecraft:damage_dealt":11484,"minecraft:swim_one_cm":8974,"minecraft:fly_one_cm":785173,"minecraft:open_chest":8,"minecraft:crouch_one_cm":74818,"minecraft:interact_with_smoker":1,"minecraft:fall_one_cm":120979},"minecraft:picked_up":{"minecraft:charcoal":40,"minecraft:crafting_table":2,"minecraft:iron_chestplate":4,"minecraft:chicken":40,"minecraft:suspicious_stew":4,"minecraft:diamond_sword":1,"minecraft:wooden_pickaxe":2,"minecraft:enchanted_book":7,"minecraft:shield":4,"minecraft:amethyst_block":14,"minecraft:string":14,"minecraft:raw_copper":142,"minecraft:iron_axe":11,"minecraft:wooden_sword":5,"minecraft:flint_and_steel":3,"minecraft:iron_leggings":3,"minecraft:item_frame":1,"minecraft:diamond_leggings":1,"minecraft:candle":20,"minecraft:cobbled_deepslate":118,"minecraft:bucket":1,"minecraft:oak_boat":1,"minecraft:calcite":6,"minecraft:azalea":24,"minecraft:poppy":4,"minecraft:iron_pickaxe":8,"minecraft:melon_slice":109,"minecraft:iron_boots":4,"minecraft:stick":150,"minecraft:raw_iron":112,"minecraft:sandstone":1,"minecraft:oak_door":5,"minecraft:torch":158,"arphex:void_geode_shard":3,"minecraft:bowl":27,"minecraft:green_bed":11,"arphex:maggot_grub":5,"minecraft:spruce_fence":40,"minecraft:porkchop":24,"minecraft:cactus":16,"minecraft:stone_sword":5,"minecraft:arrow":7,"minecraft:rotten_flesh":37,"minecraft:beetroot_seeds":295,"minecraft:iron_bars":16,"minecraft:bone_block":9,"minecraft:cobblestone":443,"minecraft:cooked_beef":101,"minecraft:glow_ink_sac":14,"minecraft:water_bucket":2,"minecraft:leather":25,"minecraft:potato":24,"biomesoplenty:dead_log":28,"minecraft:flint":2,"minecraft:tuff":17,"arphex:venomous_appendage":5,"minecraft:gunpowder":4,"minecraft:acacia_boat":2,"minecraft:lapis_lazuli":163,"minecraft:dirt":8,"minecraft:paper":16,"man:cassette_1safetyinstructions":7,"biomesoplenty:glowing_moss_carpet":1,"minecraft:bone":19,"minecraft:apple":40,"minecraft:bow":2,"minecraft:wheat_seeds":64,"minecraft:raw_gold":17,"minecraft:rabbit_hide":9,"minecraft:iron_ingot":50,"arphex:burning_glands":19,"minecraft:stripped_oak_wood":30,"minecraft:rabbit":20,"minecraft:oak_planks":28,"minecraft:smooth_basalt":2,"minecraft:cooked_porkchop":2,"minecraft:gravel":46,"biomesoplenty:dead_planks":14,"minecraft:sand":54,"minecraft:cyan_bed":13,"minecraft:fermented_spider_eye":16,"minecraft:barrel":8,"minecraft:mossy_cobblestone":1,"minecraft:diamond":8,"minecraft:stone_axe":6,"minecraft:iron_helmet":4,"minecraft:golden_apple":3,"minecraft:bread":135,"minecraft:emerald":5,"minecraft:rooted_dirt":20,"minecraft:terracotta":29,"minecraft:oak_sapling":12,"minecraft:coal":38},"minecraft:crafted":{"minecraft:wooden_sword":1,"minecraft:oak_planks":24,"minecraft:furnace":3,"minecraft:iron_bars":16,"minecraft:iron_boots":1,"minecraft:iron_axe":1,"minecraft:stone_pickaxe":3,"minecraft:cobblestone_wall":24,"biomesoplenty:dead_planks":112,"minecraft:crafting_table":6,"minecraft:wooden_pickaxe":1,"minecraft:iron_helmet":1,"minecraft:iron_sword":1,"minecraft:bucket":2,"minecraft:stone_axe":2,"minecraft:air":0,"minecraft:oak_boat":2,"minecraft:iron_chestplate":1,"minecraft:shield":1,"minecraft:stick":44,"minecraft:iron_ingot":64,"minecraft:iron_pickaxe":2,"minecraft:stone_sword":1,"minecraft:iron_leggings":1,"minecraft:torch":108}},"DataVersion":3120}