{"stats":{"minecraft:mined":{"minecraft:diamond_ore":1,"minecraft:tuff":16,"minecraft:deepslate_diamond_ore":3,"minecraft:sandstone":1,"minecraft:fire":2,"minecraft:iron_ore":46,"minecraft:barrel":4,"minecraft:deepslate_iron_ore":18,"minecraft:stone":363,"minecraft:bone_block":9,"minecraft:green_bed":7,"minecraft:torch":4,"minecraft:crafting_table":1,"minecraft:emerald_ore":1,"minecraft:dead_bush":3,"minecraft:cobblestone":6,"minecraft:cyan_bed":10,"biomesoplenty:sprout":2,"minecraft:deepslate_gold_ore":11,"minecraft:wall_torch":15,"minecraft:cactus":1,"minecraft:coal_ore":39,"minecraft:sand":33,"minecraft:dirt":2,"minecraft:terracotta":29,"minecraft:gold_ore":1,"minecraft:deepslate":25},"minecraft:killed_by":{"the_rake:the_rake":2,"arphex:spider_flat":4,"minecraft:skeleton":1},"minecraft:killed":{"arphex:spider_brood":1,"arphex:spider_flat":2,"minecraft:skeleton":3,"arphex:hornet_harbinger":2,"arphex:blood_worm":1,"arphex:centipede_stalker":1,"arphex:solifuge_skulker":1,"arphex:spider_larvae_tiny":14,"minecraft:zombie_villager":1,"minecraft:rabbit":1,"minecraft:zombie":4,"arphex:fly_festerer":1,"arphex:spider_larvae":2},"minecraft:used":{"minecraft:stone_sword":34,"minecraft:flint_and_steel":5,"minecraft:shield":11,"minecraft:oak_door":1,"minecraft:torch":75,"minecraft:cobblestone_wall":16,"minecraft:bookshelf":4,"minecraft:iron_axe":93,"minecraft:rooted_dirt":5,"minecraft:barrel":4,"minecraft:item_frame":1,"minecraft:furnace":3,"minecraft:cooked_beef":11,"minecraft:cobbled_deepslate":20,"minecraft:stone_pickaxe":300,"minecraft:oak_planks":1,"minecraft:cactus":2,"minecraft:wooden_pickaxe":44,"minecraft:sandstone":1,"minecraft:green_bed":9,"minecraft:sand":33,"minecraft:terracotta":27,"minecraft:crafting_table":7,"minecraft:melon_slice":7,"minecraft:cyan_bed":9,"minecraft:bread":17,"minecraft:suspicious_stew":1,"minecraft:iron_pickaxe":232,"minecraft:stone_axe":1,"minecraft:cobblestone":270,"minecraft:oak_boat":1,"minecraft:candle":4},"minecraft:dropped":{"biomesoplenty:dead_planks":36,"minecraft:candle":1,"minecraft:cooked_beef":7,"minecraft:golden_apple":1,"minecraft:torch":1,"minecraft:melon_slice":48,"minecraft:cactus":9,"minecraft:fermented_spider_eye":9,"minecraft:string":2,"minecraft:bone":1,"minecraft:raw_copper":1,"minecraft:bowl":3,"minecraft:poppy":3,"minecraft:azalea":12,"minecraft:oak_sapling":6,"minecraft:arrow":1,"minecraft:wooden_pickaxe":1,"minecraft:cyan_bed":1,"minecraft:terracotta":2},"minecraft:broken":{"minecraft:stone_pickaxe":2},"minecraft:custom":{"minecraft:mob_kills":36,"minecraft:interact_with_crafting_table":19,"minecraft:open_barrel":48,"minecraft:leave_game":3,"minecraft:time_since_death":10078,"minecraft:climb_one_cm":220,"minecraft:sprint_one_cm":331156,"minecraft:walk_one_cm":172511,"minecraft:damage_blocked_by_shield":440,"minecraft:drop":33,"minecraft:talked_to_villager":1,"minecraft:play_time":104428,"minecraft:deaths":7,"minecraft:sneak_time":18697,"minecraft:walk_under_water_one_cm":3250,"minecraft:boat_one_cm":86012,"minecraft:jump":2634,"minecraft:walk_on_water_one_cm":5136,"minecraft:total_world_time":104428,"minecraft:interact_with_furnace":10,"minecraft:interact_with_loom":2,"minecraft:sleep_in_bed":8,"minecraft:time_since_rest":10107,"minecraft:damage_taken":3448,"minecraft:damage_dealt":7037,"minecraft:fly_one_cm":554033,"minecraft:open_chest":8,"minecraft:crouch_one_cm":56958,"minecraft:interact_with_smoker":1,"minecraft:fall_one_cm":61650},"minecraft:picked_up":{"minecraft:charcoal":40,"minecraft:crafting_table":1,"minecraft:iron_chestplate":1,"minecraft:chicken":40,"minecraft:suspicious_stew":4,"minecraft:wooden_pickaxe":1,"minecraft:enchanted_book":7,"minecraft:shield":1,"minecraft:string":5,"minecraft:raw_copper":1,"minecraft:iron_axe":7,"minecraft:wooden_sword":2,"minecraft:flint_and_steel":3,"minecraft:item_frame":1,"minecraft:candle":20,"minecraft:cobbled_deepslate":35,"minecraft:oak_boat":1,"minecraft:azalea":24,"minecraft:poppy":4,"minecraft:iron_pickaxe":4,"minecraft:melon_slice":109,"minecraft:iron_boots":1,"minecraft:stick":113,"minecraft:raw_iron":94,"minecraft:sandstone":1,"minecraft:oak_door":5,"minecraft:torch":51,"arphex:void_geode_shard":3,"minecraft:bowl":27,"minecraft:green_bed":11,"arphex:maggot_grub":5,"minecraft:spruce_fence":40,"minecraft:porkchop":24,"minecraft:cactus":16,"minecraft:stone_sword":2,"minecraft:arrow":5,"minecraft:rotten_flesh":5,"minecraft:beetroot_seeds":295,"minecraft:bone_block":9,"minecraft:cobblestone":439,"minecraft:cooked_beef":100,"minecraft:leather":25,"minecraft:potato":24,"biomesoplenty:dead_log":28,"minecraft:tuff":16,"arphex:venomous_appendage":5,"minecraft:gunpowder":4,"minecraft:acacia_boat":1,"minecraft:dirt":1,"minecraft:paper":16,"man:cassette_1safetyinstructions":7,"minecraft:bone":6,"minecraft:apple":40,"minecraft:bow":1,"minecraft:wheat_seeds":64,"minecraft:raw_gold":13,"minecraft:rabbit_hide":9,"arphex:burning_glands":19,"minecraft:stripped_oak_wood":30,"minecraft:rabbit":20,"minecraft:oak_planks":28,"minecraft:sand":54,"minecraft:cyan_bed":13,"minecraft:fermented_spider_eye":16,"minecraft:barrel":8,"minecraft:diamond":2,"minecraft:stone_axe":2,"minecraft:golden_apple":3,"minecraft:emerald":2,"minecraft:bread":116,"minecraft:rooted_dirt":20,"minecraft:terracotta":29,"minecraft:oak_sapling":12,"minecraft:coal":38},"minecraft:crafted":{"minecraft:wooden_sword":1,"minecraft:oak_planks":24,"minecraft:furnace":3,"minecraft:iron_boots":1,"minecraft:iron_axe":1,"minecraft:stone_pickaxe":3,"minecraft:cobblestone_wall":24,"biomesoplenty:dead_planks":112,"minecraft:crafting_table":6,"minecraft:wooden_pickaxe":1,"minecraft:stone_axe":2,"minecraft:air":0,"minecraft:oak_boat":2,"minecraft:iron_chestplate":1,"minecraft:shield":1,"minecraft:stick":20,"minecraft:iron_ingot":26,"minecraft:iron_pickaxe":2,"minecraft:stone_sword":1,"minecraft:torch":60}},"DataVersion":3120}