{"stats":{"minecraft:picked_up":{"minecraft:crafting_table":1,"minecraft:wheat":1,"minecraft:azure_bluet":2,"minecraft:chicken":3,"minecraft:clay_ball":88,"biomesoplenty:violet":5,"gravestone:obituary":53,"minecraft:string":35,"minecraft:moss_carpet":1,"minecraft:raw_copper":6,"arphex:necrotic_fang":1,"minecraft:cobbled_deepslate":4,"minecraft:spruce_planks":3,"minecraft:beef":2,"minecraft:rose_bush":1,"minecraft:poppy":22,"minecraft:sugar_cane":6,"minecraft:birch_sapling":45,"minecraft:stick":25,"minecraft:raw_iron":44,"minecraft:torch":15,"arphex:maggot_grub":2,"iceandfire:silver_ore":6,"minecraft:porkchop":10,"minecraft:pointed_dripstone":96,"minecraft:arrow":20,"minecraft:rotten_flesh":62,"minecraft:cyan_terracotta":1,"minecraft:mutton":27,"minecraft:white_wool":15,"minecraft:cobblestone":189,"minecraft:birch_log":235,"minecraft:feather":3,"minecraft:lilac":9,"minecraft:glow_ink_sac":1,"minecraft:leather":1,"minecraft:potato":38,"minecraft:birch_planks":46,"minecraft:oak_log":29,"minecraft:gunpowder":2,"sanitydim:garland":1,"minecraft:blue_bed":5,"minecraft:dirt":388,"minecraft:white_banner":3,"minecraft:bone":22,"minecraft:apple":1,"minecraft:wheat_seeds":145,"minecraft:orange_tulip":8,"minecraft:iron_ingot":1,"minecraft:oak_planks":2,"biomesoplenty:mahogany_planks":2,"minecraft:pumpkin":2,"minecraft:gravel":2,"minecraft:dandelion":15,"minecraft:poisonous_potato":2,"minecraft:dripstone_block":5,"minecraft:birch_stairs":4,"minecraft:spruce_sapling":2,"minecraft:spruce_log":24,"minecraft:lily_of_the_valley":2,"minecraft:spider_eye":5,"arphex:fly_appendage":1,"minecraft:purple_bed":4,"travelersbackpack:pumpkin":4,"minecraft:oak_sapling":6,"minecraft:black_wool":2,"minecraft:coal":80,"minecraft:sunflower":10},"minecraft:dropped":{"minecraft:birch_planks":1,"minecraft:wheat_seeds":33,"minecraft:lilac":9,"minecraft:dripstone_block":3,"minecraft:orange_tulip":2,"minecraft:poisonous_potato":2,"biomesoplenty:mahogany_planks":2,"biomesoplenty:violet":5,"minecraft:cyan_terracotta":1,"minecraft:torch":1,"minecraft:mutton":1,"minecraft:rose_bush":1,"gravestone:obituary":95,"minecraft:sunflower":10,"minecraft:white_wool":1,"minecraft:blue_bed":1,"minecraft:spruce_sapling":1,"minecraft:moss_carpet":1,"minecraft:cooked_chicken":5,"minecraft:stone_sword":1,"minecraft:raw_copper":2,"minecraft:wheat":1,"minecraft:birch_sapling":10,"minecraft:pointed_dripstone":94,"minecraft:rotten_flesh":13,"minecraft:clay_ball":88,"minecraft:azure_bluet":2,"minecraft:lily_of_the_valley":1,"travelersbackpack:pumpkin":2,"minecraft:poppy":1,"minecraft:potato":1,"minecraft:gunpowder":1,"sanitydim:garland":1,"minecraft:oak_sapling":1,"minecraft:spider_eye":4},"minecraft:broken":{"minecraft:leather_leggings":1,"minecraft:iron_boots":1,"minecraft:iron_leggings":1,"sanitydim:garland":7,"minecraft:leather_chestplate":1,"minecraft:stone_hoe":1,"minecraft:wooden_sword":1,"minecraft:leather_boots":1,"minecraft:stone_axe":2,"minecraft:iron_pickaxe":1,"minecraft:wooden_axe":1,"minecraft:stone_shovel":1},"minecraft:used":{"minecraft:stone_sword":136,"minecraft:iron_shovel":267,"iceandfire:silver_sword":291,"minecraft:stone_shovel":151,"minecraft:chest":4,"minecraft:spruce_planks":2,"minecraft:shield":10,"minecraft:cooked_chicken":2,"minecraft:stone_hoe":274,"minecraft:rotten_flesh":32,"minecraft:iron_chestplate":1,"minecraft:torch":134,"minecraft:dirt":280,"sanitydim:garland":3,"minecraft:wooden_axe":25,"minecraft:iron_axe":58,"minecraft:birch_sapling":3,"minecraft:iron_helmet":1,"minecraft:furnace":3,"minecraft:cooked_beef":2,"minecraft:potato":57,"minecraft:wheat_seeds":101,"minecraft:cooked_mutton":26,"minecraft:stone_pickaxe":72,"minecraft:baked_potato":6,"minecraft:birch_planks":169,"minecraft:oak_planks":6,"minecraft:blue_bed":4,"iceandfire:armor_silver_metal_boots":1,"minecraft:crafting_table":4,"minecraft:dripstone_block":1,"minecraft:bread":13,"minecraft:iron_pickaxe":252,"travelersbackpack:pumpkin":3,"minecraft:stone_axe":180,"minecraft:wooden_sword":63,"minecraft:cobblestone":74,"minecraft:purple_bed":4,"minecraft:white_banner":3,"minecraft:cooked_porkchop":5,"minecraft:birch_log":145,"minecraft:bone_meal":24,"minecraft:birch_stairs":27},"minecraft:killed":{"arphex:hornet_harbinger_giant":1,"minecraft:cave_spider":3,"minecraft:spider":8,"minecraft:skeleton":11,"arphex:hornet_harbinger":5,"arphex:blood_worm":2,"minecraft:chicken":3,"minecraft:pig":5,"endofherobrine:villager":1,"minecraft:creeper":2,"minecraft:sheep":17,"minecraft:pillager":6,"minecraft:zombie":13,"arphex:fly_festerer":1,"endofherobrine:cow":1,"endofherobrine:sheep":2,"minecraft:enderman":1,"minecraft:cow":1},"minecraft:mined":{"minecraft:spruce_planks":2,"iceandfire:silver_ore":7,"immersive_weathering:birch_leaf_pile":21,"gravestone:gravestone":55,"minecraft:grass_block":318,"minecraft:spruce_sapling":1,"minecraft:iron_ore":21,"biomesoplenty:violet":5,"minecraft:moss_carpet":1,"minecraft:pumpkin":2,"minecraft:azure_bluet":2,"minecraft:pointed_dripstone":19,"minecraft:potatoes":11,"minecraft:deepslate_iron_ore":29,"biomesoplenty:webbing":2,"immersive_weathering:ivy":1,"minecraft:stone":145,"biomesoplenty:spider_egg":1,"immersive_weathering:oak_leaf_pile":1,"minecraft:birch_stairs":4,"minecraft:lily_of_the_valley":1,"minecraft:dandelion":16,"minecraft:clay":3,"minecraft:crafting_table":1,"minecraft:torch":7,"minecraft:poppy":22,"minecraft:rose_bush":1,"minecraft:tall_grass":19,"minecraft:cobblestone":10,"biomesoplenty:sprout":9,"minecraft:sugar_cane":3,"minecraft:oak_planks":2,"minecraft:blue_bed":4,"minecraft:wall_torch":7,"minecraft:birch_sapling":11,"minecraft:purple_bed":4,"minecraft:birch_planks":45,"minecraft:birch_log":78,"minecraft:wheat":1,"minecraft:lilac":11,"minecraft:birch_leaves":1,"minecraft:orange_tulip":7,"minecraft:grass":1068,"biomesoplenty:clover":205,"minecraft:coal_ore":80,"minecraft:oak_log":8,"minecraft:dripstone_block":2,"minecraft:sunflower":5,"minecraft:dirt":31,"minecraft:cobweb":28,"the_one_who_watches:scratched_birch_log":1,"minecraft:deepslate":6,"minecraft:fern":18},"minecraft:custom":{"minecraft:mob_kills":99,"minecraft:interact_with_crafting_table":54,"minecraft:damage_dealt_resisted":42,"minecraft:leave_game":10,"minecraft:time_since_death":968,"minecraft:climb_one_cm":4469,"minecraft:damage_resisted":26,"minecraft:sprint_one_cm":1390173,"minecraft:walk_one_cm":1056895,"minecraft:damage_blocked_by_shield":596,"minecraft:drop":150,"minecraft:damage_dealt_absorbed":412,"minecraft:play_time":220675,"minecraft:deaths":57,"minecraft:sneak_time":17425,"minecraft:walk_under_water_one_cm":7150,"minecraft:jump":6186,"minecraft:walk_on_water_one_cm":17024,"minecraft:total_world_time":220675,"minecraft:interact_with_furnace":37,"minecraft:sleep_in_bed":23,"minecraft:time_since_rest":998,"minecraft:damage_taken":17601,"minecraft:damage_dealt":24150,"minecraft:swim_one_cm":10787,"minecraft:fly_one_cm":2459368,"minecraft:player_kills":9,"minecraft:open_chest":58,"minecraft:crouch_one_cm":115853,"minecraft:fall_one_cm":208984},"minecraft:crafted":{"minecraft:wooden_sword":1,"minecraft:oak_planks":32,"minecraft:stone_shovel":1,"minecraft:cooked_chicken":7,"minecraft:furnace":3,"minecraft:bone_meal":24,"sanitydim:garland":7,"minecraft:cooked_mutton":26,"travelersbackpack:white_sleeping_bag":1,"minecraft:iron_axe":1,"minecraft:stone_pickaxe":1,"minecraft:chest":4,"iceandfire:armor_silver_metal_boots":1,"minecraft:stone_hoe":1,"minecraft:cooked_beef":2,"minecraft:cooked_porkchop":5,"iceandfire:silver_ingot":6,"minecraft:crafting_table":3,"minecraft:spruce_planks":4,"minecraft:baked_potato":6,"minecraft:birch_planks":224,"minecraft:stone_axe":2,"minecraft:air":0,"minecraft:iron_chestplate":1,"minecraft:shield":1,"minecraft:stick":36,"minecraft:iron_ingot":14,"minecraft:wooden_axe":1,"minecraft:stone_sword":1,"minecraft:iron_shovel":1,"minecraft:torch":124,"minecraft:birch_stairs":24,"iceandfire:silver_sword":1},"minecraft:killed_by":{"midnightlurker:midnight_lurker_backturned":1,"minecraft:player":6,"the_anomaly:anomaly_attack_crawl":2,"minecraft:creeper":1,"the_anomaly:anomaly_attack":4,"arphex:hornet_harbinger":4,"old_goatman:old_goatman":4,"the_rake:the_rake":4,"endofherobrine:sheep":1,"sanitydim:rotting_stalker":2,"the_mangle:the_mangle":2,"cartoon_dweller:cartoon_dweller":5,"mimicer:mimicer":2,"midnightlurker:void_hands":2,"man:managgresive":2,"sanitydim:sneaking_terror":1,"apollyon:the_damned":1,"minecraft:skeleton":5,"minecraft:zombie":2,"arphex:hornet_harbinger_giant":1,"cave_dweller:cave_dweller":2,"demonic_watcher:demonic_watcher":1,"midnightlurker:midnight_lurker_unprovoked":1}},"DataVersion":3120}