{"stats":{"minecraft:custom":{"minecraft:mob_kills":62,"minecraft:interact_with_crafting_table":39,"minecraft:open_barrel":72,"minecraft:leave_game":7,"minecraft:time_since_death":21978,"minecraft:climb_one_cm":1672,"minecraft:sprint_one_cm":629408,"minecraft:walk_one_cm":318592,"minecraft:damage_blocked_by_shield":1339,"minecraft:drop":46,"minecraft:talked_to_villager":1,"minecraft:play_time":202373,"minecraft:deaths":25,"minecraft:sneak_time":30130,"minecraft:walk_under_water_one_cm":7147,"minecraft:boat_one_cm":233644,"minecraft:jump":5431,"minecraft:walk_on_water_one_cm":22984,"minecraft:total_world_time":202373,"minecraft:interact_with_furnace":24,"minecraft:interact_with_loom":2,"minecraft:sleep_in_bed":13,"minecraft:time_since_rest":10639,"minecraft:damage_taken":8891,"minecraft:damage_dealt":12661,"minecraft:swim_one_cm":46353,"minecraft:fly_one_cm":1044552,"minecraft:open_chest":14,"minecraft:crouch_one_cm":88882,"minecraft:interact_with_smoker":1,"minecraft:fall_one_cm":160869},"minecraft:used":{"minecraft:stone_sword":114,"minecraft:dead_bush":2,"minecraft:flint_and_steel":5,"minecraft:bone_block":11,"minecraft:chest":2,"minecraft:shield":30,"minecraft:iron_sword":1,"minecraft:oak_door":1,"minecraft:iron_chestplate":1,"minecraft:torch":143,"minecraft:dirt":7,"minecraft:cobblestone_wall":21,"minecraft:tuff":16,"minecraft:wooden_axe":30,"minecraft:bookshelf":4,"minecraft:rooted_dirt":5,"minecraft:iron_axe":107,"minecraft:iron_helmet":3,"minecraft:barrel":4,"minecraft:item_frame":1,"minecraft:smooth_basalt":2,"minecraft:furnace":3,"minecraft:cooked_beef":12,"minecraft:cobbled_deepslate":60,"minecraft:iron_leggings":1,"minecraft:acacia_boat":2,"minecraft:stone_pickaxe":300,"minecraft:oak_planks":1,"minecraft:cactus":2,"minecraft:wooden_pickaxe":46,"minecraft:sandstone":1,"minecraft:green_bed":11,"minecraft:sand":33,"minecraft:terracotta":50,"minecraft:lime_bed":3,"minecraft:crafting_table":13,"biomesoplenty:dead_planks":4,"minecraft:bread":35,"minecraft:cyan_bed":13,"minecraft:melon_slice":7,"minecraft:iron_pickaxe":468,"minecraft:suspicious_stew":1,"minecraft:gravel":24,"minecraft:stone_axe":7,"minecraft:cobblestone":322,"minecraft:cooked_porkchop":2,"minecraft:bucket":1,"minecraft:oak_boat":1,"minecraft:candle":4},"minecraft:mined":{"minecraft:diamond_ore":1,"minecraft:tuff":16,"minecraft:deepslate_diamond_ore":3,"minecraft:jungle_leaves":1,"minecraft:potted_cactus":1,"minecraft:acacia_log":11,"minecraft:grass_block":2,"minecraft:jungle_log":3,"biomesoplenty:mahogany_sapling":1,"minecraft:sandstone":1,"biomesoplenty:dune_grass":1,"minecraft:hay_block":12,"minecraft:jungle_sapling":1,"minecraft:cobbled_deepslate":1,"immersive_weathering:mossy_stone":2,"minecraft:iron_ore":46,"minecraft:fire":2,"minecraft:barrel":4,"minecraft:deepslate_lapis_ore":1,"minecraft:deepslate_iron_ore":30,"minecraft:stone":441,"minecraft:bone_block":11,"minecraft:green_bed":8,"minecraft:acacia_leaves":10,"minecraft:torch":22,"minecraft:crafting_table":2,"minecraft:emerald_ore":1,"minecraft:calcite":3,"minecraft:dead_bush":3,"minecraft:cobblestone":29,"minecraft:deepslate_gold_ore":15,"biomesoplenty:sprout":4,"minecraft:lapis_ore":3,"minecraft:cyan_bed":13,"minecraft:wall_torch":23,"minecraft:amethyst_block":7,"minecraft:lime_bed":4,"minecraft:cactus":1,"minecraft:acacia_sapling":2,"biomesoplenty:mahogany_log":2,"minecraft:grass":5,"minecraft:coal_ore":62,"minecraft:gravel":32,"minecraft:sand":33,"minecraft:dirt":12,"minecraft:smooth_basalt":2,"minecraft:terracotta":69,"minecraft:gold_ore":1,"minecraft:oak_leaves":3,"minecraft:infested_stone":1,"minecraft:deepslate":59,"minecraft:fern":8},"minecraft:picked_up":{"minecraft:charcoal":40,"minecraft:cocoa_beans":7,"minecraft:crafting_table":4,"minecraft:iron_chestplate":4,"minecraft:chicken":40,"minecraft:suspicious_stew":4,"minecraft:diamond_sword":1,"minecraft:wooden_pickaxe":3,"minecraft:enchanted_book":7,"minecraft:shield":5,"minecraft:amethyst_block":14,"minecraft:string":14,"minecraft:raw_copper":142,"minecraft:iron_axe":11,"minecraft:wooden_sword":5,"minecraft:flint_and_steel":4,"minecraft:iron_leggings":3,"minecraft:item_frame":1,"minecraft:diamond_leggings":1,"minecraft:candle":20,"minecraft:cobbled_deepslate":118,"minecraft:bucket":1,"minecraft:oak_boat":1,"minecraft:azalea":24,"minecraft:calcite":6,"minecraft:jungle_sapling":2,"minecraft:poppy":4,"minecraft:iron_pickaxe":9,"minecraft:melon_slice":109,"minecraft:chest":1,"minecraft:iron_boots":4,"minecraft:stick":162,"minecraft:raw_iron":118,"minecraft:sandstone":1,"minecraft:acacia_log":19,"minecraft:oak_door":5,"minecraft:green_bed":13,"minecraft:torch":169,"arphex:void_geode_shard":3,"minecraft:bowl":27,"minecraft:porkchop":25,"arphex:maggot_grub":5,"minecraft:spruce_fence":45,"minecraft:cactus":26,"minecraft:stone_sword":6,"minecraft:arrow":8,"minecraft:rotten_flesh":40,"minecraft:beetroot_seeds":354,"biomesoplenty:mahogany_sapling":9,"minecraft:hay_block":25,"minecraft:white_wool":3,"minecraft:mutton":5,"minecraft:iron_bars":16,"minecraft:bone_block":11,"minecraft:cobblestone":609,"minecraft:lime_bed":3,"minecraft:cooked_beef":101,"minecraft:glow_ink_sac":14,"minecraft:water_bucket":2,"minecraft:jungle_log":5,"minecraft:leather":25,"minecraft:potato":24,"biomesoplenty:dead_log":28,"minecraft:flint":2,"minecraft:tuff":17,"arphex:venomous_appendage":6,"minecraft:gunpowder":8,"minecraft:cobblestone_wall":3,"minecraft:acacia_boat":2,"minecraft:lapis_lazuli":163,"minecraft:dirt":26,"minecraft:paper":16,"biomesoplenty:glowing_moss_carpet":1,"man:cassette_1safetyinstructions":8,"minecraft:bone":23,"minecraft:apple":40,"minecraft:bow":2,"minecraft:wheat_seeds":66,"minecraft:raw_gold":17,"minecraft:rabbit_hide":9,"minecraft:iron_ingot":50,"arphex:burning_glands":30,"minecraft:stripped_oak_wood":30,"minecraft:rabbit":20,"minecraft:acacia_sapling":1,"minecraft:oak_planks":28,"minecraft:smooth_basalt":2,"minecraft:cooked_porkchop":2,"minecraft:gravel":46,"biomesoplenty:dead_planks":14,"minecraft:sand":54,"minecraft:fermented_spider_eye":16,"minecraft:cyan_bed":18,"minecraft:barrel":8,"minecraft:mossy_cobblestone":2,"biomesoplenty:mahogany_log":48,"minecraft:diamond":8,"minecraft:stone_axe":6,"minecraft:iron_helmet":4,"minecraft:golden_apple":3,"minecraft:emerald":6,"minecraft:bread":153,"minecraft:rooted_dirt":20,"minecraft:terracotta":85,"minecraft:oak_sapling":12,"minecraft:coal":61},"minecraft:crafted":{"minecraft:wooden_sword":1,"minecraft:oak_planks":24,"biomesoplenty:mahogany_planks":28,"minecraft:furnace":3,"minecraft:iron_bars":16,"minecraft:iron_boots":1,"minecraft:iron_axe":1,"minecraft:stone_pickaxe":3,"minecraft:cobblestone_wall":24,"minecraft:chest":3,"minecraft:wheat":126,"biomesoplenty:dead_planks":112,"minecraft:crafting_table":11,"minecraft:wooden_pickaxe":2,"minecraft:iron_helmet":1,"minecraft:iron_sword":1,"minecraft:bucket":2,"minecraft:stone_axe":3,"minecraft:acacia_boat":1,"minecraft:bread":21,"minecraft:jungle_planks":20,"minecraft:air":0,"minecraft:oak_boat":2,"minecraft:iron_chestplate":1,"minecraft:shield":1,"minecraft:stick":60,"minecraft:iron_ingot":64,"minecraft:iron_pickaxe":2,"minecraft:wooden_axe":2,"minecraft:stone_sword":2,"minecraft:iron_leggings":1,"minecraft:acacia_planks":24,"minecraft:torch":112},"minecraft:broken":{"minecraft:stone_pickaxe":2,"minecraft:iron_pickaxe":1},"minecraft:dropped":{"minecraft:bread":4,"minecraft:iron_ingot":29,"biomesoplenty:dead_planks":36,"minecraft:candle":1,"minecraft:cooked_beef":7,"minecraft:diamond_leggings":1,"minecraft:iron_helmet":1,"minecraft:golden_apple":1,"minecraft:torch":28,"minecraft:wooden_axe":1,"minecraft:melon_slice":48,"minecraft:iron_pickaxe":1,"minecraft:cactus":9,"minecraft:string":2,"minecraft:fermented_spider_eye":9,"minecraft:bone":1,"minecraft:raw_copper":1,"minecraft:bowl":3,"minecraft:diamond_sword":1,"minecraft:poppy":3,"minecraft:azalea":12,"minecraft:oak_sapling":6,"minecraft:iron_bars":32,"minecraft:arrow":1,"minecraft:wooden_pickaxe":1,"minecraft:cyan_bed":1,"minecraft:terracotta":2},"minecraft:killed":{"arphex:mosquito_morbidity":1,"arphex:spider_brood":1,"arphex:spider_flat":2,"minecraft:spider":4,"minecraft:skeleton":13,"arphex:hornet_harbinger":2,"arphex:blood_worm":1,"minecraft:silverfish":2,"arphex:centipede_stalker":1,"arphex:solifuge_skulker":1,"arphex:spider_larvae_tiny":14,"minecraft:pig":1,"minecraft:zombie_villager":1,"minecraft:rabbit":1,"minecraft:sheep":3,"minecraft:zombie":12,"arphex:fly_festerer":1,"arphex:spider_larvae":2},"minecraft:killed_by":{"minecraft:creeper":1,"arphex:hornet_harbinger":2,"the_rake:the_rake":6,"old_goatman:old_goatman":2,"steve_dweller:steve_dweller":1,"the_mangle:the_mangle":4,"arphex:spider_flat":4,"minecraft:skeleton":3,"minecraft:zombie":1}},"DataVersion":3120}