{"stats":{"minecraft:killed":{"minecraft:spider":1,"minecraft:skeleton":1,"minecraft:rabbit":3,"minecraft:creeper":3,"minecraft:goat":3,"minecraft:zombie":1},"minecraft:picked_up":{"minecraft:wooden_axe":1,"minecraft:iron_chestplate":1,"minecraft:chicken":1,"minecraft:clay_ball":56,"minecraft:amethyst_block":26,"minecraft:iron_axe":3,"minecraft:raw_copper":191,"minecraft:iron_leggings":1,"minecraft:iron_shovel":1,"minecraft:cobbled_deepslate":13,"minecraft:spruce_planks":2,"minecraft:cobblestone_slab":2,"minecraft:calcite":3,"minecraft:azalea":3,"minecraft:wooden_shovel":13,"minecraft:iron_pickaxe":1,"minecraft:melon_slice":18,"minecraft:chest":9,"minecraft:birch_sapling":16,"minecraft:iron_boots":1,"minecraft:stick":18,"minecraft:raw_iron":25,"minecraft:raw_gold_block":1,"minecraft:torch":5,"minecraft:diorite":19,"minecraft:rotten_flesh":12,"minecraft:arrow":68,"minecraft:stone_shovel":1,"minecraft:deepslate_bricks":2,"minecraft:mutton":1,"minecraft:snowball":101,"minecraft:cobblestone":66,"minecraft:birch_log":81,"minecraft:feather":2,"minecraft:andesite":14,"minecraft:red_mushroom":1,"minecraft:birch_planks":6,"minecraft:flint":22,"minecraft:tuff":2,"minecraft:oak_log":56,"minecraft:dirt":140,"minecraft:leather_boots":1,"minecraft:bone":29,"minecraft:apple":5,"minecraft:bow":1,"minecraft:gray_terracotta":2,"minecraft:raw_gold":7,"minecraft:rabbit_hide":6,"minecraft:rabbit":1,"minecraft:oak_planks":66,"minecraft:glow_lichen":2,"minecraft:smooth_basalt":5,"minecraft:dripstone_block":1,"minecraft:gravel":236,"minecraft:spruce_sapling":1,"minecraft:spruce_log":74,"minecraft:dark_oak_log":6,"minecraft:blue_terracotta":2,"minecraft:white_concrete_powder":8,"minecraft:diamond":1,"minecraft:stone_axe":1,"minecraft:iron_helmet":1,"minecraft:granite":28,"minecraft:bone_meal":3,"minecraft:oak_sapling":4,"minecraft:coal":30},"minecraft:broken":{"minecraft:wooden_shovel":1,"minecraft:stone_pickaxe":2,"minecraft:stone_axe":1},"minecraft:mined":{"minecraft:spruce_planks":3,"minecraft:dark_oak_log":1,"minecraft:granite":33,"minecraft:grass_block":83,"minecraft:spruce_leaves":9,"minecraft:white_concrete_powder":9,"minecraft:diorite_slab":5,"minecraft:raw_iron_block":1,"minecraft:raw_gold_block":1,"minecraft:iron_ore":23,"minecraft:fire":9,"minecraft:andesite":25,"minecraft:granite_slab":2,"minecraft:cobblestone_slab":1,"minecraft:dirt_path":1,"minecraft:packed_ice":2,"minecraft:stone":87,"minecraft:podzol":20,"minecraft:gray_terracotta":3,"minecraft:snow_block":5,"minecraft:clay":14,"minecraft:calcite":17,"minecraft:melon":2,"minecraft:chest":10,"minecraft:andesite_slab":5,"minecraft:copper_ore":49,"minecraft:oak_planks":10,"minecraft:diorite":22,"minecraft:wall_torch":3,"minecraft:amethyst_block":29,"minecraft:white_terracotta":3,"minecraft:birch_planks":9,"minecraft:blue_terracotta":2,"minecraft:birch_log":78,"minecraft:blue_ice":1,"minecraft:spruce_log":77,"minecraft:birch_leaves":6,"minecraft:oak_log":48,"minecraft:coal_ore":12,"minecraft:gravel":200,"minecraft:dripstone_block":1,"minecraft:dirt":72,"minecraft:smooth_basalt":5,"minecraft:terracotta":4,"minecraft:gold_ore":8,"minecraft:oak_leaves":17},"minecraft:dropped":{"minecraft:iron_ingot":5,"minecraft:birch_planks":148,"minecraft:oak_log":1,"minecraft:diamond":1,"minecraft:dripstone_block":1,"minecraft:feather":9,"minecraft:cobblestone":15,"minecraft:apple":5,"minecraft:amethyst_block":9,"minecraft:granite":5,"minecraft:copper_ingot":10,"minecraft:coal":7,"minecraft:stick":21,"minecraft:flint":1,"minecraft:dirt":5,"minecraft:diorite":1,"minecraft:golden_carrot":1,"minecraft:wooden_axe":2,"minecraft:map":1,"minecraft:snowball":30,"minecraft:writable_book":1,"minecraft:iron_axe":2,"minecraft:birch_log":7,"minecraft:smooth_basalt":5,"minecraft:bone":1,"minecraft:gravel":131,"minecraft:blue_terracotta":2,"minecraft:stone_axe":1,"minecraft:cobbled_deepslate":13,"minecraft:raw_copper":40,"minecraft:raw_iron":16,"minecraft:stone_shovel":1,"minecraft:rotten_flesh":11,"minecraft:clay_ball":4,"minecraft:oak_planks":64,"minecraft:iron_boots":1,"minecraft:glow_lichen":1,"minecraft:deepslate_bricks":2,"minecraft:gray_terracotta":2,"minecraft:spruce_planks":292,"minecraft:iron_chestplate":1,"minecraft:leather_boots":1,"minecraft:wooden_shovel":4,"minecraft:chest":1,"minecraft:azalea":1,"minecraft:wooden_pickaxe":1,"minecraft:bow":2,"minecraft:arrow":64,"minecraft:stone_pickaxe":1,"minecraft:raw_gold":4,"minecraft:calcite":1,"minecraft:white_concrete_powder":6},"minecraft:custom":{"minecraft:mob_kills":15,"minecraft:animals_bred":1,"minecraft:interact_with_crafting_table":82,"minecraft:damage_dealt_resisted":94,"minecraft:leave_game":11,"minecraft:time_since_death":5443,"minecraft:climb_one_cm":2418,"minecraft:damage_resisted":226,"minecraft:sprint_one_cm":56245,"minecraft:walk_one_cm":538874,"minecraft:drop":373,"minecraft:play_time":162206,"minecraft:deaths":8,"minecraft:sneak_time":23227,"minecraft:walk_under_water_one_cm":9229,"minecraft:jump":579,"minecraft:walk_on_water_one_cm":2404,"minecraft:total_world_time":162206,"minecraft:interact_with_furnace":54,"minecraft:time_since_rest":5502,"minecraft:damage_taken":2797,"minecraft:damage_dealt":4312,"minecraft:swim_one_cm":12660,"minecraft:fly_one_cm":33107,"minecraft:player_kills":3,"minecraft:open_chest":364,"minecraft:crouch_one_cm":42566,"minecraft:fall_one_cm":2199},"minecraft:crafted":{"minecraft:oak_planks":240,"minecraft:furnace":1,"minecraft:bone_meal":12,"minecraft:bow":2,"minecraft:iron_boots":2,"minecraft:iron_axe":2,"minecraft:stone_pickaxe":2,"minecraft:dark_oak_planks":40,"minecraft:cooked_beef":3,"minecraft:arrow":88,"minecraft:spruce_planks":368,"minecraft:wooden_pickaxe":1,"minecraft:iron_helmet":1,"minecraft:birch_planks":292,"minecraft:stone_axe":1,"minecraft:air":0,"minecraft:iron_chestplate":2,"minecraft:stick":40,"minecraft:iron_ingot":37,"minecraft:iron_pickaxe":1,"minecraft:wooden_axe":1,"minecraft:iron_shovel":1,"minecraft:iron_leggings":1},"minecraft:used":{"minecraft:writable_book":1,"minecraft:iron_shovel":114,"minecraft:chest":5,"minecraft:wooden_shovel":111,"minecraft:torch":3,"minecraft:dirt":221,"minecraft:tuff":2,"minecraft:granite":6,"minecraft:snowball":36,"minecraft:wooden_axe":51,"minecraft:iron_axe":156,"minecraft:birch_sapling":25,"minecraft:bow":93,"minecraft:oak_sapling":4,"minecraft:furnace":1,"minecraft:cooked_beef":3,"minecraft:water_bucket":1,"minecraft:amethyst_block":2,"minecraft:birch_planks":8,"minecraft:stone_pickaxe":223,"minecraft:oak_planks":13,"minecraft:wooden_pickaxe":9,"minecraft:cobblestone_slab":1,"minecraft:oak_log":4,"minecraft:apple":2,"minecraft:melon_slice":15,"minecraft:iron_pickaxe":168,"minecraft:spruce_sapling":4,"minecraft:gravel":171,"minecraft:stone_axe":95,"minecraft:andesite":1,"minecraft:bone_meal":14},"minecraft:killed_by":{"minecraft:player":1,"man:managgresive":1}},"DataVersion":3120}