{"stats":{"minecraft:picked_up":{"minecraft:azure_bluet":6,"minecraft:chicken":11,"minecraft:clay_ball":140,"gravestone:obituary":53,"minecraft:string":28,"minecraft:moss_carpet":2,"minecraft:raw_copper":4,"minecraft:cobbled_deepslate":20,"minecraft:spruce_planks":20,"minecraft:beef":9,"minecraft:white_tulip":5,"minecraft:rose_bush":32,"minecraft:poppy":41,"minecraft:iron_pickaxe":1,"minecraft:light_gray_wool":1,"minecraft:birch_sapling":15,"minecraft:stick":10,"minecraft:raw_iron":67,"minecraft:stone":3,"minecraft:torch":8,"epicfight:skillbook":2,"minecraft:porkchop":26,"minecraft:pointed_dripstone":46,"minecraft:dark_oak_planks":8,"minecraft:arrow":19,"minecraft:rotten_flesh":32,"minecraft:red_tulip":1,"minecraft:cyan_terracotta":1,"minecraft:pink_tulip":3,"minecraft:saddle":1,"minecraft:mutton":20,"minecraft:cobblestone":88,"minecraft:white_wool":11,"minecraft:birch_log":19,"minecraft:feather":23,"minecraft:lilac":3,"minecraft:leather":10,"minecraft:birch_planks":33,"sanitydim:garland":1,"minecraft:dirt":26,"minecraft:blue_bed":4,"minecraft:white_banner":3,"minecraft:bone":19,"travelersbackpack:cake":2,"minecraft:bow":2,"minecraft:wheat_seeds":12,"minecraft:orange_tulip":18,"arphex:burning_glands":2,"minecraft:cooked_chicken":5,"minecraft:oak_planks":2,"biomesoplenty:mahogany_planks":13,"iceandfire:amphithere_feather":3,"minecraft:dandelion":10,"minecraft:dripstone_block":14,"minecraft:spruce_log":7,"minecraft:lily_of_the_valley":7,"minecraft:dark_oak_log":6,"minecraft:spider_eye":3,"biomesoplenty:mahogany_log":7,"arphex:fly_appendage":3,"minecraft:purple_bed":3,"minecraft:diamond":9,"minecraft:gray_wool":1,"minecraft:coal":21,"minecraft:sunflower":8},"minecraft:dropped":{"arphex:burning_glands":2,"minecraft:birch_planks":2,"minecraft:wheat_seeds":12,"minecraft:lilac":2,"minecraft:orange_tulip":4,"minecraft:feather":1,"biomesoplenty:mahogany_planks":2,"minecraft:cyan_terracotta":1,"minecraft:dirt":1,"minecraft:rose_bush":32,"gravestone:obituary":92,"minecraft:sunflower":8,"minecraft:white_banner":2,"minecraft:iron_pickaxe":1,"minecraft:pink_tulip":2,"minecraft:white_tulip":5,"minecraft:moss_carpet":2,"minecraft:raw_copper":4,"minecraft:birch_sapling":15,"minecraft:pointed_dripstone":42,"minecraft:rotten_flesh":30,"minecraft:clay_ball":140,"minecraft:azure_bluet":6,"minecraft:lily_of_the_valley":7,"travelersbackpack:pumpkin":1,"minecraft:stone":6,"sanitydim:garland":1,"minecraft:spider_eye":3,"arphex:fly_appendage":3},"minecraft:broken":{"minecraft:iron_boots":1,"sanitydim:garland":10,"minecraft:iron_axe":1,"minecraft:iron_sword":1,"minecraft:iron_pickaxe":1},"minecraft:killed":{"minecraft:cave_spider":2,"iceandfire:hippogryph":1,"minecraft:witch":1,"minecraft:spider":3,"sanitydim:rotting_stalker":1,"the_rake:the_rake":1,"minecraft:skeleton":18,"arphex:hornet_harbinger":2,"arphex:blood_worm":2,"arphex:long_legs_fly":1,"minecraft:chicken":11,"minecraft:drowned":1,"arphex:spider_larvae_tiny":5,"minecraft:pig":10,"minecraft:zombie_villager":1,"iceandfire:amphithere":1,"minecraft:creeper":1,"minecraft:sheep":13,"the_anomaly:anomaly_attack":1,"minecraft:zombie":18,"arphex:fly_festerer":1,"endofherobrine:cow":1,"minecraft:cow":4},"minecraft:used":{"biomesoplenty:mahogany_planks":39,"minecraft:spruce_planks":57,"minecraft:shield":11,"minecraft:iron_sword":425,"minecraft:cooked_chicken":5,"minecraft:torch":12,"minecraft:dirt":25,"minecraft:mutton":13,"sanitydim:garland":1,"minecraft:dark_oak_planks":26,"minecraft:red_tulip":1,"minecraft:iron_axe":192,"minecraft:light_gray_wool":1,"minecraft:bow":32,"minecraft:furnace":2,"travelersbackpack:cake":7,"minecraft:cobbled_deepslate":10,"minecraft:cooked_mutton":2,"epicfight:skillbook":2,"minecraft:birch_planks":92,"minecraft:oak_planks":5,"minecraft:blue_bed":4,"minecraft:dripstone_block":13,"minecraft:spruce_log":1,"minecraft:dark_oak_door":3,"minecraft:chicken":7,"minecraft:bread":5,"minecraft:iron_pickaxe":244,"minecraft:lilac":1,"minecraft:cobblestone":66,"minecraft:purple_bed":3,"minecraft:cooked_porkchop":7,"minecraft:white_banner":1,"minecraft:porkchop":12,"minecraft:birch_log":2,"minecraft:gray_wool":1},"minecraft:mined":{"minecraft:dark_oak_planks":8,"minecraft:tuff":1,"minecraft:spruce_planks":20,"minecraft:deepslate_diamond_ore":9,"minecraft:dark_oak_log":4,"minecraft:glow_lichen":1,"immersive_weathering:birch_leaf_pile":4,"gravestone:gravestone":33,"minecraft:grass_block":18,"the_one_who_watches:scratched_dark_oak_log":2,"minecraft:spawner":2,"minecraft:iron_ore":34,"minecraft:cobbled_deepslate":1,"minecraft:azure_bluet":3,"minecraft:pointed_dripstone":6,"minecraft:red_tulip":2,"minecraft:deepslate_iron_ore":28,"biomesoplenty:webbing":3,"minecraft:pink_tulip":1,"immersive_weathering:ivy":2,"minecraft:stone":78,"minecraft:white_tulip":5,"biomesoplenty:spider_egg":1,"minecraft:lily_of_the_valley":5,"minecraft:dandelion":10,"minecraft:clay":3,"minecraft:torch":5,"minecraft:poppy":42,"biomesoplenty:mahogany_planks":14,"minecraft:rose_bush":18,"minecraft:tall_grass":3,"minecraft:cobblestone":20,"biomesoplenty:sprout":7,"minecraft:oak_planks":2,"minecraft:blue_bed":4,"minecraft:wall_torch":2,"minecraft:purple_bed":3,"minecraft:birch_planks":30,"minecraft:birch_log":13,"biomesoplenty:mahogany_log":7,"minecraft:lilac":3,"minecraft:spruce_log":8,"minecraft:orange_tulip":13,"minecraft:grass":55,"minecraft:coal_ore":21,"minecraft:gravel":1,"minecraft:sunflower":3,"minecraft:dripstone_block":10,"minecraft:dirt":4,"biomesoplenty:stringy_cobweb":1,"minecraft:cobweb":22,"minecraft:deepslate":18,"minecraft:fern":24},"minecraft:custom":{"minecraft:mob_kills":104,"minecraft:interact_with_crafting_table":16,"minecraft:damage_dealt_resisted":48,"minecraft:leave_game":12,"minecraft:time_since_death":13221,"minecraft:climb_one_cm":1507,"minecraft:damage_resisted":23,"minecraft:sprint_one_cm":1337795,"minecraft:walk_one_cm":1436524,"minecraft:damage_blocked_by_shield":338,"minecraft:drop":238,"minecraft:damage_dealt_absorbed":323,"minecraft:talked_to_villager":2,"minecraft:play_time":258199,"minecraft:deaths":40,"minecraft:sneak_time":17326,"minecraft:walk_under_water_one_cm":17924,"minecraft:jump":3547,"minecraft:walk_on_water_one_cm":27597,"minecraft:total_world_time":258199,"minecraft:interact_with_furnace":45,"minecraft:interact_with_loom":1,"minecraft:sleep_in_bed":20,"minecraft:time_since_rest":13246,"minecraft:damage_taken":11133,"minecraft:damage_dealt":22037,"minecraft:swim_one_cm":2451,"minecraft:fly_one_cm":949446,"minecraft:player_kills":6,"minecraft:open_chest":37,"minecraft:crouch_one_cm":67914,"minecraft:fall_one_cm":89002,"minecraft:horse_one_cm":793785},"minecraft:crafted":{"biomesoplenty:mahogany_planks":28,"minecraft:furnace":2,"minecraft:stone":3,"sanitydim:garland":10,"minecraft:cooked_mutton":2,"minecraft:dark_oak_door":3,"minecraft:iron_axe":2,"minecraft:dark_oak_planks":24,"minecraft:cooked_porkchop":7,"minecraft:spruce_planks":40,"minecraft:baked_potato":2,"minecraft:birch_planks":68,"minecraft:air":0,"minecraft:iron_chestplate":1,"minecraft:shield":1,"minecraft:stick":8,"minecraft:iron_pickaxe":1,"minecraft:iron_ingot":62,"minecraft:torch":4},"minecraft:killed_by":{"the_silence:the_silence_principal":1,"endofherobrine:cow":1,"minecraft:player":9,"the_anomaly:anomaly_attack_crawl":3,"the_one_who_watches:toww_hunting":1,"minecraft:creeper":3,"the_anomaly:anomaly_attack":1,"arphex:hornet_harbinger":3,"old_goatman:old_goatman":1,"the_rake:the_rake":3,"sanitydim:rotting_stalker":2,"the_mangle:the_mangle":3,"mimicer:mimicer":1,"endofherobrine:villager":1,"minecraft:skeleton":2,"minecraft:zombie":1,"endofherobrine:pigman":1,"midnightlurker:midnight_lurker_unprovoked":1}},"DataVersion":3120}