{"stats":{"minecraft:mined":{"minecraft:attached_melon_stem":9,"minecraft:melon_stem":1,"minecraft:light_blue_carpet":3,"minecraft:crafting_table":4,"minecraft:glow_lichen":1,"minecraft:acacia_log":4,"minecraft:poppy":1,"minecraft:melon":12,"minecraft:dead_bush":1,"minecraft:copper_ore":12,"minecraft:cobblestone":11,"minecraft:tall_grass":4,"minecraft:lapis_ore":2,"biomesoplenty:sprout":1,"biomesoplenty:dead_grass":2,"biomesoplenty:dune_grass":1,"minecraft:wall_torch":2,"minecraft:carrots":18,"immersive_weathering:mossy_stone":1,"minecraft:iron_ore":3,"minecraft:wheat":26,"minecraft:brown_bed":2,"minecraft:grass":11,"minecraft:potatoes":10,"minecraft:coal_ore":32,"minecraft:deepslate_iron_ore":1,"minecraft:beetroots":21,"minecraft:gravel":2,"minecraft:dirt":7,"minecraft:cyan_carpet":1,"minecraft:sand":30,"minecraft:stone":292,"minecraft:azalea":5,"minecraft:green_bed":5,"minecraft:fern":7},"minecraft:killed_by":{"minecraft:creeper":1,"arphex:hornet_harbinger":2,"the_rake:the_rake":1,"arphex:spider_larvae":1},"minecraft:killed":{"arphex:spider_larvae_tiny":1},"minecraft:used":{"minecraft:acacia_boat":2,"minecraft:stone_pickaxe":353,"minecraft:wooden_pickaxe":14,"minecraft:sandstone":1,"minecraft:green_bed":2,"minecraft:torch":2,"minecraft:golden_apple":1,"minecraft:sand":21,"minecraft:terracotta":8,"minecraft:crafting_table":5,"minecraft:apple":8,"minecraft:cyan_bed":1,"minecraft:melon_slice":5,"minecraft:bread":1,"minecraft:stone_axe":1,"minecraft:cobblestone":62,"minecraft:cooked_beef":2,"minecraft:potato":9,"minecraft:brown_bed":2},"minecraft:dropped":{"arphex:burning_glands":1,"minecraft:acacia_boat":1,"minecraft:cobblestone":1,"minecraft:melon_seeds":20,"minecraft:light_blue_carpet":3,"minecraft:azalea":4},"minecraft:broken":{"minecraft:stone_pickaxe":2},"minecraft:custom":{"minecraft:mob_kills":1,"minecraft:interact_with_crafting_table":6,"minecraft:open_barrel":8,"minecraft:bell_ring":1,"minecraft:leave_game":1,"minecraft:sleep_in_bed":6,"minecraft:time_since_death":36777,"minecraft:climb_one_cm":1479,"minecraft:time_since_rest":6022,"minecraft:sprint_one_cm":253820,"minecraft:damage_taken":2371,"minecraft:walk_one_cm":273278,"minecraft:drop":30,"minecraft:damage_dealt":172,"minecraft:swim_one_cm":2304,"minecraft:talked_to_villager":6,"minecraft:fly_one_cm":216010,"minecraft:open_chest":10,"minecraft:crouch_one_cm":30294,"minecraft:play_time":80698,"minecraft:deaths":7,"minecraft:sneak_time":9399,"minecraft:walk_under_water_one_cm":5333,"minecraft:boat_one_cm":78265,"minecraft:jump":1116,"minecraft:walk_on_water_one_cm":3551,"minecraft:total_world_time":80698,"minecraft:interact_with_smoker":2,"minecraft:fall_one_cm":34131},"minecraft:picked_up":{"minecraft:crafting_table":4,"minecraft:wheat":26,"minecraft:cooked_beef":7,"minecraft:leather":1,"minecraft:wooden_pickaxe":1,"minecraft:potato":46,"minecraft:brown_bed":3,"minecraft:enchanted_book":7,"minecraft:acacia_boat":2,"minecraft:lapis_lazuli":17,"minecraft:dirt":7,"minecraft:raw_copper":42,"minecraft:bone":1,"minecraft:apple":4,"minecraft:beetroot":22,"minecraft:wheat_seeds":338,"arphex:burning_glands":1,"minecraft:azalea":8,"minecraft:poppy":3,"minecraft:melon_slice":223,"minecraft:stick":2,"minecraft:raw_iron":5,"minecraft:sandstone":1,"minecraft:torch":3,"minecraft:acacia_log":4,"minecraft:green_bed":6,"arphex:maggot_grub":2,"minecraft:gravel":2,"biomesoplenty:dead_planks":36,"minecraft:sand":34,"minecraft:carrot":61,"minecraft:cyan_bed":1,"minecraft:mossy_cobblestone":1,"minecraft:cactus":8,"minecraft:beetroot_seeds":177,"minecraft:light_blue_carpet":3,"minecraft:bone_meal":10,"minecraft:golden_apple":1,"minecraft:emerald":30,"minecraft:bread":1,"minecraft:terracotta":8,"minecraft:melon_seeds":40,"minecraft:coal":32,"minecraft:cobblestone":298},"minecraft:crafted":{"minecraft:crafting_table":3,"minecraft:stone_axe":1,"minecraft:acacia_boat":2,"minecraft:stick":8,"minecraft:stone_pickaxe":3,"minecraft:acacia_planks":16}},"DataVersion":3120}