{"stats":{"minecraft:custom":{"minecraft:interact_with_crafting_table":18,"minecraft:leave_game":18,"minecraft:time_since_death":758,"minecraft:damage_resisted":23,"minecraft:sprint_one_cm":2648318,"minecraft:damage_blocked_by_shield":453,"minecraft:drop":476,"minecraft:talked_to_villager":4,"minecraft:play_time":435896,"minecraft:deaths":98,"minecraft:jump":6385,"minecraft:walk_on_water_one_cm":68157,"minecraft:interact_with_furnace":78,"minecraft:interact_with_loom":1,"minecraft:sleep_in_bed":24,"minecraft:damage_dealt":39349,"minecraft:player_kills":15,"minecraft:crouch_one_cm":94106,"minecraft:horse_one_cm":1251433,"minecraft:mob_kills":172,"minecraft:damage_dealt_resisted":322,"minecraft:climb_one_cm":3010,"minecraft:walk_one_cm":2006341,"minecraft:damage_dealt_absorbed":2095,"minecraft:sneak_time":21039,"minecraft:walk_under_water_one_cm":47085,"minecraft:total_world_time":435896,"minecraft:time_since_rest":794,"minecraft:damage_taken":27802,"minecraft:swim_one_cm":30615,"minecraft:fly_one_cm":1838330,"minecraft:open_chest":48,"minecraft:fall_one_cm":155196},"minecraft:mined":{"minecraft:dark_oak_planks":8,"minecraft:spruce_planks":20,"biomesoplenty:cherry_log":3,"minecraft:white_bed":1,"minecraft:cave_vines_plant":1,"minecraft:grass_block":19,"the_one_who_watches:scratched_dark_oak_log":2,"minecraft:spawner":2,"minecraft:iron_ore":34,"immersive_weathering:mossy_stone":1,"minecraft:cobbled_deepslate":2,"minecraft:azure_bluet":3,"minecraft:pointed_dripstone":6,"minecraft:red_tulip":2,"biomesoplenty:webbing":3,"minecraft:pink_tulip":1,"minecraft:clay":3,"minecraft:torch":5,"minecraft:poppy":42,"minecraft:melon":22,"minecraft:cobblestone":28,"minecraft:oak_planks":4,"minecraft:wall_torch":5,"minecraft:birch_log":17,"minecraft:lilac":16,"minecraft:orange_tulip":13,"minecraft:grass":76,"biomesoplenty:clover":4,"minecraft:dirt":6,"minecraft:deepslate":32,"minecraft:tuff":8,"minecraft:deepslate_diamond_ore":11,"minecraft:dark_oak_log":4,"minecraft:glow_lichen":1,"immersive_weathering:birch_leaf_pile":4,"gravestone:gravestone":80,"minecraft:deepslate_iron_ore":28,"minecraft:vine":1,"immersive_weathering:ivy":2,"minecraft:white_tulip":5,"biomesoplenty:spider_egg":1,"minecraft:stone":114,"minecraft:lily_of_the_valley":5,"minecraft:dandelion":10,"biomesoplenty:mahogany_planks":14,"minecraft:rose_bush":18,"minecraft:tall_grass":3,"biomesoplenty:sprout":7,"minecraft:blue_bed":4,"minecraft:purple_bed":8,"minecraft:birch_planks":30,"biomesoplenty:mahogany_log":7,"minecraft:spruce_log":8,"minecraft:coal_ore":21,"minecraft:gravel":3,"minecraft:sunflower":3,"minecraft:dripstone_block":11,"biomesoplenty:stringy_cobweb":3,"minecraft:cobweb":22,"minecraft:stone_bricks":2,"minecraft:mossy_stone_bricks":1,"minecraft:fern":35},"minecraft:killed":{"minecraft:cave_spider":2,"iceandfire:hippogryph":2,"minecraft:witch":1,"iceandfire:gorgon":1,"minecraft:spider":4,"minecraft:skeleton":34,"minecraft:chicken":11,"minecraft:axolotl":2,"arphex:spider_larvae_tiny":9,"minecraft:pig":10,"minecraft:zombie_villager":1,"minecraft:creeper":4,"minecraft:sheep":14,"minecraft:trader_llama":2,"minecraft:pillager":2,"minecraft:zombie":34,"cave_dweller:cave_dweller":1,"endofherobrine:cow":4,"arphex:spider_larvae":6,"endofherobrine:pigman":1,"minecraft:cow":4,"sanitydim:rotting_stalker":1,"the_rake:the_rake":2,"arphex:hornet_harbinger":4,"arphex:blood_worm":3,"arphex:long_legs_fly":1,"minecraft:drowned":2,"iceandfire:amphithere":1,"minecraft:bat":1,"the_anomaly:anomaly_attack":1,"arphex:fly_festerer":1,"demonic_watcher:demonic_watcher":1},"minecraft:killed_by":{"the_silence:the_silence_principal":1,"endofherobrine:cow":3,"the_anomaly:anomaly_attack_crawl":3,"minecraft:creeper":5,"the_anomaly:anomaly_attack":1,"old_goatman:old_goatman":1,"the_rake:the_rake":3,"steve_dweller:steve_dweller":2,"arphex:centipede_evictor":5,"sanitydim:rotting_stalker":2,"arphex:spider_snatcher":25,"mimicer:mimicer":3,"arphex:tiny_centipede_breacher":1,"sanitydim:sneaking_terror":1,"minecraft:zombie":1,"demonic_watcher:demonic_watcher":1,"minecraft:player":19,"the_one_who_watches:toww_hunting":1,"arphex:hornet_harbinger":3,"the_mangle:the_mangle":5,"cartoon_dweller:cartoon_dweller":1,"endofherobrine:villager":2,"minecraft:skeleton":2,"arphex:centipede_evictor_larvae":1,"endofherobrine:pigman":1,"cave_dweller:cave_dweller":1,"arphex:centipede_stalker":1,"midnightlurker:midnight_lurker_unprovoked":1},"minecraft:crafted":{"biomesoplenty:cherry_planks":8,"epicfight:diamond_dagger":2,"minecraft:stone":3,"minecraft:cooked_mutton":2,"minecraft:dark_oak_door":3,"minecraft:iron_boots":2,"minecraft:cooked_porkchop":14,"minecraft:spruce_planks":40,"minecraft:baked_potato":8,"minecraft:iron_helmet":2,"minecraft:birch_planks":80,"minecraft:iron_chestplate":3,"minecraft:diamond_pickaxe":1,"minecraft:shield":1,"minecraft:stick":8,"minecraft:iron_ingot":63,"minecraft:iron_pickaxe":1,"epicfight:diamond_greatsword":1,"minecraft:iron_nugget":9,"biomesoplenty:mahogany_planks":28,"minecraft:furnace":2,"sanitydim:garland":10,"minecraft:iron_axe":2,"minecraft:dark_oak_planks":24,"minecraft:cooked_beef":9,"minecraft:bucket":2,"minecraft:air":0,"minecraft:iron_leggings":1,"minecraft:torch":20},"minecraft:broken":{"minecraft:iron_boots":2,"minecraft:iron_chestplate":1,"minecraft:iron_leggings":2,"sanitydim:garland":10,"minecraft:iron_sword":1,"minecraft:iron_axe":1,"minecraft:iron_pickaxe":1,"minecraft:iron_helmet":1},"minecraft:dropped":{"minecraft:birch_planks":4,"minecraft:glow_ink_sac":5,"minecraft:diamond":6,"minecraft:orange_tulip":4,"minecraft:glow_berries":1,"biomesoplenty:mahogany_planks":2,"minecraft:leather":5,"minecraft:item_frame":1,"minecraft:music_disc_13":1,"minecraft:flint":1,"minecraft:cyan_terracotta":1,"minecraft:dirt":4,"gravestone:obituary":215,"minecraft:sunflower":8,"minecraft:iron_pickaxe":1,"minecraft:gravel":5,"minecraft:white_tulip":5,"minecraft:iron_nugget":9,"minecraft:cobbled_deepslate":3,"minecraft:birch_sapling":15,"minecraft:pointed_dripstone":48,"minecraft:rotten_flesh":44,"minecraft:oak_planks":1,"minecraft:azure_bluet":6,"travelersbackpack:pumpkin":2,"minecraft:gunpowder":2,"minecraft:arrow":1,"minecraft:written_book":2,"minecraft:water_bucket":1,"minecraft:iron_ingot":1,"arphex:burning_glands":4,"minecraft:wheat_seeds":19,"minecraft:lilac":2,"minecraft:dripstone_block":3,"minecraft:feather":1,"minecraft:cobblestone":18,"minecraft:coal":38,"minecraft:torch":2,"minecraft:rose_bush":32,"minecraft:melon_slice":2,"minecraft:white_banner":4,"minecraft:red_dye":1,"minecraft:string":1,"minecraft:bucket":1,"minecraft:redstone":1,"minecraft:pink_tulip":2,"minecraft:moss_carpet":2,"minecraft:raw_copper":9,"minecraft:raw_iron":1,"minecraft:clay_ball":140,"minecraft:lily_of_the_valley":7,"minecraft:stone":6,"minecraft:iron_chestplate":1,"sanitydim:garland":1,"minecraft:oak_sapling":5,"minecraft:spider_eye":6,"minecraft:bow":1,"minecraft:raw_gold":1,"epicfight:skillbook":5,"arphex:fly_appendage":5},"minecraft:used":{"minecraft:shield":15,"minecraft:iron_sword":429,"minecraft:mutton":18,"sanitydim:garland":1,"minecraft:carrot":2,"minecraft:tuff":7,"biomesoplenty:cherry_planks":3,"epicfight:diamond_greatsword":73,"minecraft:bow":37,"minecraft:written_book":1,"minecraft:furnace":2,"epicfight:skillbook":9,"minecraft:oak_planks":7,"minecraft:blue_bed":4,"minecraft:dripstone_block":14,"minecraft:melon_slice":55,"minecraft:bread":5,"minecraft:gravel":3,"minecraft:lilac":1,"epicfight:diamond_dagger":201,"minecraft:birch_log":2,"biomesoplenty:mahogany_planks":39,"minecraft:spruce_planks":57,"minecraft:cooked_chicken":5,"minecraft:torch":39,"minecraft:dirt":25,"minecraft:dark_oak_planks":26,"minecraft:red_tulip":1,"minecraft:iron_axe":248,"epicfight:glove":29,"minecraft:light_gray_wool":1,"travelersbackpack:cake":15,"minecraft:cooked_beef":9,"minecraft:cobbled_deepslate":32,"minecraft:pointed_dripstone":1,"minecraft:cooked_mutton":2,"minecraft:water_bucket":7,"minecraft:birch_planks":92,"minecraft:baked_potato":8,"minecraft:white_bed":1,"minecraft:spruce_log":1,"minecraft:dark_oak_door":3,"minecraft:diamond_pickaxe":78,"minecraft:chicken":7,"minecraft:iron_pickaxe":248,"minecraft:cobblestone":113,"minecraft:purple_bed":7,"minecraft:cooked_porkchop":14,"minecraft:white_banner":1,"minecraft:porkchop":12,"minecraft:bucket":10,"minecraft:gray_wool":1},"minecraft:picked_up":{"minecraft:lead":1,"minecraft:string":38,"minecraft:raw_copper":12,"minecraft:cobbled_deepslate":40,"minecraft:spruce_planks":20,"minecraft:red_dye":1,"minecraft:white_tulip":5,"minecraft:rose_bush":32,"minecraft:written_book":1,"minecraft:iron_pickaxe":1,"minecraft:melon_slice":110,"minecraft:stick":10,"minecraft:torch":26,"arphex:maggot_grub":2,"epicfight:skillbook":7,"minecraft:porkchop":26,"minecraft:pointed_dripstone":49,"minecraft:rotten_flesh":45,"epicfight:glove":2,"minecraft:red_tulip":1,"minecraft:cyan_terracotta":1,"minecraft:cobblestone":143,"minecraft:birch_log":22,"minecraft:feather":23,"minecraft:lilac":14,"minecraft:water_bucket":1,"minecraft:flint":1,"minecraft:tuff":7,"minecraft:dirt":29,"minecraft:bone":41,"minecraft:bow":4,"minecraft:wheat_seeds":20,"minecraft:orange_tulip":18,"minecraft:raw_gold":1,"minecraft:oak_planks":5,"biomesoplenty:cherry_log":2,"biomesoplenty:mahogany_planks":13,"iceandfire:amphithere_feather":3,"minecraft:music_disc_13":2,"minecraft:lily_of_the_valley":7,"minecraft:dark_oak_log":6,"minecraft:diamond":11,"iceandfire:gorgon_head":1,"minecraft:oak_sapling":5,"minecraft:azure_bluet":6,"minecraft:chicken":11,"minecraft:clay_ball":140,"gravestone:obituary":131,"minecraft:moss_carpet":2,"minecraft:item_frame":1,"minecraft:beef":9,"minecraft:poppy":43,"minecraft:light_gray_wool":1,"minecraft:birch_sapling":15,"minecraft:raw_iron":70,"minecraft:stone":3,"minecraft:carrot":1,"minecraft:redstone":1,"minecraft:dark_oak_planks":8,"minecraft:arrow":37,"minecraft:pink_tulip":3,"minecraft:saddle":3,"minecraft:glow_berries":1,"minecraft:mutton":21,"minecraft:white_wool":12,"minecraft:glow_ink_sac":5,"minecraft:leather":15,"minecraft:birch_planks":34,"minecraft:cobblestone_wall":1,"minecraft:gunpowder":3,"sanitydim:garland":1,"minecraft:blue_bed":4,"minecraft:white_banner":5,"travelersbackpack:cake":4,"arphex:burning_glands":4,"minecraft:cooked_chicken":5,"minecraft:gravel":8,"minecraft:dandelion":10,"minecraft:dripstone_block":17,"minecraft:white_bed":1,"minecraft:spruce_log":7,"minecraft:spider_eye":6,"biomesoplenty:mahogany_log":7,"arphex:fly_appendage":5,"minecraft:purple_bed":7,"travelersbackpack:pumpkin":1,"minecraft:gray_wool":1,"minecraft:baked_potato":6,"minecraft:coal":97,"minecraft:sunflower":8}},"DataVersion":3120}