{"stats":{"minecraft:mined":{"minecraft:attached_melon_stem":9,"minecraft:carrots":18,"minecraft:melon_stem":1,"minecraft:wheat":26,"minecraft:light_blue_carpet":3,"minecraft:crafting_table":1,"minecraft:brown_bed":2,"minecraft:grass":11,"minecraft:potatoes":10,"minecraft:poppy":1,"minecraft:melon":12,"minecraft:beetroots":21,"minecraft:dead_bush":1,"minecraft:cyan_carpet":1,"minecraft:sand":27,"minecraft:tall_grass":4,"minecraft:azalea":5,"minecraft:green_bed":5,"minecraft:fern":7},"minecraft:killed":{"arphex:spider_larvae_tiny":1},"minecraft:used":{"minecraft:apple":8,"minecraft:bread":1,"minecraft:melon_slice":5,"minecraft:sandstone":1,"minecraft:green_bed":2,"minecraft:golden_apple":1,"minecraft:sand":21,"minecraft:terracotta":8,"minecraft:potato":9,"minecraft:brown_bed":2},"minecraft:killed_by":{"arphex:hornet_harbinger":2,"the_rake:the_rake":1,"minecraft:creeper":1,"arphex:spider_larvae":1},"minecraft:dropped":{"arphex:burning_glands":1,"minecraft:melon_seeds":20,"minecraft:light_blue_carpet":3,"minecraft:azalea":4},"minecraft:custom":{"minecraft:time_since_rest":1204,"minecraft:sprint_one_cm":220919,"minecraft:damage_taken":2241,"minecraft:walk_one_cm":191877,"minecraft:mob_kills":1,"minecraft:drop":28,"minecraft:damage_dealt":172,"minecraft:talked_to_villager":6,"minecraft:fly_one_cm":181193,"minecraft:open_barrel":7,"minecraft:open_chest":10,"minecraft:crouch_one_cm":18277,"minecraft:play_time":45079,"minecraft:bell_ring":1,"minecraft:deaths":7,"minecraft:sneak_time":6514,"minecraft:jump":752,"minecraft:time_since_death":1158,"minecraft:interact_with_smoker":2,"minecraft:sleep_in_bed":4,"minecraft:climb_one_cm":1479,"minecraft:total_world_time":45079,"minecraft:fall_one_cm":26644},"minecraft:picked_up":{"minecraft:stick":2,"minecraft:crafting_table":1,"minecraft:sandstone":1,"minecraft:wheat":26,"minecraft:leather":1,"minecraft:green_bed":6,"arphex:maggot_grub":2,"minecraft:potato":46,"minecraft:brown_bed":3,"minecraft:enchanted_book":7,"minecraft:sand":34,"minecraft:carrot":61,"minecraft:cactus":8,"minecraft:beetroot":22,"minecraft:apple":4,"minecraft:beetroot_seeds":177,"minecraft:wheat_seeds":338,"minecraft:light_blue_carpet":3,"arphex:burning_glands":1,"minecraft:bread":1,"minecraft:bone_meal":10,"minecraft:azalea":8,"minecraft:golden_apple":1,"minecraft:poppy":3,"minecraft:emerald":30,"minecraft:terracotta":8,"minecraft:melon_slice":223,"minecraft:melon_seeds":40}},"DataVersion":3120}