{"stats":{"minecraft:custom":{"minecraft:mob_kills":15,"minecraft:interact_with_crafting_table":26,"minecraft:open_barrel":17,"minecraft:bell_ring":1,"minecraft:leave_game":3,"minecraft:time_since_death":39718,"minecraft:climb_one_cm":1988,"minecraft:sprint_one_cm":375769,"minecraft:walk_one_cm":585734,"minecraft:damage_blocked_by_shield":160,"minecraft:drop":59,"minecraft:talked_to_villager":6,"minecraft:play_time":186345,"minecraft:deaths":15,"minecraft:sneak_time":25692,"minecraft:walk_under_water_one_cm":23707,"minecraft:boat_one_cm":78265,"minecraft:jump":2686,"minecraft:walk_on_water_one_cm":41081,"minecraft:total_world_time":186345,"minecraft:interact_with_furnace":40,"minecraft:sleep_in_bed":6,"minecraft:time_since_rest":39769,"minecraft:damage_taken":5297,"minecraft:damage_dealt":3168,"minecraft:fly_one_cm":321541,"minecraft:swim_one_cm":14025,"minecraft:open_chest":10,"minecraft:crouch_one_cm":82858,"minecraft:interact_with_smoker":2,"minecraft:fall_one_cm":91365},"minecraft:used":{"minecraft:iron_bars":16,"minecraft:shield":4,"minecraft:cooked_chicken":5,"minecraft:torch":23,"minecraft:lava_bucket":1,"minecraft:iron_axe":2,"minecraft:furnace":4,"minecraft:cooked_beef":6,"minecraft:potato":9,"minecraft:cobbled_deepslate":22,"minecraft:brown_bed":2,"minecraft:acacia_boat":2,"minecraft:stone_pickaxe":395,"minecraft:wooden_pickaxe":14,"minecraft:sandstone":1,"minecraft:green_bed":2,"minecraft:golden_apple":1,"minecraft:sand":21,"minecraft:terracotta":8,"minecraft:crafting_table":7,"biomesoplenty:dead_planks":20,"minecraft:apple":8,"minecraft:bread":3,"minecraft:cyan_bed":1,"minecraft:melon_slice":5,"minecraft:iron_pickaxe":538,"minecraft:gravel":10,"minecraft:stone_axe":23,"minecraft:diamond_sword":31,"minecraft:cobblestone":353,"minecraft:cooked_porkchop":1,"minecraft:bucket":1},"minecraft:mined":{"minecraft:diamond_ore":2,"minecraft:attached_melon_stem":9,"minecraft:deepslate_diamond_ore":9,"minecraft:jungle_leaves":1,"minecraft:light_blue_carpet":3,"minecraft:glow_lichen":1,"minecraft:acacia_log":4,"minecraft:grass_block":1,"minecraft:jungle_log":2,"biomesoplenty:dead_grass":2,"biomesoplenty:dune_grass":1,"minecraft:furnace":2,"minecraft:carrots":18,"immersive_weathering:mossy_stone":1,"minecraft:iron_ore":22,"minecraft:cobbled_deepslate":1,"minecraft:deepslate_lapis_ore":1,"minecraft:brown_bed":2,"minecraft:potatoes":10,"minecraft:deepslate_iron_ore":22,"minecraft:azalea":5,"minecraft:stone":694,"minecraft:green_bed":5,"biomesoplenty:glowing_moss_carpet":1,"minecraft:melon_stem":1,"minecraft:crafting_table":7,"minecraft:torch":3,"minecraft:emerald_ore":1,"minecraft:calcite":1,"minecraft:poppy":1,"minecraft:melon":12,"minecraft:dead_bush":1,"minecraft:cobblestone":59,"minecraft:copper_ore":14,"minecraft:tall_grass":4,"minecraft:deepslate_gold_ore":1,"biomesoplenty:sprout":1,"minecraft:lapis_ore":3,"minecraft:wall_torch":5,"minecraft:wheat":26,"minecraft:grass":14,"minecraft:coal_ore":32,"minecraft:beetroots":21,"minecraft:cyan_carpet":1,"minecraft:gravel":15,"minecraft:sand":30,"minecraft:dirt":11,"minecraft:smooth_basalt":1,"minecraft:oak_leaves":8,"minecraft:deepslate":58,"minecraft:fern":8},"minecraft:picked_up":{"minecraft:cocoa_beans":4,"minecraft:crafting_table":10,"minecraft:iron_chestplate":6,"minecraft:wheat":26,"minecraft:diamond_sword":1,"minecraft:wooden_pickaxe":4,"minecraft:brown_bed":3,"minecraft:enchanted_book":7,"minecraft:shield":4,"minecraft:raw_copper":188,"minecraft:wooden_sword":1,"minecraft:beetroot":22,"minecraft:diamond_leggings":2,"minecraft:cobbled_deepslate":68,"minecraft:bucket":6,"minecraft:calcite":1,"minecraft:azalea":8,"minecraft:poppy":3,"minecraft:iron_pickaxe":5,"minecraft:melon_slice":223,"minecraft:iron_boots":3,"minecraft:furnace":6,"minecraft:stick":4,"minecraft:raw_iron":77,"minecraft:sandstone":1,"minecraft:torch":180,"minecraft:acacia_log":4,"minecraft:green_bed":6,"arphex:maggot_grub":2,"minecraft:carrot":61,"minecraft:cactus":8,"minecraft:arrow":6,"minecraft:rotten_flesh":20,"minecraft:beetroot_seeds":177,"minecraft:iron_bars":16,"minecraft:cobblestone":1013,"minecraft:cooked_beef":11,"minecraft:jungle_log":2,"minecraft:leather":1,"minecraft:potato":46,"minecraft:flint":1,"minecraft:acacia_boat":5,"minecraft:lapis_lazuli":134,"minecraft:dirt":39,"biomesoplenty:glowing_moss_carpet":4,"minecraft:bone":12,"minecraft:apple":4,"minecraft:bow":1,"minecraft:wheat_seeds":338,"minecraft:raw_gold":1,"minecraft:iron_ingot":10,"arphex:burning_glands":1,"minecraft:cooked_chicken":10,"minecraft:smooth_basalt":1,"minecraft:cooked_porkchop":3,"minecraft:gravel":20,"biomesoplenty:dead_planks":84,"minecraft:sand":34,"minecraft:cyan_bed":1,"minecraft:spider_eye":1,"minecraft:mossy_cobblestone":4,"minecraft:diamond":25,"minecraft:stone_axe":5,"minecraft:light_blue_carpet":3,"minecraft:iron_helmet":5,"minecraft:bone_meal":10,"minecraft:golden_apple":1,"minecraft:emerald":34,"minecraft:bread":3,"minecraft:terracotta":8,"minecraft:melon_seeds":40,"minecraft:coal":134},"minecraft:crafted":{"minecraft:cooked_chicken":5,"minecraft:furnace":2,"minecraft:diamond_leggings":1,"minecraft:iron_boots":1,"minecraft:iron_axe":1,"minecraft:stone_pickaxe":3,"minecraft:diamond_sword":1,"minecraft:cooked_porkchop":3,"minecraft:crafting_table":3,"minecraft:iron_helmet":1,"minecraft:stone_axe":1,"minecraft:acacia_boat":2,"minecraft:air":0,"minecraft:iron_chestplate":1,"minecraft:shield":2,"minecraft:stick":32,"minecraft:iron_ingot":28,"minecraft:iron_pickaxe":4,"minecraft:acacia_planks":16,"minecraft:torch":36},"minecraft:broken":{"minecraft:stone_pickaxe":3,"minecraft:iron_pickaxe":1},"minecraft:dropped":{"minecraft:iron_ingot":7,"arphex:burning_glands":1,"minecraft:acacia_boat":1,"minecraft:lapis_lazuli":44,"minecraft:cooked_beef":1,"minecraft:iron_helmet":2,"minecraft:cobblestone":1,"minecraft:emerald":1,"minecraft:dirt":2,"minecraft:torch":29,"minecraft:wooden_sword":1,"minecraft:iron_pickaxe":2,"minecraft:bucket":2,"minecraft:gravel":2,"minecraft:stone_axe":1,"minecraft:cocoa_beans":3,"minecraft:raw_copper":47,"minecraft:rotten_flesh":6,"minecraft:iron_boots":1,"minecraft:iron_chestplate":1,"minecraft:melon_seeds":20,"minecraft:light_blue_carpet":3,"minecraft:azalea":4},"minecraft:killed":{"minecraft:spider":1,"minecraft:skeleton":5,"arphex:spider_larvae_tiny":1,"minecraft:zombie":5},"minecraft:killed_by":{"minecraft:creeper":1,"arphex:hornet_harbinger":2,"the_rake:the_rake":1,"steve_dweller:steve_dweller":1,"arphex:spider_larvae":1,"minecraft:skeleton":2,"demonic_watcher:demonic_watcher":1}},"DataVersion":3120}