{"stats":{"minecraft:custom":{"minecraft:mob_kills":37,"minecraft:interact_with_crafting_table":15,"minecraft:damage_dealt_resisted":40,"minecraft:leave_game":8,"minecraft:time_since_death":6876,"minecraft:climb_one_cm":838,"minecraft:damage_resisted":23,"minecraft:sprint_one_cm":667475,"minecraft:walk_one_cm":908759,"minecraft:drop":89,"minecraft:damage_dealt_absorbed":24,"minecraft:talked_to_villager":2,"minecraft:play_time":126285,"minecraft:deaths":23,"minecraft:sneak_time":3676,"minecraft:walk_under_water_one_cm":1353,"minecraft:jump":1873,"minecraft:walk_on_water_one_cm":4175,"minecraft:total_world_time":126285,"minecraft:interact_with_furnace":7,"minecraft:interact_with_loom":1,"minecraft:sleep_in_bed":15,"minecraft:time_since_rest":6276,"minecraft:damage_taken":6133,"minecraft:damage_dealt":7687,"minecraft:swim_one_cm":836,"minecraft:fly_one_cm":527431,"minecraft:player_kills":4,"minecraft:open_chest":24,"minecraft:crouch_one_cm":22776,"minecraft:fall_one_cm":42127,"minecraft:horse_one_cm":576},"minecraft:crafted":{"biomesoplenty:mahogany_planks":28,"sanitydim:garland":2,"minecraft:dark_oak_door":3,"minecraft:iron_axe":1,"minecraft:dark_oak_planks":24,"minecraft:spruce_planks":40,"minecraft:birch_planks":56,"minecraft:air":0,"minecraft:iron_chestplate":1,"minecraft:shield":1,"minecraft:stick":8,"minecraft:iron_pickaxe":1,"minecraft:iron_ingot":10},"minecraft:used":{"biomesoplenty:mahogany_planks":27,"minecraft:spruce_planks":41,"minecraft:iron_sword":183,"minecraft:torch":6,"minecraft:dirt":5,"minecraft:mutton":4,"sanitydim:garland":1,"minecraft:dark_oak_planks":8,"minecraft:red_tulip":1,"minecraft:iron_axe":76,"travelersbackpack:cake":2,"epicfight:skillbook":2,"minecraft:birch_planks":67,"minecraft:blue_bed":4,"minecraft:dripstone_block":13,"minecraft:dark_oak_door":3,"minecraft:spruce_log":1,"minecraft:chicken":7,"minecraft:bread":5,"minecraft:iron_pickaxe":72,"minecraft:lilac":1,"minecraft:cobblestone":20,"minecraft:purple_bed":3,"minecraft:white_banner":1,"minecraft:porkchop":12,"minecraft:gray_wool":1},"minecraft:broken":{"sanitydim:garland":2},"minecraft:killed":{"minecraft:cave_spider":1,"minecraft:witch":1,"minecraft:spider":3,"the_rake:the_rake":1,"minecraft:skeleton":10,"arphex:long_legs_fly":1,"minecraft:chicken":4,"minecraft:pig":5,"minecraft:zombie_villager":1,"iceandfire:amphithere":1,"minecraft:creeper":1,"minecraft:sheep":3,"minecraft:zombie":4},"minecraft:mined":{"minecraft:dark_oak_planks":8,"minecraft:spruce_planks":18,"minecraft:dark_oak_log":4,"gravestone:gravestone":18,"minecraft:grass_block":7,"the_one_who_watches:scratched_dark_oak_log":2,"minecraft:iron_ore":14,"minecraft:azure_bluet":3,"minecraft:red_tulip":1,"biomesoplenty:webbing":1,"minecraft:pink_tulip":1,"immersive_weathering:ivy":2,"minecraft:stone":25,"minecraft:white_tulip":5,"biomesoplenty:spider_egg":1,"minecraft:lily_of_the_valley":5,"minecraft:dandelion":8,"minecraft:torch":5,"minecraft:poppy":14,"biomesoplenty:mahogany_planks":10,"minecraft:rose_bush":18,"minecraft:tall_grass":1,"biomesoplenty:sprout":6,"minecraft:blue_bed":4,"minecraft:wall_torch":1,"minecraft:purple_bed":3,"minecraft:birch_planks":20,"biomesoplenty:mahogany_log":7,"minecraft:birch_log":8,"minecraft:lilac":3,"minecraft:spruce_log":8,"minecraft:orange_tulip":3,"minecraft:grass":29,"minecraft:coal_ore":20,"minecraft:sunflower":2,"minecraft:dripstone_block":9,"minecraft:dirt":4,"biomesoplenty:stringy_cobweb":1,"minecraft:fern":20},"minecraft:dropped":{"minecraft:wheat_seeds":5,"minecraft:lilac":2,"minecraft:rose_bush":32,"gravestone:obituary":34,"minecraft:iron_pickaxe":1,"minecraft:pink_tulip":1,"minecraft:white_tulip":5,"minecraft:moss_carpet":2,"minecraft:birch_sapling":6,"minecraft:azure_bluet":6,"minecraft:lily_of_the_valley":5,"sanitydim:garland":1,"minecraft:spider_eye":1,"arphex:fly_appendage":1},"minecraft:killed_by":{"the_silence:the_silence_principal":1,"minecraft:player":5,"the_anomaly:anomaly_attack_crawl":3,"the_one_who_watches:toww_hunting":1,"minecraft:creeper":2,"the_anomaly:anomaly_attack":1,"the_rake:the_rake":3,"sanitydim:rotting_stalker":1,"the_mangle:the_mangle":1,"mimicer:mimicer":1,"minecraft:skeleton":2,"endofherobrine:pigman":1},"minecraft:picked_up":{"minecraft:azure_bluet":6,"minecraft:chicken":4,"minecraft:clay_ball":76,"gravestone:obituary":15,"minecraft:string":4,"minecraft:moss_carpet":2,"minecraft:spruce_planks":18,"minecraft:white_tulip":5,"minecraft:rose_bush":32,"minecraft:poppy":13,"minecraft:iron_pickaxe":1,"minecraft:birch_sapling":9,"minecraft:raw_iron":14,"minecraft:stick":8,"minecraft:torch":6,"epicfight:skillbook":2,"minecraft:porkchop":12,"minecraft:dark_oak_planks":8,"minecraft:arrow":10,"minecraft:rotten_flesh":3,"minecraft:red_tulip":1,"minecraft:cyan_terracotta":1,"minecraft:pink_tulip":2,"minecraft:mutton":4,"minecraft:cobblestone":26,"minecraft:white_wool":2,"minecraft:birch_log":14,"minecraft:feather":10,"minecraft:lilac":3,"minecraft:birch_planks":20,"sanitydim:garland":1,"minecraft:blue_bed":4,"minecraft:dirt":10,"minecraft:white_banner":2,"minecraft:bone":9,"travelersbackpack:cake":1,"minecraft:wheat_seeds":5,"minecraft:orange_tulip":3,"biomesoplenty:mahogany_planks":9,"iceandfire:amphithere_feather":3,"minecraft:dandelion":8,"minecraft:dripstone_block":13,"minecraft:spruce_log":7,"minecraft:lily_of_the_valley":6,"minecraft:dark_oak_log":6,"minecraft:spider_eye":2,"biomesoplenty:mahogany_log":7,"arphex:fly_appendage":2,"minecraft:purple_bed":3,"minecraft:gray_wool":1,"minecraft:coal":20,"minecraft:sunflower":2}},"DataVersion":3120}