{"stats":{"minecraft:used":{"minecraft:iron_bars":16,"minecraft:acacia_log":8,"minecraft:shield":4,"minecraft:cooked_chicken":5,"minecraft:torch":30,"minecraft:dirt":13,"minecraft:lava_bucket":1,"minecraft:iron_axe":122,"minecraft:furnace":4,"minecraft:cooked_beef":6,"minecraft:potato":9,"minecraft:acacia_planks":32,"minecraft:cobbled_deepslate":22,"minecraft:brown_bed":2,"minecraft:acacia_boat":2,"minecraft:stone_pickaxe":407,"minecraft:wooden_pickaxe":14,"minecraft:sandstone":24,"minecraft:green_bed":6,"minecraft:golden_apple":1,"minecraft:sand":50,"minecraft:terracotta":8,"minecraft:crafting_table":11,"minecraft:lime_bed":3,"biomesoplenty:dead_planks":20,"minecraft:apple":8,"minecraft:bread":16,"minecraft:cyan_bed":1,"minecraft:melon_slice":5,"minecraft:iron_pickaxe":641,"minecraft:gravel":10,"minecraft:stone_axe":23,"minecraft:diamond_sword":31,"minecraft:cobblestone":416,"minecraft:cooked_porkchop":1,"minecraft:bucket":1,"minecraft:yellow_bed":3},"minecraft:custom":{"minecraft:interact_with_smithing_table":1,"minecraft:mob_kills":53,"minecraft:interact_with_crafting_table":37,"minecraft:open_barrel":18,"minecraft:bell_ring":19,"minecraft:leave_game":7,"minecraft:time_since_death":2081,"minecraft:climb_one_cm":3288,"minecraft:sprint_one_cm":562791,"minecraft:walk_one_cm":855358,"minecraft:damage_blocked_by_shield":160,"minecraft:drop":161,"minecraft:talked_to_villager":10,"minecraft:play_time":275643,"minecraft:deaths":24,"minecraft:sneak_time":33224,"minecraft:walk_under_water_one_cm":44703,"minecraft:boat_one_cm":169175,"minecraft:jump":4354,"minecraft:walk_on_water_one_cm":63602,"minecraft:total_world_time":275643,"minecraft:interact_with_furnace":47,"minecraft:sleep_in_bed":11,"minecraft:time_since_rest":2147,"minecraft:damage_taken":8109,"minecraft:damage_dealt":7805,"minecraft:player_kills":2,"minecraft:swim_one_cm":54671,"minecraft:fly_one_cm":566589,"minecraft:open_chest":27,"minecraft:crouch_one_cm":104449,"minecraft:interact_with_smoker":2,"minecraft:fall_one_cm":126283,"minecraft:horse_one_cm":1756},"minecraft:picked_up":{"minecraft:coarse_dirt":1,"minecraft:cocoa_beans":4,"minecraft:iron_chestplate":6,"minecraft:crafting_table":17,"minecraft:wheat":26,"minecraft:chicken":3,"minecraft:flower_pot":3,"minecraft:smithing_table":1,"minecraft:diamond_sword":1,"minecraft:wooden_pickaxe":4,"minecraft:brown_bed":3,"minecraft:enchanted_book":10,"gravestone:obituary":4,"minecraft:shield":4,"minecraft:string":4,"minecraft:raw_copper":192,"minecraft:iron_axe":2,"minecraft:wooden_sword":1,"minecraft:iron_leggings":1,"minecraft:white_carpet":4,"minecraft:beetroot":22,"minecraft:diamond_leggings":2,"minecraft:cobbled_deepslate":68,"minecraft:bucket":6,"minecraft:beef":8,"minecraft:white_tulip":1,"minecraft:calcite":1,"minecraft:azalea":8,"minecraft:poppy":3,"minecraft:iron_pickaxe":7,"minecraft:lectern":1,"minecraft:melon_slice":223,"minecraft:chest":3,"minecraft:iron_boots":3,"minecraft:furnace":6,"minecraft:stick":9,"minecraft:raw_iron":82,"minecraft:sandstone":24,"minecraft:green_bed":12,"minecraft:torch":189,"minecraft:acacia_log":20,"arphex:maggot_grub":8,"minecraft:sandstone_wall":2,"minecraft:porkchop":27,"minecraft:carrot":61,"minecraft:dark_oak_planks":1,"minecraft:stone_sword":1,"minecraft:cactus":17,"minecraft:arrow":18,"minecraft:rotten_flesh":25,"minecraft:beetroot_seeds":177,"biomesoplenty:mahogany_sapling":27,"minecraft:hay_block":4,"minecraft:mutton":13,"minecraft:obsidian":4,"minecraft:iron_bars":16,"minecraft:white_wool":9,"minecraft:cobblestone":1125,"minecraft:lime_bed":4,"minecraft:feather":2,"minecraft:cooked_beef":11,"minecraft:andesite":3,"minecraft:jungle_log":2,"minecraft:cut_sandstone":3,"minecraft:orange_carpet":2,"minecraft:leather":1,"minecraft:potato":46,"minecraft:flint":1,"minecraft:yellow_bed":4,"minecraft:acacia_boat":7,"minecraft:lapis_lazuli":134,"minecraft:dirt":93,"biomesoplenty:glowing_moss_carpet":4,"minecraft:bone":18,"minecraft:acacia_planks":11,"minecraft:apple":8,"minecraft:bow":2,"minecraft:wheat_seeds":370,"minecraft:raw_gold":33,"minecraft:iron_ingot":10,"arphex:burning_glands":7,"minecraft:cooked_chicken":10,"minecraft:acacia_sapling":7,"minecraft:smooth_basalt":1,"minecraft:cooked_porkchop":3,"minecraft:dandelion":1,"minecraft:gravel":20,"biomesoplenty:dead_planks":84,"minecraft:sand":92,"minecraft:acacia_stairs":1,"minecraft:cyan_bed":1,"minecraft:spider_eye":1,"minecraft:mossy_cobblestone":7,"minecraft:diamond":25,"minecraft:stone_axe":5,"minecraft:light_blue_carpet":3,"minecraft:iron_helmet":6,"minecraft:bone_meal":10,"minecraft:golden_apple":1,"minecraft:emerald":34,"minecraft:bread":29,"minecraft:terracotta":24,"minecraft:oak_sapling":1,"minecraft:melon_seeds":40,"minecraft:coal":152},"minecraft:killed_by":{"minecraft:creeper":3,"arphex:hornet_harbinger":3,"the_rake:the_rake":2,"steve_dweller:steve_dweller":1,"the_mangle:the_mangle":2,"arphex:spider_larvae":1,"arphex:spider_flat":1,"minecraft:skeleton":4,"demonic_watcher:demonic_watcher":1},"minecraft:broken":{"minecraft:stone_pickaxe":3,"minecraft:iron_pickaxe":2},"minecraft:killed":{"minecraft:spider":1,"minecraft:skeleton":11,"arphex:blood_worm":1,"minecraft:chicken":1,"arphex:spider_larvae_tiny":1,"minecraft:pig":11,"minecraft:sheep":10,"minecraft:zombie":8,"minecraft:cow":2},"minecraft:mined":{"minecraft:dark_oak_planks":1,"minecraft:diamond_ore":2,"minecraft:attached_melon_stem":9,"minecraft:deepslate_diamond_ore":9,"minecraft:jungle_leaves":1,"minecraft:light_blue_carpet":3,"minecraft:glow_lichen":1,"gravestone:gravestone":6,"minecraft:acacia_log":7,"minecraft:grass_block":7,"minecraft:jungle_log":2,"biomesoplenty:dead_grass":2,"minecraft:sandstone":36,"biomesoplenty:dune_grass":1,"minecraft:hay_block":6,"minecraft:furnace":2,"minecraft:carrots":18,"immersive_weathering:mossy_stone":1,"minecraft:iron_ore":27,"minecraft:cobbled_deepslate":1,"minecraft:andesite":4,"minecraft:deepslate_lapis_ore":1,"minecraft:brown_bed":2,"minecraft:potted_dandelion":1,"minecraft:potatoes":10,"minecraft:deepslate_iron_ore":22,"minecraft:azalea":5,"minecraft:stone":718,"minecraft:green_bed":10,"minecraft:smithing_table":1,"minecraft:cut_sandstone":2,"minecraft:glass_pane":1,"biomesoplenty:glowing_moss_carpet":1,"minecraft:melon_stem":1,"minecraft:crafting_table":10,"minecraft:torch":3,"minecraft:emerald_ore":1,"minecraft:calcite":1,"minecraft:poppy":1,"minecraft:melon":12,"minecraft:chest":2,"minecraft:dead_bush":1,"minecraft:cobblestone":78,"minecraft:tall_grass":9,"minecraft:copper_ore":14,"minecraft:deepslate_gold_ore":1,"biomesoplenty:sprout":1,"minecraft:lapis_ore":3,"minecraft:cyan_bed":2,"minecraft:wall_torch":8,"minecraft:lime_bed":2,"minecraft:coarse_dirt":1,"minecraft:wheat":26,"minecraft:yellow_bed":4,"minecraft:grass":27,"minecraft:coal_ore":44,"minecraft:beetroots":21,"minecraft:cyan_carpet":1,"minecraft:gravel":15,"minecraft:sand":66,"minecraft:dirt":31,"minecraft:sandstone_wall":1,"minecraft:smooth_basalt":1,"minecraft:acacia_planks":10,"minecraft:oak_leaves":12,"minecraft:deepslate":58,"minecraft:fern":11},"minecraft:dropped":{"minecraft:iron_ingot":7,"arphex:burning_glands":4,"minecraft:acacia_boat":1,"minecraft:wheat_seeds":22,"minecraft:lapis_lazuli":44,"arphex:maggot_grub":2,"minecraft:cooked_beef":1,"minecraft:mossy_cobblestone":1,"minecraft:iron_helmet":2,"minecraft:cobblestone":3,"minecraft:emerald":1,"minecraft:dirt":23,"minecraft:orange_carpet":2,"minecraft:torch":29,"minecraft:cut_sandstone":2,"minecraft:wooden_sword":1,"gravestone:obituary":9,"minecraft:sand":19,"minecraft:iron_pickaxe":2,"minecraft:cactus":4,"minecraft:bucket":2,"minecraft:dandelion":1,"minecraft:gravel":2,"minecraft:white_tulip":1,"minecraft:stone_axe":1,"minecraft:coarse_dirt":1,"minecraft:raw_copper":49,"minecraft:cocoa_beans":3,"minecraft:green_bed":1,"minecraft:white_carpet":3,"minecraft:rotten_flesh":11,"minecraft:iron_boots":1,"minecraft:acacia_stairs":1,"minecraft:sandstone_wall":1,"minecraft:iron_chestplate":1,"minecraft:azalea":4,"minecraft:melon_seeds":20,"minecraft:acacia_sapling":6,"minecraft:light_blue_carpet":3,"minecraft:oak_sapling":1,"biomesoplenty:mahogany_sapling":9,"minecraft:lectern":1},"minecraft:crafted":{"minecraft:cooked_chicken":5,"minecraft:furnace":2,"minecraft:diamond_leggings":1,"minecraft:iron_boots":1,"minecraft:iron_axe":1,"minecraft:stone_pickaxe":4,"minecraft:wheat":36,"minecraft:diamond_sword":1,"minecraft:cooked_porkchop":3,"minecraft:crafting_table":3,"minecraft:iron_helmet":1,"minecraft:stone_axe":1,"minecraft:acacia_boat":2,"minecraft:bread":17,"minecraft:air":0,"minecraft:iron_chestplate":1,"minecraft:shield":2,"minecraft:stick":40,"minecraft:iron_ingot":28,"minecraft:iron_pickaxe":4,"minecraft:acacia_planks":48,"minecraft:torch":44}},"DataVersion":3120}