{"stats":{"minecraft:killed":{"minecraft:spider":3,"minecraft:skeleton":3,"minecraft:chicken":1,"minecraft:rabbit":3,"minecraft:creeper":3,"minecraft:goat":3,"minecraft:zombie":3},"minecraft:picked_up":{"minecraft:wooden_axe":1,"minecraft:birch_door":4,"minecraft:iron_chestplate":5,"minecraft:chicken":2,"minecraft:clay_ball":60,"minecraft:diamond_sword":1,"minecraft:diorite_slab":4,"minecraft:shield":3,"minecraft:amethyst_block":60,"minecraft:string":14,"minecraft:iron_axe":6,"minecraft:raw_copper":388,"minecraft:flint_and_steel":2,"minecraft:iron_leggings":3,"minecraft:iron_shovel":3,"minecraft:deepslate_tiles":2,"minecraft:candle":10,"minecraft:cobbled_deepslate":39,"minecraft:bucket":1,"minecraft:spruce_planks":3,"minecraft:cobblestone_slab":2,"minecraft:calcite":13,"minecraft:azalea":3,"minecraft:wooden_shovel":13,"minecraft:iron_pickaxe":1,"minecraft:melon_slice":18,"minecraft:chest":16,"minecraft:birch_sapling":16,"minecraft:iron_boots":4,"minecraft:orange_dye":3,"minecraft:golden_helmet":1,"minecraft:dark_oak_sapling":1,"minecraft:stick":25,"minecraft:raw_iron":53,"minecraft:raw_gold_block":1,"minecraft:big_dripleaf":2,"minecraft:acacia_log":5,"minecraft:torch":5,"minecraft:music_disc_pigstep":1,"minecraft:pointed_dripstone":5,"minecraft:diorite":22,"minecraft:green_terracotta":13,"minecraft:rotten_flesh":16,"minecraft:arrow":73,"minecraft:stone_shovel":1,"minecraft:deepslate_bricks":31,"minecraft:glow_berries":4,"minecraft:mutton":1,"minecraft:snowball":137,"minecraft:rail":2,"minecraft:cobblestone":76,"minecraft:birch_log":89,"minecraft:feather":10,"minecraft:dark_oak_button":104,"minecraft:andesite":33,"minecraft:red_mushroom":1,"minecraft:birch_planks":97,"minecraft:flint":22,"minecraft:tuff":9,"minecraft:oak_log":72,"minecraft:lapis_lazuli":167,"minecraft:dirt":141,"minecraft:leather_boots":1,"minecraft:bone":37,"minecraft:apple":5,"minecraft:bow":5,"minecraft:gray_terracotta":2,"minecraft:wheat_seeds":3,"minecraft:raw_gold":19,"minecraft:rabbit_hide":6,"minecraft:rabbit":1,"minecraft:moss_block":70,"minecraft:iron_sword":2,"minecraft:oak_planks":66,"minecraft:book":3,"minecraft:glow_lichen":2,"minecraft:smooth_basalt":6,"minecraft:ink_sac":6,"minecraft:budding_amethyst":3,"minecraft:amethyst_shard":12,"minecraft:dripstone_block":32,"minecraft:gravel":236,"minecraft:spruce_sapling":1,"minecraft:granite_slab":15,"minecraft:spruce_log":77,"minecraft:dark_oak_log":6,"minecraft:light_gray_terracotta":5,"minecraft:blue_terracotta":2,"minecraft:white_concrete_powder":8,"minecraft:diamond":12,"minecraft:stone_axe":1,"minecraft:iron_helmet":3,"minecraft:granite":33,"minecraft:bone_meal":3,"minecraft:rooted_dirt":7,"minecraft:oak_sapling":14,"minecraft:coal":51,"minecraft:andesite_slab":2,"minecraft:diamond_pickaxe":2},"minecraft:broken":{"minecraft:wooden_shovel":1,"minecraft:stone_pickaxe":2,"minecraft:stone_axe":1},"minecraft:dropped":{"minecraft:iron_ingot":5,"minecraft:candle":5,"minecraft:moss_block":68,"minecraft:birch_planks":173,"minecraft:wheat_seeds":3,"minecraft:orange_dye":3,"minecraft:lapis_lazuli":149,"minecraft:oak_log":15,"minecraft:diamond":10,"minecraft:dripstone_block":30,"minecraft:glow_berries":4,"minecraft:iron_helmet":1,"minecraft:feather":13,"minecraft:cobblestone":24,"minecraft:rooted_dirt":7,"minecraft:apple":7,"minecraft:amethyst_block":35,"minecraft:dark_oak_button":52,"minecraft:granite":10,"minecraft:copper_ingot":10,"minecraft:acacia_log":5,"minecraft:coal":7,"minecraft:red_mushroom":1,"minecraft:stick":34,"minecraft:flint":1,"minecraft:dirt":6,"minecraft:diorite":4,"minecraft:golden_carrot":1,"minecraft:wooden_axe":2,"minecraft:map":1,"minecraft:snowball":43,"minecraft:amethyst_shard":12,"minecraft:granite_slab":14,"minecraft:writable_book":1,"minecraft:iron_axe":4,"minecraft:string":14,"minecraft:birch_log":11,"minecraft:bucket":2,"minecraft:diorite_slab":4,"minecraft:spruce_sapling":1,"minecraft:smooth_basalt":6,"minecraft:bone":5,"minecraft:gravel":131,"minecraft:blue_terracotta":2,"minecraft:stone_axe":1,"minecraft:green_terracotta":13,"minecraft:cobbled_deepslate":25,"minecraft:raw_copper":227,"minecraft:light_gray_terracotta":5,"minecraft:andesite_slab":2,"minecraft:tuff":7,"minecraft:pointed_dripstone":5,"minecraft:raw_iron":42,"minecraft:stone_shovel":1,"minecraft:rotten_flesh":12,"minecraft:clay_ball":8,"minecraft:oak_planks":64,"minecraft:iron_boots":2,"minecraft:glow_lichen":3,"minecraft:budding_amethyst":3,"minecraft:deepslate_bricks":19,"minecraft:diamond_sword":1,"minecraft:big_dripleaf":2,"minecraft:deepslate_tiles":1,"minecraft:gray_terracotta":2,"minecraft:shield":2,"minecraft:oak_sapling":5,"minecraft:andesite":11,"minecraft:birch_door":2,"minecraft:spruce_planks":293,"minecraft:diamond_pickaxe":1,"minecraft:iron_chestplate":4,"minecraft:leather_boots":1,"minecraft:wooden_shovel":4,"minecraft:chest":5,"minecraft:azalea":1,"minecraft:spruce_log":3,"minecraft:wooden_pickaxe":1,"minecraft:bow":3,"minecraft:arrow":69,"minecraft:stone_pickaxe":1,"minecraft:raw_gold":13,"minecraft:calcite":7,"minecraft:white_concrete_powder":6},"minecraft:mined":{"minecraft:deepslate_tiles":26,"minecraft:diamond_ore":4,"minecraft:tuff":36,"minecraft:spruce_planks":3,"minecraft:deepslate_diamond_ore":10,"minecraft:dark_oak_log":3,"minecraft:budding_amethyst":5,"minecraft:granite":44,"minecraft:acacia_log":5,"minecraft:grass_block":88,"minecraft:deepslate_bricks":50,"minecraft:rooted_dirt":38,"minecraft:moss_block":138,"minecraft:spruce_leaves":9,"minecraft:white_concrete_powder":9,"minecraft:diorite_slab":11,"minecraft:raw_iron_block":1,"minecraft:raw_gold_block":1,"minecraft:cobbled_deepslate":1,"minecraft:iron_ore":42,"minecraft:fire":34,"minecraft:green_terracotta":12,"minecraft:andesite":54,"minecraft:deepslate_lapis_ore":21,"minecraft:granite_slab":15,"minecraft:deepslate_iron_ore":15,"minecraft:cobblestone_slab":3,"minecraft:dirt_path":1,"minecraft:packed_ice":4,"minecraft:stone":131,"minecraft:podzol":23,"minecraft:gray_terracotta":3,"minecraft:snow_block":5,"minecraft:powder_snow":1,"minecraft:clay":15,"minecraft:light_gray_terracotta":14,"minecraft:calcite":40,"minecraft:melon":2,"minecraft:chest":23,"minecraft:andesite_slab":10,"minecraft:copper_ore":75,"minecraft:deepslate_coal_ore":17,"minecraft:deepslate_gold_ore":11,"minecraft:lapis_ore":13,"minecraft:oak_planks":12,"minecraft:diorite":33,"minecraft:wall_torch":3,"minecraft:amethyst_block":60,"minecraft:deepslate_copper_ore":12,"minecraft:white_terracotta":3,"minecraft:birch_planks":19,"minecraft:blue_terracotta":2,"minecraft:birch_log":91,"minecraft:blue_ice":1,"minecraft:birch_door":2,"minecraft:spruce_log":78,"minecraft:birch_leaves":10,"minecraft:oak_log":72,"minecraft:coal_ore":32,"minecraft:gravel":203,"minecraft:dripstone_block":98,"minecraft:dirt":79,"minecraft:smooth_basalt":17,"minecraft:terracotta":4,"minecraft:gold_ore":15,"minecraft:oak_leaves":17,"minecraft:deepslate":53},"minecraft:custom":{"minecraft:mob_kills":24,"minecraft:animals_bred":1,"minecraft:interact_with_crafting_table":111,"minecraft:damage_dealt_resisted":94,"minecraft:leave_game":12,"minecraft:time_since_death":20029,"minecraft:climb_one_cm":10515,"minecraft:damage_resisted":226,"minecraft:sprint_one_cm":69722,"minecraft:walk_one_cm":769039,"minecraft:damage_blocked_by_shield":43,"minecraft:drop":773,"minecraft:play_time":236762,"minecraft:deaths":10,"minecraft:sneak_time":40427,"minecraft:walk_under_water_one_cm":18752,"minecraft:jump":732,"minecraft:walk_on_water_one_cm":6664,"minecraft:total_world_time":236762,"minecraft:interact_with_furnace":76,"minecraft:time_since_rest":20054,"minecraft:damage_taken":3610,"minecraft:damage_absorbed":40,"minecraft:damage_dealt":6854,"minecraft:swim_one_cm":22310,"minecraft:fly_one_cm":44142,"minecraft:player_kills":6,"minecraft:open_chest":467,"minecraft:crouch_one_cm":60056,"minecraft:fall_one_cm":2431},"minecraft:crafted":{"minecraft:oak_planks":240,"minecraft:cooked_chicken":1,"minecraft:furnace":1,"minecraft:bone_meal":12,"minecraft:flint_and_steel":1,"minecraft:bow":2,"minecraft:iron_boots":2,"minecraft:iron_axe":3,"minecraft:stone_pickaxe":2,"minecraft:dark_oak_planks":40,"minecraft:cooked_beef":3,"minecraft:arrow":96,"minecraft:diamond_axe":1,"minecraft:spruce_planks":368,"minecraft:wooden_pickaxe":1,"minecraft:iron_helmet":2,"minecraft:iron_sword":1,"minecraft:birch_planks":296,"minecraft:campfire":1,"minecraft:stone_axe":1,"minecraft:air":0,"minecraft:iron_chestplate":3,"minecraft:diamond_pickaxe":1,"minecraft:shield":2,"minecraft:stick":56,"minecraft:iron_ingot":59,"minecraft:iron_pickaxe":1,"minecraft:wooden_axe":1,"minecraft:iron_shovel":1,"minecraft:iron_leggings":1},"minecraft:used":{"minecraft:writable_book":1,"minecraft:iron_shovel":196,"minecraft:flint_and_steel":12,"minecraft:chest":5,"minecraft:shield":1,"minecraft:iron_sword":46,"minecraft:cooked_chicken":1,"minecraft:wooden_shovel":111,"minecraft:torch":4,"minecraft:dirt":221,"minecraft:tuff":2,"minecraft:granite":6,"minecraft:snowball":67,"minecraft:birch_door":2,"minecraft:wooden_axe":51,"minecraft:iron_axe":235,"minecraft:birch_sapling":25,"minecraft:chicken_spawn_egg":1,"minecraft:bow":122,"minecraft:oak_sapling":4,"minecraft:furnace":1,"minecraft:cooked_beef":3,"minecraft:cobbled_deepslate":13,"minecraft:water_bucket":2,"minecraft:amethyst_block":8,"minecraft:birch_planks":63,"minecraft:stone_pickaxe":223,"minecraft:oak_planks":13,"minecraft:wooden_pickaxe":9,"minecraft:diamond_axe":17,"minecraft:cobblestone_slab":1,"minecraft:deepslate_bricks":2,"minecraft:golden_apple":1,"minecraft:campfire":1,"minecraft:oak_log":4,"minecraft:diamond_pickaxe":770,"minecraft:apple":3,"minecraft:melon_slice":20,"minecraft:iron_pickaxe":168,"minecraft:spruce_sapling":4,"minecraft:gravel":171,"minecraft:stone_axe":95,"minecraft:cobblestone":1,"minecraft:andesite":10,"minecraft:sculk_catalyst":1,"minecraft:bone_meal":14},"minecraft:killed_by":{"minecraft:player":1,"mimicer:mimicer":1,"man:managgresive":1,"minecraft:skeleton":1}},"DataVersion":3120}