{"stats":{"minecraft:dropped":{"minecraft:gravel":8,"minecraft:iron_ingot":5,"minecraft:raw_copper":19,"minecraft:raw_iron":15,"minecraft:cobblestone":12,"minecraft:iron_boots":1,"minecraft:amethyst_block":5,"minecraft:granite":2,"minecraft:copper_ingot":10,"minecraft:glow_lichen":1,"minecraft:coal":7,"minecraft:stick":1,"minecraft:flint":1,"minecraft:dirt":5,"minecraft:gray_terracotta":2,"minecraft:golden_carrot":1,"minecraft:iron_chestplate":1,"minecraft:wooden_axe":2,"minecraft:map":1,"minecraft:chest":1,"minecraft:wooden_shovel":4,"minecraft:writable_book":1,"minecraft:stone_pickaxe":1,"minecraft:wooden_pickaxe":1,"minecraft:raw_gold":4,"minecraft:white_concrete_powder":6,"minecraft:birch_log":7,"minecraft:smooth_basalt":4},"minecraft:custom":{"minecraft:interact_with_furnace":46,"minecraft:mob_kills":6,"minecraft:interact_with_crafting_table":52,"minecraft:leave_game":11,"minecraft:time_since_death":62320,"minecraft:climb_one_cm":2418,"minecraft:damage_resisted":226,"minecraft:time_since_rest":62346,"minecraft:sprint_one_cm":32374,"minecraft:damage_taken":2132,"minecraft:walk_one_cm":211047,"minecraft:drop":109,"minecraft:damage_dealt":951,"minecraft:swim_one_cm":12660,"minecraft:fly_one_cm":26329,"minecraft:open_chest":201,"minecraft:crouch_one_cm":36018,"minecraft:play_time":92350,"minecraft:deaths":7,"minecraft:sneak_time":19467,"minecraft:walk_under_water_one_cm":9229,"minecraft:jump":198,"minecraft:walk_on_water_one_cm":2404,"minecraft:total_world_time":92350,"minecraft:fall_one_cm":1233},"minecraft:crafted":{"minecraft:oak_planks":112,"minecraft:wooden_pickaxe":1,"minecraft:iron_helmet":1,"minecraft:furnace":1,"minecraft:bone_meal":12,"minecraft:birch_planks":40,"minecraft:stone_axe":1,"minecraft:air":0,"minecraft:iron_boots":2,"minecraft:iron_chestplate":2,"minecraft:stick":36,"minecraft:iron_ingot":32,"minecraft:iron_pickaxe":1,"minecraft:stone_pickaxe":2,"minecraft:wooden_axe":1,"minecraft:iron_leggings":1,"minecraft:cooked_beef":3},"minecraft:killed":{"minecraft:spider":1,"minecraft:rabbit":3},"minecraft:broken":{"minecraft:stone_pickaxe":2},"minecraft:used":{"minecraft:water_bucket":1,"minecraft:writable_book":1,"minecraft:amethyst_block":2,"minecraft:stone_pickaxe":223,"minecraft:oak_planks":12,"minecraft:chest":2,"minecraft:wooden_pickaxe":9,"minecraft:wooden_shovel":68,"minecraft:dirt":165,"minecraft:wooden_axe":51,"minecraft:melon_slice":13,"minecraft:birch_sapling":14,"minecraft:iron_pickaxe":153,"minecraft:spruce_sapling":4,"minecraft:stone_axe":55,"minecraft:furnace":1,"minecraft:oak_sapling":4,"minecraft:andesite":1,"minecraft:cooked_beef":1,"minecraft:bone_meal":12},"minecraft:mined":{"minecraft:gray_terracotta":3,"minecraft:snow_block":2,"minecraft:clay":14,"minecraft:granite":32,"minecraft:grass_block":82,"minecraft:calcite":16,"minecraft:melon":2,"minecraft:chest":9,"minecraft:andesite_slab":5,"minecraft:copper_ore":49,"minecraft:oak_planks":7,"minecraft:diorite":22,"minecraft:white_concrete_powder":9,"minecraft:amethyst_block":29,"minecraft:white_terracotta":3,"minecraft:birch_planks":4,"minecraft:diorite_slab":5,"minecraft:raw_iron_block":1,"minecraft:blue_terracotta":2,"minecraft:birch_log":41,"minecraft:iron_ore":23,"minecraft:spruce_log":4,"minecraft:andesite":25,"minecraft:birch_leaves":1,"minecraft:granite_slab":2,"minecraft:oak_log":34,"minecraft:coal_ore":12,"minecraft:dirt_path":1,"minecraft:packed_ice":2,"minecraft:gravel":44,"minecraft:dirt":61,"minecraft:smooth_basalt":5,"minecraft:terracotta":3,"minecraft:stone":87,"minecraft:gold_ore":8,"minecraft:oak_leaves":11,"minecraft:podzol":20},"minecraft:killed_by":{"man:managgresive":1},"minecraft:picked_up":{"minecraft:wooden_axe":1,"minecraft:birch_log":40,"minecraft:feather":2,"minecraft:chicken":1,"minecraft:clay_ball":44,"minecraft:andesite":14,"minecraft:birch_planks":1,"minecraft:flint":5,"minecraft:oak_log":44,"minecraft:amethyst_block":22,"minecraft:dirt":123,"minecraft:raw_copper":148,"minecraft:bone":1,"minecraft:gray_terracotta":2,"minecraft:raw_gold":7,"minecraft:rabbit_hide":6,"minecraft:calcite":1,"minecraft:azalea":3,"minecraft:wooden_shovel":13,"minecraft:rabbit":1,"minecraft:melon_slice":6,"minecraft:chest":8,"minecraft:birch_sapling":5,"minecraft:smooth_basalt":4,"minecraft:stick":3,"minecraft:raw_iron":24,"minecraft:gravel":37,"minecraft:diorite":18,"minecraft:blue_terracotta":2,"minecraft:white_concrete_powder":8,"minecraft:granite":24,"minecraft:bone_meal":3,"minecraft:mutton":1,"minecraft:coal":8,"minecraft:snowball":5,"minecraft:cobblestone":62}},"DataVersion":3120}