{"stats":{"minecraft:used":{"minecraft:iron_bars":16,"minecraft:iron_shovel":6,"minecraft:acacia_log":8,"minecraft:spruce_planks":155,"minecraft:shield":7,"minecraft:iron_sword":17,"minecraft:cooked_chicken":5,"minecraft:torch":37,"minecraft:dirt":13,"minecraft:dark_oak_planks":1,"minecraft:lava_bucket":1,"minecraft:iron_axe":199,"minecraft:bow":1,"minecraft:furnace":7,"minecraft:cooked_beef":6,"minecraft:potato":9,"minecraft:acacia_planks":32,"minecraft:cobbled_deepslate":22,"minecraft:brown_bed":2,"minecraft:acacia_boat":2,"minecraft:stone_pickaxe":500,"minecraft:wooden_pickaxe":14,"minecraft:sandstone":24,"minecraft:green_bed":6,"minecraft:golden_apple":1,"minecraft:sand":50,"minecraft:terracotta":8,"minecraft:crafting_table":13,"minecraft:lime_bed":3,"biomesoplenty:dead_planks":20,"minecraft:apple":8,"minecraft:bread":19,"minecraft:cyan_bed":1,"minecraft:melon_slice":5,"minecraft:iron_pickaxe":678,"minecraft:gravel":10,"minecraft:stone_axe":23,"minecraft:diamond_sword":31,"minecraft:cobblestone":465,"minecraft:cooked_porkchop":9,"minecraft:bucket":1,"minecraft:andesite":7,"minecraft:yellow_bed":4},"minecraft:custom":{"minecraft:interact_with_smithing_table":1,"minecraft:mob_kills":71,"minecraft:interact_with_crafting_table":60,"minecraft:open_barrel":18,"minecraft:bell_ring":19,"minecraft:leave_game":8,"minecraft:time_since_death":35591,"minecraft:climb_one_cm":3288,"minecraft:sprint_one_cm":638068,"minecraft:walk_one_cm":1043850,"minecraft:damage_blocked_by_shield":315,"minecraft:drop":224,"minecraft:talked_to_villager":10,"minecraft:play_time":333983,"minecraft:deaths":29,"minecraft:sneak_time":38705,"minecraft:walk_under_water_one_cm":44703,"minecraft:boat_one_cm":169175,"minecraft:jump":5490,"minecraft:walk_on_water_one_cm":67319,"minecraft:total_world_time":333983,"minecraft:interact_with_furnace":146,"minecraft:sleep_in_bed":11,"minecraft:time_since_rest":35625,"minecraft:damage_taken":10158,"minecraft:damage_dealt":10948,"minecraft:player_kills":2,"minecraft:swim_one_cm":54671,"minecraft:fly_one_cm":653158,"minecraft:open_chest":52,"minecraft:crouch_one_cm":120486,"minecraft:interact_with_smoker":2,"minecraft:fall_one_cm":155754,"minecraft:horse_one_cm":1756},"minecraft:picked_up":{"minecraft:iron_chestplate":6,"minecraft:cocoa_beans":4,"minecraft:crafting_table":17,"minecraft:coarse_dirt":1,"minecraft:wheat":26,"minecraft:chicken":5,"minecraft:flower_pot":5,"minecraft:smithing_table":2,"minecraft:diamond_sword":1,"minecraft:wooden_pickaxe":4,"minecraft:brown_bed":3,"minecraft:enchanted_book":11,"gravestone:obituary":23,"minecraft:shield":4,"minecraft:string":15,"minecraft:raw_copper":199,"minecraft:iron_axe":3,"minecraft:wooden_sword":1,"minecraft:iron_leggings":2,"minecraft:white_carpet":5,"minecraft:beetroot":22,"minecraft:diamond_leggings":2,"minecraft:cobbled_deepslate":71,"minecraft:bucket":6,"minecraft:spruce_planks":32,"minecraft:beef":12,"minecraft:white_tulip":1,"minecraft:calcite":1,"minecraft:azalea":8,"minecraft:poppy":3,"minecraft:iron_pickaxe":8,"minecraft:lectern":1,"minecraft:melon_slice":223,"minecraft:chest":4,"minecraft:iron_boots":3,"minecraft:furnace":6,"minecraft:stick":16,"minecraft:raw_iron":176,"minecraft:sandstone":24,"minecraft:green_bed":12,"minecraft:torch":197,"minecraft:acacia_log":20,"arphex:maggot_grub":8,"minecraft:sandstone_wall":2,"minecraft:porkchop":50,"minecraft:carrot":61,"minecraft:redstone":8,"minecraft:dark_oak_planks":3,"minecraft:stone_sword":1,"minecraft:cactus":17,"minecraft:arrow":37,"minecraft:rotten_flesh":35,"minecraft:beetroot_seeds":177,"biomesoplenty:mahogany_sapling":27,"minecraft:hay_block":4,"minecraft:mutton":26,"minecraft:obsidian":8,"minecraft:iron_bars":16,"minecraft:white_wool":18,"minecraft:cobblestone":1129,"minecraft:lime_bed":4,"minecraft:feather":3,"minecraft:cooked_beef":11,"minecraft:glow_ink_sac":1,"minecraft:jungle_log":2,"minecraft:andesite":48,"minecraft:cut_sandstone":3,"minecraft:orange_carpet":2,"minecraft:leather":1,"minecraft:potato":46,"minecraft:flint":2,"minecraft:yellow_bed":4,"minecraft:acacia_boat":8,"minecraft:lapis_lazuli":134,"minecraft:dirt":93,"biomesoplenty:glowing_moss_carpet":4,"minecraft:bone":30,"minecraft:acacia_planks":14,"minecraft:apple":14,"minecraft:bow":3,"minecraft:wheat_seeds":370,"minecraft:raw_gold":49,"minecraft:stone_pickaxe":1,"minecraft:iron_ingot":10,"arphex:burning_glands":7,"minecraft:cooked_chicken":10,"minecraft:oak_planks":1,"minecraft:acacia_sapling":7,"minecraft:smooth_basalt":1,"minecraft:cooked_porkchop":3,"minecraft:dandelion":1,"minecraft:gravel":24,"minecraft:sand":92,"biomesoplenty:dead_planks":84,"minecraft:cyan_bed":1,"minecraft:acacia_stairs":1,"minecraft:spider_eye":1,"minecraft:mossy_cobblestone":7,"minecraft:diamond":26,"minecraft:stone_axe":5,"minecraft:light_blue_carpet":3,"minecraft:iron_helmet":7,"minecraft:bone_meal":10,"minecraft:golden_apple":1,"minecraft:emerald":34,"minecraft:bread":49,"minecraft:terracotta":24,"minecraft:oak_sapling":1,"minecraft:melon_seeds":40,"minecraft:coal":184},"minecraft:killed_by":{"minecraft:creeper":3,"arphex:hornet_harbinger":3,"the_rake:the_rake":2,"steve_dweller:steve_dweller":2,"the_mangle:the_mangle":2,"arphex:spider_larvae":2,"arphex:spider_flat":1,"minecraft:skeleton":6,"minecraft:zombie":1,"demonic_watcher:demonic_watcher":1},"minecraft:broken":{"minecraft:stone_pickaxe":3,"minecraft:iron_pickaxe":2},"minecraft:killed":{"minecraft:spider":2,"minecraft:skeleton":16,"arphex:blood_worm":2,"minecraft:chicken":1,"arphex:spider_larvae_tiny":2,"minecraft:pig":11,"minecraft:zombie_villager":1,"minecraft:sheep":10,"minecraft:zombie":16,"arphex:spider_larvae":1,"minecraft:cow":2},"minecraft:mined":{"minecraft:dark_oak_planks":2,"minecraft:diamond_ore":3,"minecraft:spruce_planks":35,"minecraft:attached_melon_stem":9,"minecraft:deepslate_diamond_ore":9,"minecraft:jungle_leaves":1,"minecraft:light_blue_carpet":3,"minecraft:glow_lichen":1,"gravestone:gravestone":10,"minecraft:acacia_log":7,"minecraft:grass_block":7,"minecraft:jungle_log":2,"biomesoplenty:dead_grass":2,"minecraft:sandstone":36,"biomesoplenty:dune_grass":1,"minecraft:spawner":1,"minecraft:hay_block":6,"minecraft:fire":1,"minecraft:furnace":2,"minecraft:carrots":18,"immersive_weathering:mossy_stone":1,"minecraft:iron_ore":83,"minecraft:cobbled_deepslate":1,"minecraft:andesite":38,"minecraft:deepslate_lapis_ore":1,"minecraft:brown_bed":2,"minecraft:potatoes":10,"minecraft:potted_dandelion":1,"minecraft:deepslate_iron_ore":24,"minecraft:azalea":5,"minecraft:stone":721,"minecraft:green_bed":10,"minecraft:smithing_table":1,"minecraft:deepslate_redstone_ore":4,"minecraft:cut_sandstone":2,"minecraft:glass_pane":1,"biomesoplenty:glowing_moss_carpet":1,"minecraft:melon_stem":1,"minecraft:crafting_table":10,"minecraft:torch":4,"minecraft:emerald_ore":1,"minecraft:calcite":1,"minecraft:poppy":1,"minecraft:melon":12,"minecraft:chest":2,"minecraft:dead_bush":1,"minecraft:cobblestone":79,"minecraft:tall_grass":9,"minecraft:copper_ore":15,"minecraft:deepslate_gold_ore":1,"biomesoplenty:sprout":1,"minecraft:lapis_ore":3,"minecraft:cyan_bed":2,"minecraft:oak_planks":1,"minecraft:wall_torch":12,"minecraft:lime_bed":2,"minecraft:coarse_dirt":1,"minecraft:wheat":26,"minecraft:yellow_bed":4,"minecraft:grass":27,"minecraft:coal_ore":64,"minecraft:beetroots":21,"minecraft:cyan_carpet":1,"minecraft:gravel":22,"minecraft:sand":66,"minecraft:dirt":31,"minecraft:sandstone_wall":1,"minecraft:smooth_basalt":1,"minecraft:acacia_planks":10,"minecraft:oak_leaves":12,"minecraft:deepslate":63,"minecraft:fern":11},"minecraft:dropped":{"minecraft:iron_ingot":7,"arphex:burning_glands":4,"minecraft:acacia_boat":1,"minecraft:wheat_seeds":22,"minecraft:lapis_lazuli":44,"arphex:maggot_grub":2,"minecraft:cooked_beef":1,"minecraft:mossy_cobblestone":1,"minecraft:smithing_table":1,"minecraft:iron_helmet":3,"minecraft:cobblestone":3,"minecraft:emerald":1,"minecraft:dirt":23,"minecraft:orange_carpet":2,"minecraft:torch":29,"minecraft:cut_sandstone":2,"minecraft:wooden_sword":1,"gravestone:obituary":32,"minecraft:iron_axe":1,"minecraft:sand":19,"minecraft:iron_pickaxe":3,"minecraft:cactus":4,"minecraft:dark_oak_planks":1,"minecraft:string":5,"minecraft:acacia_planks":3,"minecraft:bucket":2,"minecraft:bone":1,"minecraft:dandelion":1,"minecraft:gravel":6,"minecraft:white_tulip":1,"minecraft:stone_axe":1,"minecraft:coarse_dirt":1,"minecraft:raw_copper":53,"minecraft:cocoa_beans":3,"minecraft:green_bed":1,"minecraft:white_carpet":4,"minecraft:rotten_flesh":16,"minecraft:iron_boots":1,"minecraft:acacia_stairs":1,"minecraft:sandstone_wall":1,"minecraft:flower_pot":2,"minecraft:iron_chestplate":1,"minecraft:chest":1,"minecraft:azalea":4,"minecraft:andesite":17,"minecraft:acacia_sapling":6,"minecraft:melon_seeds":20,"minecraft:oak_sapling":1,"minecraft:light_blue_carpet":3,"minecraft:bow":1,"biomesoplenty:mahogany_sapling":9,"minecraft:lectern":1},"minecraft:crafted":{"minecraft:cooked_chicken":5,"minecraft:furnace":5,"minecraft:cooked_mutton":22,"minecraft:bow":1,"minecraft:diamond_leggings":1,"minecraft:iron_boots":2,"minecraft:iron_axe":2,"minecraft:stone_pickaxe":4,"minecraft:wheat":36,"minecraft:diamond_sword":1,"minecraft:cooked_porkchop":26,"minecraft:crafting_table":5,"minecraft:spruce_planks":192,"minecraft:iron_helmet":2,"minecraft:iron_sword":1,"minecraft:stone_axe":1,"minecraft:acacia_boat":2,"minecraft:bread":17,"minecraft:air":0,"minecraft:iron_chestplate":2,"minecraft:shield":3,"minecraft:stick":60,"minecraft:iron_ingot":104,"minecraft:iron_pickaxe":5,"minecraft:iron_shovel":1,"minecraft:acacia_planks":48,"minecraft:torch":48}},"DataVersion":3120}