{"stats":{"minecraft:custom":{"minecraft:interact_with_furnace":1,"minecraft:mob_kills":36,"minecraft:interact_with_crafting_table":4,"minecraft:interact_with_loom":1,"minecraft:damage_dealt_resisted":40,"minecraft:leave_game":7,"minecraft:time_since_death":3141,"minecraft:sleep_in_bed":7,"minecraft:damage_resisted":12,"minecraft:climb_one_cm":838,"minecraft:time_since_rest":3167,"minecraft:sprint_one_cm":558826,"minecraft:damage_taken":5061,"minecraft:walk_one_cm":790695,"minecraft:drop":71,"minecraft:damage_dealt":7463,"minecraft:damage_dealt_absorbed":24,"minecraft:player_kills":4,"minecraft:talked_to_villager":2,"minecraft:fly_one_cm":465415,"minecraft:open_chest":11,"minecraft:crouch_one_cm":17945,"minecraft:play_time":98089,"minecraft:deaths":19,"minecraft:sneak_time":2058,"minecraft:walk_under_water_one_cm":306,"minecraft:jump":1618,"minecraft:walk_on_water_one_cm":2681,"minecraft:total_world_time":98089,"minecraft:fall_one_cm":38176,"minecraft:horse_one_cm":576},"minecraft:crafted":{"minecraft:spruce_planks":40,"minecraft:birch_planks":24,"sanitydim:garland":1,"minecraft:stick":8,"minecraft:iron_pickaxe":1},"minecraft:used":{"epicfight:skillbook":2,"minecraft:birch_planks":29,"minecraft:spruce_planks":37,"minecraft:iron_sword":180,"minecraft:blue_bed":4,"minecraft:torch":5,"minecraft:dirt":2,"minecraft:mutton":4,"minecraft:dripstone_block":13,"minecraft:spruce_log":1,"minecraft:red_tulip":1,"minecraft:bread":5,"minecraft:chicken":4,"minecraft:iron_pickaxe":72,"minecraft:lilac":1,"minecraft:purple_bed":2,"minecraft:porkchop":11,"minecraft:gray_wool":1},"minecraft:broken":{"sanitydim:garland":1},"minecraft:killed":{"minecraft:cave_spider":1,"minecraft:pig":5,"minecraft:witch":1,"minecraft:zombie_villager":1,"iceandfire:amphithere":1,"minecraft:spider":3,"the_rake:the_rake":1,"minecraft:creeper":1,"minecraft:sheep":3,"minecraft:skeleton":10,"minecraft:zombie":3,"arphex:long_legs_fly":1,"minecraft:chicken":4},"minecraft:mined":{"minecraft:spruce_planks":1,"minecraft:lily_of_the_valley":5,"minecraft:dandelion":5,"minecraft:torch":5,"gravestone:gravestone":13,"minecraft:grass_block":1,"minecraft:poppy":11,"minecraft:rose_bush":18,"minecraft:tall_grass":1,"biomesoplenty:sprout":6,"minecraft:wall_torch":1,"minecraft:blue_bed":4,"minecraft:birch_planks":5,"minecraft:purple_bed":3,"minecraft:iron_ore":14,"minecraft:lilac":3,"minecraft:spruce_log":8,"minecraft:orange_tulip":3,"minecraft:azure_bluet":3,"minecraft:grass":26,"minecraft:red_tulip":1,"minecraft:coal_ore":20,"biomesoplenty:webbing":1,"minecraft:sunflower":2,"minecraft:dripstone_block":9,"minecraft:dirt":1,"biomesoplenty:stringy_cobweb":1,"minecraft:pink_tulip":1,"minecraft:white_tulip":5,"minecraft:stone":25,"biomesoplenty:spider_egg":1,"minecraft:fern":18},"minecraft:dropped":{"minecraft:white_tulip":5,"minecraft:wheat_seeds":4,"minecraft:lilac":2,"minecraft:azure_bluet":6,"minecraft:lily_of_the_valley":4,"sanitydim:garland":1,"minecraft:rose_bush":32,"gravestone:obituary":28,"minecraft:spider_eye":1,"minecraft:iron_pickaxe":1},"minecraft:killed_by":{"the_silence:the_silence_principal":1,"minecraft:player":5,"the_anomaly:anomaly_attack_crawl":3,"minecraft:skeleton":2,"minecraft:creeper":1,"the_anomaly:anomaly_attack":1,"the_rake:the_rake":3,"endofherobrine:pigman":1,"sanitydim:rotting_stalker":1,"mimicer:mimicer":1},"minecraft:picked_up":{"minecraft:birch_log":6,"minecraft:feather":5,"minecraft:azure_bluet":6,"minecraft:lilac":3,"minecraft:chicken":4,"minecraft:clay_ball":76,"minecraft:birch_planks":5,"gravestone:obituary":12,"sanitydim:garland":1,"minecraft:string":4,"minecraft:dirt":2,"minecraft:blue_bed":4,"minecraft:moss_carpet":1,"minecraft:bone":9,"minecraft:orange_tulip":3,"minecraft:wheat_seeds":5,"minecraft:spruce_planks":1,"minecraft:white_tulip":5,"minecraft:rose_bush":32,"minecraft:poppy":10,"minecraft:iron_pickaxe":1,"minecraft:birch_sapling":6,"iceandfire:amphithere_feather":3,"minecraft:stick":8,"minecraft:raw_iron":14,"minecraft:torch":6,"minecraft:dandelion":5,"minecraft:dripstone_block":13,"epicfight:skillbook":2,"minecraft:porkchop":12,"minecraft:spruce_log":7,"minecraft:lily_of_the_valley":5,"minecraft:spider_eye":2,"arphex:fly_appendage":1,"minecraft:arrow":10,"minecraft:purple_bed":3,"minecraft:rotten_flesh":2,"minecraft:red_tulip":1,"minecraft:cyan_terracotta":1,"minecraft:pink_tulip":1,"minecraft:gray_wool":1,"minecraft:mutton":4,"minecraft:white_wool":2,"minecraft:coal":20,"minecraft:cobblestone":26,"minecraft:sunflower":2}},"DataVersion":3120}