{"stats":{"minecraft:custom":{"minecraft:interact_with_crafting_table":18,"minecraft:leave_game":22,"minecraft:time_since_death":22097,"minecraft:damage_resisted":23,"minecraft:sprint_one_cm":3027590,"minecraft:damage_blocked_by_shield":842,"minecraft:drop":537,"minecraft:talked_to_villager":4,"minecraft:play_time":510880,"minecraft:deaths":108,"minecraft:jump":7562,"minecraft:walk_on_water_one_cm":84482,"minecraft:interact_with_furnace":85,"minecraft:interact_with_loom":1,"minecraft:sleep_in_bed":28,"minecraft:damage_dealt":49143,"minecraft:player_kills":18,"minecraft:crouch_one_cm":112032,"minecraft:horse_one_cm":2106785,"minecraft:mob_kills":230,"minecraft:damage_dealt_resisted":1022,"minecraft:climb_one_cm":4037,"minecraft:walk_one_cm":2220254,"minecraft:damage_dealt_absorbed":3211,"minecraft:sneak_time":28589,"minecraft:walk_under_water_one_cm":80182,"minecraft:boat_one_cm":79094,"minecraft:total_world_time":510880,"minecraft:interact_with_grindstone":1,"minecraft:time_since_rest":11398,"minecraft:damage_taken":31033,"minecraft:swim_one_cm":63070,"minecraft:fly_one_cm":2220023,"minecraft:open_chest":48,"minecraft:fall_one_cm":178763},"minecraft:crafted":{"biomesoplenty:cherry_planks":28,"epicfight:diamond_dagger":2,"minecraft:stone":3,"minecraft:cooked_mutton":2,"minecraft:dark_oak_door":3,"minecraft:iron_boots":2,"minecraft:cooked_porkchop":14,"minecraft:spruce_planks":64,"minecraft:baked_potato":8,"minecraft:iron_helmet":2,"biomesoplenty:cherry_boat":1,"minecraft:birch_planks":80,"minecraft:iron_chestplate":3,"minecraft:diamond_pickaxe":1,"minecraft:shield":1,"minecraft:stick":12,"minecraft:iron_ingot":63,"minecraft:iron_pickaxe":1,"epicfight:diamond_greatsword":1,"minecraft:iron_nugget":9,"biomesoplenty:mahogany_planks":28,"minecraft:furnace":4,"sanitydim:garland":13,"minecraft:flint_and_steel":1,"minecraft:iron_axe":2,"minecraft:dark_oak_planks":24,"minecraft:cooked_beef":22,"minecraft:golden_shovel":1,"minecraft:bucket":2,"minecraft:air":0,"minecraft:iron_leggings":1,"minecraft:white_bed":2,"minecraft:torch":20},"minecraft:used":{"minecraft:shield":22,"minecraft:iron_sword":429,"minecraft:mutton":21,"sanitydim:garland":1,"minecraft:carrot":2,"minecraft:tuff":8,"biomesoplenty:cherry_planks":19,"epicfight:diamond_greatsword":142,"minecraft:bow":40,"minecraft:written_book":1,"minecraft:furnace":4,"minecraft:potato":1,"epicfight:skillbook":9,"minecraft:oak_planks":7,"minecraft:blue_bed":4,"minecraft:dripstone_block":14,"minecraft:melon_slice":108,"minecraft:bread":5,"minecraft:gravel":3,"minecraft:lilac":1,"epicfight:diamond_dagger":258,"minecraft:birch_log":2,"biomesoplenty:mahogany_planks":39,"minecraft:flint_and_steel":1,"minecraft:spruce_planks":63,"minecraft:cooked_chicken":5,"minecraft:torch":53,"minecraft:dirt":25,"minecraft:golden_shovel":7,"minecraft:dark_oak_planks":26,"minecraft:red_tulip":1,"minecraft:iron_axe":283,"epicfight:glove":43,"minecraft:light_gray_wool":1,"travelersbackpack:cake":17,"minecraft:cooked_beef":9,"minecraft:cobbled_deepslate":32,"minecraft:pointed_dripstone":1,"minecraft:cooked_mutton":2,"minecraft:water_bucket":48,"minecraft:birch_planks":104,"minecraft:baked_potato":8,"minecraft:white_bed":5,"minecraft:spruce_log":1,"minecraft:dark_oak_door":3,"minecraft:diamond_pickaxe":295,"biomesoplenty:cherry_boat":1,"minecraft:chicken":10,"minecraft:iron_pickaxe":248,"minecraft:cobblestone":113,"minecraft:purple_bed":7,"minecraft:cooked_porkchop":14,"minecraft:white_banner":1,"minecraft:porkchop":12,"minecraft:bucket":50,"minecraft:gray_wool":1},"minecraft:broken":{"minecraft:iron_boots":2,"minecraft:iron_chestplate":1,"minecraft:iron_leggings":2,"sanitydim:garland":12,"minecraft:iron_sword":1,"minecraft:iron_axe":1,"minecraft:iron_pickaxe":1,"minecraft:iron_helmet":1},"minecraft:killed":{"arphex:mosquito_morbidity":2,"minecraft:cave_spider":2,"iceandfire:hippogryph":2,"minecraft:witch":1,"iceandfire:gorgon":1,"minecraft:spider":4,"minecraft:skeleton":38,"minecraft:chicken":14,"minecraft:axolotl":2,"minecraft:turtle":2,"arphex:spider_larvae_tiny":10,"minecraft:pig":10,"minecraft:zombie_villager":1,"minecraft:salmon":2,"minecraft:creeper":4,"arphex:centipede_evictor_larvae":2,"minecraft:sheep":20,"minecraft:trader_llama":2,"minecraft:pillager":2,"minecraft:zombie":41,"cave_dweller:cave_dweller":1,"endofherobrine:cow":4,"arphex:spider_larvae":6,"endofherobrine:pigman":1,"minecraft:cow":10,"sanitydim:rotting_stalker":1,"the_rake:the_rake":2,"arphex:hornet_harbinger":4,"arphex:blood_worm":3,"arphex:long_legs_fly":1,"minecraft:drowned":2,"iceandfire:amphithere":1,"minecraft:bat":1,"the_anomaly:anomaly_attack":1,"arphex:fly_festerer":1,"endofherobrine:sheep":18,"minecraft:enderman":2,"demonic_watcher:demonic_watcher":1},"minecraft:mined":{"minecraft:dark_oak_planks":8,"minecraft:spruce_planks":22,"biomesoplenty:cherry_log":10,"minecraft:white_bed":4,"minecraft:obsidian":9,"minecraft:cave_vines_plant":1,"minecraft:grass_block":19,"the_one_who_watches:scratched_dark_oak_log":2,"minecraft:spawner":2,"minecraft:iron_ore":34,"immersive_weathering:mossy_stone":1,"minecraft:cobbled_deepslate":2,"minecraft:azure_bluet":3,"minecraft:pointed_dripstone":6,"minecraft:red_tulip":2,"biomesoplenty:webbing":3,"iceandfire:pixie_house_spruce":1,"minecraft:pink_tulip":1,"minecraft:clay":3,"minecraft:torch":6,"biomesoplenty:cherry_planks":2,"minecraft:poppy":42,"minecraft:melon":22,"minecraft:cobblestone":29,"minecraft:oak_planks":4,"minecraft:wall_torch":14,"minecraft:birch_log":17,"minecraft:lilac":16,"minecraft:orange_tulip":13,"minecraft:grass":115,"biomesoplenty:clover":5,"minecraft:dirt":6,"minecraft:deepslate":183,"minecraft:tuff":22,"minecraft:deepslate_diamond_ore":11,"minecraft:dark_oak_log":4,"immersive_weathering:birch_leaf_pile":4,"minecraft:glow_lichen":1,"gravestone:gravestone":90,"minecraft:allium":29,"minecraft:deepslate_iron_ore":28,"minecraft:vine":1,"immersive_weathering:ivy":2,"minecraft:white_tulip":5,"biomesoplenty:spider_egg":1,"minecraft:stone":149,"minecraft:lily_of_the_valley":5,"minecraft:dandelion":10,"biomesoplenty:mahogany_planks":14,"minecraft:rose_bush":18,"minecraft:tall_grass":5,"minecraft:copper_ore":2,"biomesoplenty:sprout":7,"minecraft:blue_bed":4,"minecraft:purple_bed":8,"minecraft:birch_planks":30,"biomesoplenty:mahogany_log":7,"minecraft:spruce_log":14,"minecraft:coal_ore":25,"minecraft:dripstone_block":11,"minecraft:sunflower":3,"minecraft:gravel":15,"biomesoplenty:stringy_cobweb":3,"minecraft:cobweb":22,"minecraft:stone_bricks":2,"minecraft:mossy_stone_bricks":1,"minecraft:fern":36},"minecraft:dropped":{"minecraft:birch_planks":4,"minecraft:glow_ink_sac":5,"minecraft:diamond":6,"minecraft:orange_tulip":4,"minecraft:glow_berries":1,"biomesoplenty:mahogany_planks":2,"minecraft:leather":20,"minecraft:item_frame":1,"minecraft:music_disc_13":1,"minecraft:flint":1,"minecraft:cyan_terracotta":1,"minecraft:dirt":4,"gravestone:obituary":236,"minecraft:bone_meal":3,"minecraft:sunflower":8,"minecraft:iron_pickaxe":1,"minecraft:gravel":11,"minecraft:white_tulip":5,"minecraft:iron_nugget":9,"minecraft:cobbled_deepslate":8,"minecraft:birch_sapling":15,"minecraft:pointed_dripstone":48,"minecraft:rotten_flesh":50,"minecraft:oak_planks":1,"minecraft:azure_bluet":6,"travelersbackpack:pumpkin":4,"minecraft:gunpowder":3,"biomesoplenty:pink_cherry_sapling":2,"minecraft:arrow":1,"minecraft:written_book":2,"minecraft:water_bucket":1,"minecraft:iron_ingot":2,"arphex:burning_glands":4,"minecraft:wheat_seeds":28,"minecraft:lilac":2,"minecraft:dripstone_block":3,"minecraft:feather":6,"minecraft:cobblestone":18,"minecraft:prismarine_crystals":4,"minecraft:coal":38,"minecraft:torch":2,"minecraft:rose_bush":32,"minecraft:melon_slice":2,"iceandfire:deepslate_silver_ore":1,"minecraft:white_banner":4,"minecraft:red_dye":1,"minecraft:string":1,"minecraft:bucket":1,"minecraft:redstone":1,"minecraft:pink_tulip":2,"minecraft:moss_carpet":2,"minecraft:cobblestone_wall":1,"minecraft:raw_copper":9,"minecraft:raw_iron":1,"minecraft:clay_ball":140,"arphex:roach_nymph":1,"minecraft:lily_of_the_valley":7,"minecraft:stone":6,"minecraft:allium":1,"minecraft:iron_chestplate":1,"sanitydim:garland":1,"minecraft:oak_sapling":9,"minecraft:spider_eye":6,"minecraft:bow":1,"minecraft:raw_gold":1,"minecraft:black_wool":1,"epicfight:skillbook":5,"arphex:fly_appendage":5},"minecraft:killed_by":{"the_silence:the_silence_principal":1,"endofherobrine:cow":3,"the_anomaly:anomaly_attack_crawl":3,"minecraft:creeper":7,"the_anomaly:anomaly_attack":1,"old_goatman:old_goatman":1,"the_rake:the_rake":3,"steve_dweller:steve_dweller":2,"arphex:centipede_evictor":5,"sanitydim:rotting_stalker":3,"arphex:spider_snatcher":25,"mimicer:mimicer":3,"arphex:tiny_centipede_breacher":1,"sanitydim:sneaking_terror":3,"minecraft:zombie":1,"demonic_watcher:demonic_watcher":1,"arphex:spider_goliath":2,"minecraft:player":20,"the_one_who_watches:toww_hunting":1,"arphex:hornet_harbinger":3,"the_mangle:the_mangle":6,"cartoon_dweller:cartoon_dweller":1,"endofherobrine:villager":2,"minecraft:skeleton":3,"arphex:centipede_evictor_larvae":1,"endofherobrine:pigman":1,"cave_dweller:cave_dweller":1,"arphex:centipede_stalker":1,"midnightlurker:midnight_lurker_unprovoked":1},"minecraft:picked_up":{"arphex:roach_nymph":1,"minecraft:lead":1,"minecraft:string":38,"minecraft:raw_copper":18,"minecraft:cobbled_deepslate":177,"minecraft:spruce_planks":22,"minecraft:red_dye":1,"minecraft:white_tulip":5,"minecraft:rose_bush":32,"minecraft:written_book":1,"minecraft:iron_pickaxe":1,"minecraft:melon_slice":110,"minecraft:stick":10,"minecraft:torch":38,"arphex:maggot_grub":2,"epicfight:skillbook":7,"minecraft:porkchop":26,"minecraft:pointed_dripstone":49,"minecraft:rotten_flesh":51,"epicfight:glove":2,"minecraft:red_tulip":1,"minecraft:cyan_terracotta":1,"biomesoplenty:pink_cherry_sapling":2,"minecraft:obsidian":9,"minecraft:cobblestone":176,"minecraft:birch_log":22,"minecraft:feather":28,"minecraft:lilac":16,"minecraft:water_bucket":1,"minecraft:potato":1,"minecraft:flint":3,"minecraft:tuff":21,"minecraft:dirt":29,"minecraft:bone":51,"minecraft:bow":4,"minecraft:orange_tulip":18,"minecraft:wheat_seeds":28,"minecraft:raw_gold":1,"minecraft:oak_planks":5,"biomesoplenty:cherry_log":7,"biomesoplenty:mahogany_planks":13,"iceandfire:amphithere_feather":3,"minecraft:music_disc_13":2,"minecraft:lily_of_the_valley":7,"minecraft:dark_oak_log":6,"minecraft:diamond":11,"minecraft:bone_meal":3,"iceandfire:gorgon_head":1,"minecraft:oak_sapling":9,"minecraft:allium":30,"minecraft:azure_bluet":6,"minecraft:chicken":14,"minecraft:clay_ball":140,"gravestone:obituary":143,"minecraft:moss_carpet":2,"minecraft:item_frame":1,"minecraft:beef":22,"minecraft:poppy":43,"minecraft:light_gray_wool":1,"biomesoplenty:cherry_planks":2,"minecraft:birch_sapling":15,"minecraft:raw_iron":70,"minecraft:stone":3,"minecraft:carrot":1,"minecraft:redstone":1,"minecraft:prismarine_crystals":4,"minecraft:dark_oak_planks":8,"minecraft:arrow":45,"minecraft:pink_tulip":3,"iceandfire:deepslate_silver_ore":1,"minecraft:saddle":3,"minecraft:glow_berries":1,"minecraft:mutton":28,"minecraft:white_wool":17,"minecraft:glow_ink_sac":5,"minecraft:leather":20,"minecraft:birch_planks":34,"minecraft:gunpowder":3,"minecraft:cobblestone_wall":1,"sanitydim:garland":1,"minecraft:blue_bed":4,"minecraft:white_banner":5,"travelersbackpack:cake":4,"arphex:burning_glands":4,"minecraft:cooked_chicken":5,"minecraft:dandelion":10,"minecraft:dripstone_block":17,"minecraft:gravel":18,"minecraft:white_bed":4,"minecraft:spruce_log":13,"minecraft:spider_eye":6,"biomesoplenty:mahogany_log":7,"arphex:fly_appendage":5,"minecraft:purple_bed":7,"travelersbackpack:pumpkin":3,"minecraft:gray_wool":1,"minecraft:baked_potato":6,"minecraft:black_wool":1,"minecraft:coal":101,"minecraft:ender_pearl":2,"minecraft:sunflower":8}},"DataVersion":3120}