{"stats":{"minecraft:custom":{"minecraft:mob_kills":157,"minecraft:interact_with_crafting_table":18,"minecraft:damage_dealt_resisted":310,"minecraft:leave_game":16,"minecraft:time_since_death":1244,"minecraft:climb_one_cm":2557,"minecraft:damage_resisted":23,"minecraft:sprint_one_cm":2336623,"minecraft:walk_one_cm":1880006,"minecraft:damage_blocked_by_shield":453,"minecraft:drop":452,"minecraft:damage_dealt_absorbed":1787,"minecraft:talked_to_villager":2,"minecraft:play_time":404496,"minecraft:deaths":94,"minecraft:sneak_time":19935,"minecraft:walk_under_water_one_cm":46810,"minecraft:jump":5800,"minecraft:walk_on_water_one_cm":66971,"minecraft:total_world_time":404496,"minecraft:interact_with_furnace":78,"minecraft:interact_with_loom":1,"minecraft:sleep_in_bed":23,"minecraft:time_since_rest":1274,"minecraft:damage_taken":26274,"minecraft:damage_dealt":35667,"minecraft:player_kills":15,"minecraft:swim_one_cm":29329,"minecraft:fly_one_cm":1596767,"minecraft:open_chest":48,"minecraft:crouch_one_cm":85534,"minecraft:fall_one_cm":142994,"minecraft:horse_one_cm":1046331},"minecraft:mined":{"minecraft:dark_oak_planks":8,"minecraft:tuff":8,"minecraft:spruce_planks":20,"minecraft:white_bed":1,"minecraft:deepslate_diamond_ore":11,"minecraft:dark_oak_log":4,"minecraft:cave_vines_plant":1,"minecraft:glow_lichen":1,"immersive_weathering:birch_leaf_pile":4,"gravestone:gravestone":76,"minecraft:grass_block":19,"the_one_who_watches:scratched_dark_oak_log":2,"minecraft:spawner":2,"immersive_weathering:mossy_stone":1,"minecraft:iron_ore":34,"minecraft:cobbled_deepslate":2,"minecraft:azure_bluet":3,"minecraft:red_tulip":2,"minecraft:pointed_dripstone":6,"minecraft:deepslate_iron_ore":28,"biomesoplenty:webbing":3,"minecraft:pink_tulip":1,"immersive_weathering:ivy":2,"minecraft:stone":112,"biomesoplenty:spider_egg":1,"minecraft:white_tulip":5,"minecraft:lily_of_the_valley":5,"minecraft:dandelion":10,"minecraft:clay":3,"minecraft:torch":5,"minecraft:poppy":42,"biomesoplenty:mahogany_planks":14,"minecraft:melon":5,"minecraft:rose_bush":18,"minecraft:cobblestone":28,"minecraft:tall_grass":3,"biomesoplenty:sprout":7,"minecraft:oak_planks":4,"minecraft:wall_torch":5,"minecraft:blue_bed":4,"minecraft:birch_planks":30,"minecraft:purple_bed":6,"biomesoplenty:mahogany_log":7,"minecraft:birch_log":13,"minecraft:lilac":3,"minecraft:spruce_log":8,"minecraft:orange_tulip":13,"biomesoplenty:clover":1,"minecraft:grass":62,"minecraft:coal_ore":21,"minecraft:dripstone_block":11,"minecraft:sunflower":3,"minecraft:gravel":3,"minecraft:dirt":6,"biomesoplenty:stringy_cobweb":1,"minecraft:cobweb":22,"minecraft:deepslate":32,"minecraft:fern":29},"minecraft:killed":{"minecraft:cave_spider":2,"iceandfire:hippogryph":1,"minecraft:witch":1,"minecraft:spider":4,"sanitydim:rotting_stalker":1,"the_rake:the_rake":1,"minecraft:skeleton":31,"arphex:hornet_harbinger":4,"arphex:blood_worm":2,"arphex:long_legs_fly":1,"minecraft:chicken":11,"minecraft:axolotl":2,"minecraft:drowned":2,"arphex:spider_larvae_tiny":9,"minecraft:pig":10,"minecraft:zombie_villager":1,"iceandfire:amphithere":1,"minecraft:bat":1,"minecraft:creeper":3,"minecraft:sheep":13,"minecraft:pillager":2,"the_anomaly:anomaly_attack":1,"minecraft:zombie":30,"arphex:fly_festerer":1,"cave_dweller:cave_dweller":1,"endofherobrine:cow":4,"arphex:spider_larvae":6,"demonic_watcher:demonic_watcher":1,"minecraft:cow":4},"minecraft:killed_by":{"the_silence:the_silence_principal":1,"endofherobrine:cow":3,"minecraft:player":17,"the_anomaly:anomaly_attack_crawl":3,"the_one_who_watches:toww_hunting":1,"minecraft:creeper":5,"the_anomaly:anomaly_attack":1,"arphex:hornet_harbinger":3,"old_goatman:old_goatman":1,"the_rake:the_rake":3,"steve_dweller:steve_dweller":2,"arphex:centipede_evictor":5,"sanitydim:rotting_stalker":2,"the_mangle:the_mangle":4,"arphex:spider_snatcher":25,"cartoon_dweller:cartoon_dweller":1,"mimicer:mimicer":3,"arphex:tiny_centipede_breacher":1,"endofherobrine:villager":2,"minecraft:skeleton":2,"arphex:centipede_evictor_larvae":1,"minecraft:zombie":1,"endofherobrine:pigman":1,"cave_dweller:cave_dweller":1,"arphex:centipede_stalker":1,"demonic_watcher:demonic_watcher":1,"midnightlurker:midnight_lurker_unprovoked":1},"minecraft:crafted":{"epicfight:diamond_greatsword":1,"epicfight:diamond_dagger":2,"minecraft:iron_nugget":9,"biomesoplenty:mahogany_planks":28,"minecraft:furnace":2,"minecraft:stone":3,"sanitydim:garland":10,"minecraft:cooked_mutton":2,"minecraft:dark_oak_door":3,"minecraft:iron_boots":2,"minecraft:iron_axe":2,"minecraft:dark_oak_planks":24,"minecraft:cooked_beef":9,"minecraft:cooked_porkchop":14,"minecraft:spruce_planks":40,"minecraft:iron_helmet":2,"minecraft:baked_potato":8,"minecraft:bucket":2,"minecraft:birch_planks":68,"minecraft:air":0,"minecraft:iron_chestplate":3,"minecraft:diamond_pickaxe":1,"minecraft:shield":1,"minecraft:stick":8,"minecraft:iron_ingot":63,"minecraft:iron_pickaxe":1,"minecraft:iron_leggings":1,"minecraft:torch":20},"minecraft:broken":{"minecraft:iron_boots":2,"minecraft:iron_chestplate":1,"minecraft:iron_leggings":2,"sanitydim:garland":10,"minecraft:iron_axe":1,"minecraft:iron_sword":1,"minecraft:iron_pickaxe":1,"minecraft:iron_helmet":1},"minecraft:dropped":{"minecraft:water_bucket":1,"minecraft:iron_ingot":1,"arphex:burning_glands":4,"minecraft:birch_planks":4,"minecraft:wheat_seeds":17,"minecraft:lilac":2,"minecraft:glow_ink_sac":5,"minecraft:dripstone_block":3,"minecraft:orange_tulip":4,"minecraft:feather":1,"minecraft:cobblestone":18,"minecraft:glow_berries":1,"biomesoplenty:mahogany_planks":2,"minecraft:leather":5,"minecraft:coal":38,"minecraft:music_disc_13":1,"minecraft:flint":1,"minecraft:cyan_terracotta":1,"minecraft:dirt":4,"minecraft:torch":2,"minecraft:rose_bush":32,"gravestone:obituary":208,"minecraft:sunflower":8,"minecraft:white_banner":3,"minecraft:red_dye":1,"minecraft:iron_pickaxe":1,"minecraft:string":1,"minecraft:bucket":1,"minecraft:redstone":1,"minecraft:pink_tulip":2,"minecraft:gravel":5,"minecraft:white_tulip":5,"minecraft:moss_carpet":2,"minecraft:iron_nugget":9,"minecraft:cobbled_deepslate":3,"minecraft:raw_copper":9,"minecraft:pointed_dripstone":48,"minecraft:birch_sapling":15,"minecraft:raw_iron":1,"minecraft:rotten_flesh":39,"minecraft:oak_planks":1,"minecraft:clay_ball":140,"minecraft:azure_bluet":6,"minecraft:lily_of_the_valley":7,"travelersbackpack:pumpkin":1,"minecraft:stone":6,"minecraft:gunpowder":2,"minecraft:iron_chestplate":1,"sanitydim:garland":1,"minecraft:oak_sapling":5,"minecraft:bow":1,"minecraft:spider_eye":5,"minecraft:arrow":1,"minecraft:raw_gold":1,"epicfight:skillbook":5,"arphex:fly_appendage":5},"minecraft:used":{"biomesoplenty:mahogany_planks":39,"minecraft:spruce_planks":57,"minecraft:shield":15,"minecraft:iron_sword":429,"minecraft:cooked_chicken":5,"minecraft:torch":37,"minecraft:dirt":25,"minecraft:mutton":18,"sanitydim:garland":1,"minecraft:carrot":2,"minecraft:tuff":7,"minecraft:dark_oak_planks":26,"minecraft:red_tulip":1,"minecraft:iron_axe":204,"epicfight:glove":10,"epicfight:diamond_greatsword":62,"minecraft:light_gray_wool":1,"minecraft:bow":37,"minecraft:written_book":1,"minecraft:furnace":2,"travelersbackpack:cake":15,"minecraft:cooked_beef":9,"minecraft:cobbled_deepslate":32,"minecraft:pointed_dripstone":1,"minecraft:cooked_mutton":2,"epicfight:skillbook":9,"minecraft:water_bucket":7,"minecraft:birch_planks":92,"minecraft:oak_planks":7,"minecraft:baked_potato":8,"minecraft:blue_bed":4,"minecraft:white_bed":1,"minecraft:dripstone_block":14,"minecraft:dark_oak_door":3,"minecraft:spruce_log":1,"minecraft:diamond_pickaxe":73,"minecraft:melon_slice":6,"minecraft:bread":5,"minecraft:chicken":7,"minecraft:iron_pickaxe":248,"minecraft:gravel":3,"minecraft:lilac":1,"epicfight:diamond_dagger":171,"minecraft:white_banner":1,"minecraft:purple_bed":5,"minecraft:cobblestone":113,"minecraft:cooked_porkchop":14,"minecraft:porkchop":12,"minecraft:bucket":10,"minecraft:birch_log":2,"minecraft:gray_wool":1},"minecraft:picked_up":{"minecraft:azure_bluet":6,"minecraft:chicken":11,"minecraft:clay_ball":140,"gravestone:obituary":128,"minecraft:string":38,"minecraft:moss_carpet":2,"minecraft:raw_copper":9,"minecraft:cobbled_deepslate":40,"minecraft:red_dye":1,"minecraft:spruce_planks":20,"minecraft:beef":9,"minecraft:white_tulip":5,"minecraft:rose_bush":32,"minecraft:poppy":41,"minecraft:iron_pickaxe":1,"minecraft:light_gray_wool":1,"minecraft:melon_slice":29,"minecraft:birch_sapling":15,"minecraft:raw_iron":70,"minecraft:stick":10,"minecraft:stone":3,"minecraft:torch":26,"arphex:maggot_grub":2,"epicfight:skillbook":7,"minecraft:porkchop":26,"minecraft:pointed_dripstone":49,"minecraft:carrot":1,"minecraft:redstone":1,"minecraft:dark_oak_planks":8,"minecraft:arrow":35,"minecraft:rotten_flesh":41,"epicfight:glove":2,"minecraft:red_tulip":1,"minecraft:cyan_terracotta":1,"minecraft:pink_tulip":3,"minecraft:saddle":2,"minecraft:glow_berries":1,"minecraft:mutton":20,"minecraft:white_wool":11,"minecraft:cobblestone":143,"minecraft:birch_log":19,"minecraft:feather":23,"minecraft:lilac":3,"minecraft:glow_ink_sac":5,"minecraft:water_bucket":1,"minecraft:leather":12,"minecraft:birch_planks":34,"minecraft:flint":1,"minecraft:tuff":7,"minecraft:gunpowder":2,"sanitydim:garland":1,"minecraft:blue_bed":4,"minecraft:dirt":29,"minecraft:white_banner":4,"minecraft:bone":36,"travelersbackpack:cake":3,"minecraft:bow":4,"minecraft:orange_tulip":18,"minecraft:wheat_seeds":17,"minecraft:raw_gold":1,"arphex:burning_glands":4,"minecraft:cooked_chicken":5,"minecraft:oak_planks":5,"biomesoplenty:mahogany_planks":13,"iceandfire:amphithere_feather":3,"minecraft:music_disc_13":2,"minecraft:dandelion":10,"minecraft:dripstone_block":17,"minecraft:gravel":8,"minecraft:white_bed":1,"minecraft:spruce_log":7,"minecraft:lily_of_the_valley":7,"minecraft:dark_oak_log":6,"minecraft:spider_eye":6,"biomesoplenty:mahogany_log":7,"arphex:fly_appendage":5,"minecraft:purple_bed":6,"minecraft:diamond":11,"minecraft:gray_wool":1,"minecraft:baked_potato":6,"minecraft:oak_sapling":5,"minecraft:coal":97,"minecraft:sunflower":8}},"DataVersion":3120}