{"stats":{"minecraft:killed":{"minecraft:spider":1,"minecraft:skeleton":2,"minecraft:rabbit":3,"minecraft:creeper":3,"minecraft:goat":3,"minecraft:zombie":3},"minecraft:picked_up":{"minecraft:wooden_axe":1,"minecraft:birch_door":4,"minecraft:iron_chestplate":2,"minecraft:chicken":1,"minecraft:clay_ball":60,"minecraft:diorite_slab":4,"minecraft:shield":1,"minecraft:amethyst_block":29,"minecraft:iron_axe":5,"minecraft:raw_copper":191,"minecraft:flint_and_steel":1,"minecraft:iron_leggings":2,"minecraft:iron_shovel":2,"minecraft:deepslate_tiles":2,"minecraft:candle":5,"minecraft:cobbled_deepslate":30,"minecraft:bucket":1,"minecraft:spruce_planks":3,"minecraft:cobblestone_slab":2,"minecraft:calcite":7,"minecraft:azalea":3,"minecraft:wooden_shovel":13,"minecraft:iron_pickaxe":1,"minecraft:melon_slice":18,"minecraft:chest":11,"minecraft:birch_sapling":16,"minecraft:iron_boots":2,"minecraft:golden_helmet":1,"minecraft:dark_oak_sapling":1,"minecraft:stick":25,"minecraft:raw_iron":26,"minecraft:raw_gold_block":1,"minecraft:torch":5,"minecraft:diorite":19,"minecraft:rotten_flesh":16,"minecraft:arrow":68,"minecraft:stone_shovel":1,"minecraft:deepslate_bricks":20,"minecraft:mutton":1,"minecraft:snowball":119,"minecraft:cobblestone":71,"minecraft:birch_log":87,"minecraft:feather":6,"minecraft:dark_oak_button":52,"minecraft:andesite":27,"minecraft:red_mushroom":1,"minecraft:birch_planks":72,"minecraft:flint":22,"minecraft:tuff":3,"minecraft:oak_log":60,"minecraft:lapis_lazuli":18,"minecraft:dirt":140,"minecraft:leather_boots":1,"minecraft:bone":33,"minecraft:apple":5,"minecraft:bow":2,"minecraft:gray_terracotta":2,"minecraft:raw_gold":7,"minecraft:rabbit_hide":6,"minecraft:rabbit":1,"minecraft:iron_sword":1,"minecraft:oak_planks":66,"minecraft:glow_lichen":2,"minecraft:smooth_basalt":6,"minecraft:dripstone_block":1,"minecraft:gravel":236,"minecraft:spruce_sapling":1,"minecraft:granite_slab":12,"minecraft:spruce_log":74,"minecraft:dark_oak_log":6,"minecraft:blue_terracotta":2,"minecraft:white_concrete_powder":8,"minecraft:diamond":11,"minecraft:stone_axe":1,"minecraft:iron_helmet":2,"minecraft:granite":32,"minecraft:bone_meal":3,"minecraft:oak_sapling":9,"minecraft:coal":33,"minecraft:andesite_slab":2,"minecraft:diamond_pickaxe":1},"minecraft:broken":{"minecraft:wooden_shovel":1,"minecraft:stone_pickaxe":2,"minecraft:stone_axe":1},"minecraft:dropped":{"minecraft:iron_ingot":5,"minecraft:birch_planks":161,"minecraft:oak_log":3,"minecraft:diamond":4,"minecraft:dripstone_block":1,"minecraft:iron_helmet":1,"minecraft:feather":9,"minecraft:cobblestone":19,"minecraft:apple":7,"minecraft:amethyst_block":10,"minecraft:granite":9,"minecraft:copper_ingot":10,"minecraft:coal":7,"minecraft:red_mushroom":1,"minecraft:stick":28,"minecraft:flint":1,"minecraft:dirt":5,"minecraft:diorite":1,"minecraft:golden_carrot":1,"minecraft:wooden_axe":2,"minecraft:map":1,"minecraft:snowball":30,"minecraft:granite_slab":11,"minecraft:writable_book":1,"minecraft:iron_axe":3,"minecraft:birch_log":9,"minecraft:bucket":2,"minecraft:diorite_slab":4,"minecraft:spruce_sapling":1,"minecraft:smooth_basalt":6,"minecraft:bone":1,"minecraft:gravel":131,"minecraft:blue_terracotta":2,"minecraft:stone_axe":1,"minecraft:cobbled_deepslate":16,"minecraft:raw_copper":40,"minecraft:andesite_slab":2,"minecraft:tuff":1,"minecraft:raw_iron":16,"minecraft:stone_shovel":1,"minecraft:rotten_flesh":12,"minecraft:clay_ball":8,"minecraft:oak_planks":64,"minecraft:iron_boots":1,"minecraft:glow_lichen":3,"minecraft:deepslate_bricks":8,"minecraft:deepslate_tiles":1,"minecraft:gray_terracotta":2,"minecraft:shield":1,"minecraft:andesite":7,"minecraft:birch_door":2,"minecraft:spruce_planks":293,"minecraft:diamond_pickaxe":1,"minecraft:iron_chestplate":2,"minecraft:leather_boots":1,"minecraft:wooden_shovel":4,"minecraft:chest":1,"minecraft:azalea":1,"minecraft:wooden_pickaxe":1,"minecraft:bow":2,"minecraft:arrow":64,"minecraft:stone_pickaxe":1,"minecraft:raw_gold":4,"minecraft:calcite":1,"minecraft:white_concrete_powder":6},"minecraft:mined":{"minecraft:deepslate_tiles":26,"minecraft:diamond_ore":3,"minecraft:tuff":14,"minecraft:spruce_planks":3,"minecraft:deepslate_diamond_ore":8,"minecraft:dark_oak_log":3,"minecraft:budding_amethyst":4,"minecraft:granite":38,"minecraft:grass_block":83,"minecraft:deepslate_bricks":50,"minecraft:rooted_dirt":15,"minecraft:moss_block":28,"minecraft:spruce_leaves":9,"minecraft:white_concrete_powder":9,"minecraft:diorite_slab":11,"minecraft:raw_iron_block":1,"minecraft:raw_gold_block":1,"minecraft:cobbled_deepslate":1,"minecraft:iron_ore":25,"minecraft:fire":26,"minecraft:andesite":35,"minecraft:deepslate_lapis_ore":11,"minecraft:granite_slab":12,"minecraft:deepslate_iron_ore":5,"minecraft:cobblestone_slab":1,"minecraft:dirt_path":1,"minecraft:packed_ice":3,"minecraft:stone":109,"minecraft:podzol":23,"minecraft:gray_terracotta":3,"minecraft:snow_block":5,"minecraft:powder_snow":1,"minecraft:clay":15,"minecraft:calcite":28,"minecraft:melon":2,"minecraft:chest":15,"minecraft:andesite_slab":10,"minecraft:copper_ore":54,"minecraft:deepslate_gold_ore":2,"minecraft:lapis_ore":1,"minecraft:oak_planks":12,"minecraft:diorite":26,"minecraft:wall_torch":3,"minecraft:amethyst_block":43,"minecraft:deepslate_copper_ore":4,"minecraft:white_terracotta":3,"minecraft:birch_planks":18,"minecraft:blue_terracotta":2,"minecraft:birch_log":90,"minecraft:blue_ice":1,"minecraft:birch_door":2,"minecraft:spruce_log":77,"minecraft:birch_leaves":10,"minecraft:oak_log":58,"minecraft:coal_ore":20,"minecraft:gravel":203,"minecraft:dripstone_block":20,"minecraft:dirt":77,"minecraft:smooth_basalt":11,"minecraft:terracotta":4,"minecraft:gold_ore":9,"minecraft:oak_leaves":17,"minecraft:deepslate":30},"minecraft:custom":{"minecraft:mob_kills":18,"minecraft:animals_bred":1,"minecraft:interact_with_crafting_table":108,"minecraft:damage_dealt_resisted":94,"minecraft:leave_game":11,"minecraft:time_since_death":24809,"minecraft:climb_one_cm":5222,"minecraft:damage_resisted":226,"minecraft:sprint_one_cm":67137,"minecraft:walk_one_cm":720000,"minecraft:damage_blocked_by_shield":43,"minecraft:drop":466,"minecraft:play_time":210206,"minecraft:deaths":9,"minecraft:sneak_time":31717,"minecraft:walk_under_water_one_cm":15160,"minecraft:jump":680,"minecraft:walk_on_water_one_cm":4795,"minecraft:total_world_time":210206,"minecraft:interact_with_furnace":75,"minecraft:time_since_rest":24862,"minecraft:damage_taken":3336,"minecraft:damage_dealt":5958,"minecraft:swim_one_cm":21813,"minecraft:fly_one_cm":40146,"minecraft:player_kills":4,"minecraft:open_chest":452,"minecraft:crouch_one_cm":53786,"minecraft:fall_one_cm":2199},"minecraft:crafted":{"minecraft:oak_planks":240,"minecraft:furnace":1,"minecraft:bone_meal":12,"minecraft:flint_and_steel":1,"minecraft:bow":2,"minecraft:iron_boots":2,"minecraft:iron_axe":3,"minecraft:stone_pickaxe":2,"minecraft:dark_oak_planks":40,"minecraft:cooked_beef":3,"minecraft:arrow":96,"minecraft:spruce_planks":368,"minecraft:wooden_pickaxe":1,"minecraft:iron_helmet":2,"minecraft:iron_sword":1,"minecraft:birch_planks":292,"minecraft:campfire":1,"minecraft:stone_axe":1,"minecraft:air":0,"minecraft:iron_chestplate":3,"minecraft:diamond_pickaxe":1,"minecraft:shield":2,"minecraft:stick":48,"minecraft:iron_ingot":59,"minecraft:iron_pickaxe":1,"minecraft:wooden_axe":1,"minecraft:iron_shovel":1,"minecraft:iron_leggings":1},"minecraft:used":{"minecraft:writable_book":1,"minecraft:iron_shovel":137,"minecraft:flint_and_steel":4,"minecraft:chest":5,"minecraft:shield":1,"minecraft:iron_sword":34,"minecraft:wooden_shovel":111,"minecraft:torch":4,"minecraft:dirt":221,"minecraft:tuff":2,"minecraft:granite":6,"minecraft:snowball":56,"minecraft:birch_door":2,"minecraft:wooden_axe":51,"minecraft:iron_axe":202,"minecraft:birch_sapling":25,"minecraft:bow":121,"minecraft:oak_sapling":4,"minecraft:furnace":1,"minecraft:cooked_beef":3,"minecraft:cobbled_deepslate":13,"minecraft:water_bucket":2,"minecraft:amethyst_block":2,"minecraft:birch_planks":62,"minecraft:stone_pickaxe":223,"minecraft:oak_planks":13,"minecraft:wooden_pickaxe":9,"minecraft:cobblestone_slab":1,"minecraft:deepslate_bricks":2,"minecraft:golden_apple":1,"minecraft:campfire":1,"minecraft:oak_log":4,"minecraft:diamond_pickaxe":323,"minecraft:apple":3,"minecraft:melon_slice":20,"minecraft:iron_pickaxe":168,"minecraft:spruce_sapling":4,"minecraft:gravel":171,"minecraft:stone_axe":95,"minecraft:cobblestone":1,"minecraft:andesite":10,"minecraft:bone_meal":14},"minecraft:killed_by":{"minecraft:player":1,"mimicer:mimicer":1,"man:managgresive":1}},"DataVersion":3120}