{"stats":{"minecraft:custom":{"minecraft:mob_kills":122,"minecraft:interact_with_crafting_table":17,"minecraft:damage_dealt_resisted":66,"minecraft:leave_game":15,"minecraft:time_since_death":3187,"minecraft:climb_one_cm":1729,"minecraft:damage_resisted":23,"minecraft:sprint_one_cm":1674517,"minecraft:walk_one_cm":1607229,"minecraft:damage_blocked_by_shield":453,"minecraft:drop":321,"minecraft:damage_dealt_absorbed":789,"minecraft:talked_to_villager":2,"minecraft:play_time":320585,"minecraft:deaths":55,"minecraft:sneak_time":18880,"minecraft:walk_under_water_one_cm":17981,"minecraft:jump":4144,"minecraft:walk_on_water_one_cm":39471,"minecraft:total_world_time":320585,"minecraft:interact_with_furnace":73,"minecraft:interact_with_loom":1,"minecraft:sleep_in_bed":21,"minecraft:time_since_rest":3214,"minecraft:damage_taken":15216,"minecraft:damage_dealt":26292,"minecraft:player_kills":7,"minecraft:swim_one_cm":2451,"minecraft:fly_one_cm":1127588,"minecraft:open_chest":42,"minecraft:crouch_one_cm":77404,"minecraft:fall_one_cm":111874,"minecraft:horse_one_cm":793785},"minecraft:mined":{"minecraft:dark_oak_planks":8,"minecraft:tuff":1,"minecraft:spruce_planks":20,"minecraft:deepslate_diamond_ore":11,"minecraft:dark_oak_log":4,"minecraft:cave_vines_plant":1,"minecraft:glow_lichen":1,"immersive_weathering:birch_leaf_pile":4,"gravestone:gravestone":44,"minecraft:grass_block":18,"the_one_who_watches:scratched_dark_oak_log":2,"minecraft:spawner":2,"minecraft:iron_ore":34,"minecraft:cobbled_deepslate":2,"minecraft:azure_bluet":3,"minecraft:red_tulip":2,"minecraft:pointed_dripstone":6,"minecraft:deepslate_iron_ore":28,"biomesoplenty:webbing":3,"minecraft:pink_tulip":1,"immersive_weathering:ivy":2,"biomesoplenty:spider_egg":1,"minecraft:stone":78,"minecraft:white_tulip":5,"minecraft:lily_of_the_valley":5,"minecraft:dandelion":10,"minecraft:clay":3,"minecraft:torch":5,"minecraft:poppy":42,"biomesoplenty:mahogany_planks":14,"minecraft:rose_bush":18,"minecraft:cobblestone":20,"minecraft:tall_grass":3,"biomesoplenty:sprout":7,"minecraft:oak_planks":3,"minecraft:wall_torch":2,"minecraft:blue_bed":4,"minecraft:purple_bed":3,"minecraft:birch_planks":30,"biomesoplenty:mahogany_log":7,"minecraft:birch_log":13,"minecraft:lilac":3,"minecraft:spruce_log":8,"minecraft:orange_tulip":13,"minecraft:grass":55,"minecraft:coal_ore":21,"minecraft:dripstone_block":11,"minecraft:sunflower":3,"minecraft:gravel":1,"minecraft:dirt":4,"biomesoplenty:stringy_cobweb":1,"minecraft:cobweb":22,"minecraft:deepslate":27,"minecraft:fern":24},"minecraft:killed":{"minecraft:cave_spider":2,"iceandfire:hippogryph":1,"minecraft:witch":1,"minecraft:spider":3,"sanitydim:rotting_stalker":1,"the_rake:the_rake":1,"minecraft:skeleton":25,"arphex:hornet_harbinger":2,"arphex:blood_worm":2,"arphex:long_legs_fly":1,"minecraft:chicken":11,"minecraft:axolotl":2,"minecraft:drowned":1,"arphex:spider_larvae_tiny":5,"minecraft:pig":10,"minecraft:zombie_villager":1,"iceandfire:amphithere":1,"minecraft:creeper":1,"minecraft:sheep":13,"the_anomaly:anomaly_attack":1,"minecraft:zombie":25,"cave_dweller:cave_dweller":1,"arphex:fly_festerer":1,"endofherobrine:cow":1,"minecraft:cow":4},"minecraft:killed_by":{"the_silence:the_silence_principal":1,"endofherobrine:cow":1,"minecraft:player":11,"the_anomaly:anomaly_attack_crawl":3,"the_one_who_watches:toww_hunting":1,"minecraft:creeper":4,"the_anomaly:anomaly_attack":1,"arphex:hornet_harbinger":3,"old_goatman:old_goatman":1,"the_rake:the_rake":3,"steve_dweller:steve_dweller":1,"arphex:centipede_evictor":5,"sanitydim:rotting_stalker":2,"the_mangle:the_mangle":4,"mimicer:mimicer":2,"arphex:tiny_centipede_breacher":1,"endofherobrine:villager":2,"minecraft:skeleton":2,"minecraft:zombie":1,"endofherobrine:pigman":1,"cave_dweller:cave_dweller":1,"demonic_watcher:demonic_watcher":1,"midnightlurker:midnight_lurker_unprovoked":1},"minecraft:crafted":{"epicfight:diamond_greatsword":1,"epicfight:diamond_dagger":2,"biomesoplenty:mahogany_planks":28,"minecraft:furnace":2,"minecraft:stone":3,"sanitydim:garland":10,"minecraft:cooked_mutton":2,"minecraft:dark_oak_door":3,"minecraft:iron_boots":1,"minecraft:iron_axe":2,"minecraft:dark_oak_planks":24,"minecraft:cooked_beef":9,"minecraft:cooked_porkchop":14,"minecraft:spruce_planks":40,"minecraft:iron_helmet":1,"minecraft:baked_potato":2,"minecraft:bucket":2,"minecraft:birch_planks":68,"minecraft:air":0,"minecraft:iron_chestplate":2,"minecraft:diamond_pickaxe":1,"minecraft:shield":1,"minecraft:stick":8,"minecraft:iron_ingot":63,"minecraft:iron_pickaxe":1,"minecraft:iron_leggings":1,"minecraft:torch":4},"minecraft:broken":{"minecraft:iron_boots":1,"minecraft:iron_leggings":1,"sanitydim:garland":10,"minecraft:iron_axe":1,"minecraft:iron_sword":1,"minecraft:iron_pickaxe":1},"minecraft:dropped":{"arphex:burning_glands":3,"minecraft:birch_planks":4,"minecraft:wheat_seeds":16,"minecraft:lilac":2,"minecraft:glow_ink_sac":1,"minecraft:dripstone_block":3,"minecraft:orange_tulip":4,"minecraft:feather":1,"minecraft:cobblestone":18,"biomesoplenty:mahogany_planks":2,"minecraft:cyan_terracotta":1,"minecraft:dirt":1,"minecraft:rose_bush":32,"gravestone:obituary":125,"minecraft:sunflower":8,"minecraft:white_banner":2,"minecraft:iron_pickaxe":1,"minecraft:bucket":1,"minecraft:pink_tulip":2,"minecraft:gravel":4,"minecraft:white_tulip":5,"minecraft:moss_carpet":2,"minecraft:cobbled_deepslate":2,"minecraft:raw_copper":9,"minecraft:birch_sapling":15,"minecraft:pointed_dripstone":48,"minecraft:rotten_flesh":31,"minecraft:clay_ball":140,"minecraft:azure_bluet":6,"minecraft:lily_of_the_valley":7,"travelersbackpack:pumpkin":1,"minecraft:stone":6,"minecraft:iron_chestplate":1,"sanitydim:garland":1,"minecraft:oak_sapling":5,"minecraft:spider_eye":5,"arphex:fly_appendage":3},"minecraft:used":{"biomesoplenty:mahogany_planks":39,"minecraft:spruce_planks":57,"minecraft:shield":15,"minecraft:iron_sword":429,"minecraft:cooked_chicken":5,"minecraft:torch":12,"minecraft:dirt":25,"minecraft:mutton":13,"sanitydim:garland":1,"minecraft:dark_oak_planks":26,"minecraft:red_tulip":1,"minecraft:iron_axe":193,"epicfight:diamond_greatsword":33,"minecraft:light_gray_wool":1,"minecraft:bow":32,"minecraft:furnace":2,"travelersbackpack:cake":10,"minecraft:cooked_beef":1,"minecraft:cobbled_deepslate":27,"minecraft:pointed_dripstone":1,"minecraft:cooked_mutton":2,"epicfight:skillbook":2,"minecraft:birch_planks":92,"minecraft:oak_planks":6,"minecraft:blue_bed":4,"minecraft:dripstone_block":14,"minecraft:dark_oak_door":3,"minecraft:spruce_log":1,"minecraft:diamond_pickaxe":10,"minecraft:bread":5,"minecraft:chicken":7,"minecraft:iron_pickaxe":248,"minecraft:lilac":1,"epicfight:diamond_dagger":17,"minecraft:cobblestone":67,"minecraft:purple_bed":3,"minecraft:white_banner":1,"minecraft:cooked_porkchop":14,"minecraft:porkchop":12,"minecraft:bucket":3,"minecraft:birch_log":2,"minecraft:gray_wool":1},"minecraft:picked_up":{"minecraft:azure_bluet":6,"minecraft:chicken":11,"minecraft:clay_ball":140,"gravestone:obituary":71,"minecraft:string":28,"minecraft:moss_carpet":2,"minecraft:raw_copper":9,"minecraft:cobbled_deepslate":35,"minecraft:spruce_planks":20,"minecraft:beef":9,"minecraft:white_tulip":5,"minecraft:rose_bush":32,"minecraft:poppy":41,"minecraft:iron_pickaxe":1,"minecraft:light_gray_wool":1,"minecraft:birch_sapling":15,"minecraft:stick":10,"minecraft:raw_iron":67,"minecraft:stone":3,"minecraft:torch":9,"arphex:maggot_grub":2,"epicfight:skillbook":2,"minecraft:porkchop":26,"minecraft:pointed_dripstone":49,"minecraft:carrot":1,"minecraft:redstone":1,"minecraft:dark_oak_planks":8,"minecraft:arrow":27,"minecraft:rotten_flesh":38,"minecraft:red_tulip":1,"minecraft:cyan_terracotta":1,"minecraft:pink_tulip":3,"minecraft:saddle":1,"minecraft:mutton":20,"minecraft:white_wool":11,"minecraft:cobblestone":99,"minecraft:birch_log":19,"minecraft:feather":23,"minecraft:lilac":3,"minecraft:glow_ink_sac":1,"minecraft:leather":10,"minecraft:birch_planks":34,"sanitydim:garland":1,"minecraft:blue_bed":4,"minecraft:dirt":26,"minecraft:white_banner":3,"minecraft:bone":28,"travelersbackpack:cake":2,"minecraft:bow":3,"minecraft:orange_tulip":18,"minecraft:wheat_seeds":16,"arphex:burning_glands":3,"minecraft:cooked_chicken":5,"minecraft:oak_planks":3,"biomesoplenty:mahogany_planks":13,"iceandfire:amphithere_feather":3,"minecraft:dandelion":10,"minecraft:dripstone_block":17,"minecraft:gravel":4,"minecraft:spruce_log":7,"minecraft:lily_of_the_valley":7,"minecraft:dark_oak_log":6,"minecraft:spider_eye":5,"biomesoplenty:mahogany_log":7,"arphex:fly_appendage":3,"minecraft:purple_bed":3,"minecraft:diamond":11,"minecraft:gray_wool":1,"minecraft:oak_sapling":5,"minecraft:coal":21,"minecraft:sunflower":8}},"DataVersion":3120}